product_id,handle,old_type,new_type,reason
gid://shopify/Product/115805126676,,Bracelet,Bracelets,plural convention
gid://shopify/Product/4115499679815,,Bracelet,Bracelets,plural convention
gid://shopify/Product/4115540803655,,Bracelet,Bracelets,plural convention
gid://shopify/Product/4870632013895,,Bracelet,Bracelets,plural convention
gid://shopify/Product/6636217172039,,Bracelet,Bracelets,plural convention
gid://shopify/Product/6636217434183,,Bracelet,Bracelets,plural convention
gid://shopify/Product/6636217598023,,Bracelet,Bracelets,plural convention
gid://shopify/Product/6636217729095,,Bracelet,Bracelets,plural convention
gid://shopify/Product/6636217958471,,Bracelet,Bracelets,plural convention
gid://shopify/Product/6636218089543,,Bracelet,Bracelets,plural convention
gid://shopify/Product/6636218449991,,Bracelet,Bracelets,plural convention
gid://shopify/Product/6636218515527,,Bracelet,Bracelets,plural convention
gid://shopify/Product/6636218581063,,Bracelet,Bracelets,plural convention
gid://shopify/Product/6636219138119,,Bracelet,Bracelets,plural convention
gid://shopify/Product/6636219203655,,Bracelet,Bracelets,plural convention
gid://shopify/Product/6636219269191,,Bracelet,Bracelets,plural convention
gid://shopify/Product/6636219334727,,Bracelet,Bracelets,plural convention
gid://shopify/Product/6636219367495,,Bracelet,Bracelets,plural convention
gid://shopify/Product/6636219433031,,Bracelet,Bracelets,plural convention
gid://shopify/Product/6636219465799,,Bracelet,Bracelets,plural convention
gid://shopify/Product/7509936144455,,Bracelet,Bracelets,plural convention
gid://shopify/Product/7509938274375,,Bracelet,Bracelets,plural convention
gid://shopify/Product/7509938405447,,Bracelet,Bracelets,plural convention
gid://shopify/Product/7509942009927,,Bracelet,Bracelets,plural convention
gid://shopify/Product/7509945745479,,Bracelet,Bracelets,plural convention
gid://shopify/Product/7509948530759,,Bracelet,Bracelets,plural convention
gid://shopify/Product/7509948661831,,Bracelet,Bracelets,plural convention
gid://shopify/Product/7509950431303,,Bracelet,Bracelets,plural convention
gid://shopify/Product/7509950857287,,Bracelet,Bracelets,plural convention
gid://shopify/Product/7509960917063,,Bracelet,Bracelets,plural convention
gid://shopify/Product/7584544489543,,Bracelet,Bracelets,plural convention
gid://shopify/Product/7584547143751,,Bracelet,Bracelets,plural convention
gid://shopify/Product/7584547176519,,Bracelet,Bracelets,plural convention
gid://shopify/Product/7584547274823,,Bracelet,Bracelets,plural convention
gid://shopify/Product/7584547307591,,Bracelet,Bracelets,plural convention
gid://shopify/Product/7584547340359,,Bracelet,Bracelets,plural convention
gid://shopify/Product/7584547373127,,Bracelet,Bracelets,plural convention
gid://shopify/Product/7584547438663,,Bracelet,Bracelets,plural convention
gid://shopify/Product/7584547471431,,Bracelet,Bracelets,plural convention
gid://shopify/Product/7584547504199,,Bracelet,Bracelets,plural convention
gid://shopify/Product/7584547569735,,Bracelet,Bracelets,plural convention
gid://shopify/Product/7584547733575,,Bracelet,Bracelets,plural convention
gid://shopify/Product/7584547766343,,Bracelet,Bracelets,plural convention
gid://shopify/Product/7584578961479,,Earring,Earrings,plural convention
gid://shopify/Product/7584578994247,,Earring,Earrings,plural convention
gid://shopify/Product/7584579027015,,Earring,Earrings,plural convention
gid://shopify/Product/7584579059783,,Earring,Earrings,plural convention
gid://shopify/Product/7584579092551,,Earring,Earrings,plural convention
gid://shopify/Product/7584579256391,,Earring,Earrings,plural convention
gid://shopify/Product/7584579289159,,Earring,Earrings,plural convention
gid://shopify/Product/7584579321927,,Earring,Earrings,plural convention
gid://shopify/Product/7584579354695,,Earring,Earrings,plural convention
gid://shopify/Product/7584579387463,,Earring,Earrings,plural convention
gid://shopify/Product/7584579420231,,Earring,Earrings,plural convention
gid://shopify/Product/7584579452999,,Earring,Earrings,plural convention
gid://shopify/Product/7584579485767,,Earring,Earrings,plural convention
gid://shopify/Product/7584579551303,,Earring,Earrings,plural convention
gid://shopify/Product/7584579616839,,Earring,Earrings,plural convention
gid://shopify/Product/7584579911751,,Earring,Earrings,plural convention
gid://shopify/Product/7584579944519,,Earring,Earrings,plural convention
gid://shopify/Product/7584579977287,,Earring,Earrings,plural convention
gid://shopify/Product/7584580075591,,Earring,Earrings,plural convention
gid://shopify/Product/7584583090247,,Earring,Earrings,plural convention
gid://shopify/Product/7584583221319,,Earring,Earrings,plural convention
gid://shopify/Product/7584583352391,,Earring,Earrings,plural convention
gid://shopify/Product/1567592054855,,Necklace,Necklaces,plural convention
gid://shopify/Product/7509938667591,,Necklace,Necklaces,plural convention
gid://shopify/Product/7509952856135,,Necklace,Necklaces,plural convention
gid://shopify/Product/7584569393223,,Necklace,Necklaces,plural convention
gid://shopify/Product/7584569425991,,Necklace,Necklaces,plural convention
gid://shopify/Product/7584569491527,,Necklace,Necklaces,plural convention
gid://shopify/Product/7584569524295,,Necklace,Necklaces,plural convention
gid://shopify/Product/7584569557063,,Necklace,Necklaces,plural convention
gid://shopify/Product/7584569589831,,Necklace,Necklaces,plural convention
gid://shopify/Product/7584569622599,,Necklace,Necklaces,plural convention
gid://shopify/Product/7584569655367,,Necklace,Necklaces,plural convention
gid://shopify/Product/7584569720903,,Necklace,Necklaces,plural convention
gid://shopify/Product/7584569753671,,Necklace,Necklaces,plural convention
gid://shopify/Product/7584569786439,,Necklace,Necklaces,plural convention
gid://shopify/Product/7584569819207,,Necklace,Necklaces,plural convention
gid://shopify/Product/7584569851975,,Necklace,Necklaces,plural convention
gid://shopify/Product/7584569884743,,Necklace,Necklaces,plural convention
gid://shopify/Product/7584569950279,,Necklace,Necklaces,plural convention
gid://shopify/Product/7584569983047,,Necklace,Necklaces,plural convention
gid://shopify/Product/7584570015815,,Necklace,Necklaces,plural convention
gid://shopify/Product/7584570048583,,Necklace,Necklaces,plural convention
gid://shopify/Product/7584570081351,,Necklace,Necklaces,plural convention
gid://shopify/Product/7584570114119,,Necklace,Necklaces,plural convention
gid://shopify/Product/7584570146887,,Necklace,Necklaces,plural convention
gid://shopify/Product/7584570212423,,Necklace,Necklaces,plural convention
gid://shopify/Product/7584570245191,,Necklace,Necklaces,plural convention
gid://shopify/Product/7584570310727,,Necklace,Necklaces,plural convention
gid://shopify/Product/7584570343495,,Necklace,Necklaces,plural convention
gid://shopify/Product/7584570376263,,Necklace,Necklaces,plural convention
gid://shopify/Product/7584570409031,,Necklace,Necklaces,plural convention
gid://shopify/Product/7584570441799,,Necklace,Necklaces,plural convention
gid://shopify/Product/7584570474567,,Necklace,Necklaces,plural convention
gid://shopify/Product/7584570507335,,Necklace,Necklaces,plural convention
gid://shopify/Product/7584570572871,,Necklace,Necklaces,plural convention
gid://shopify/Product/7584570605639,,Necklace,Necklaces,plural convention
gid://shopify/Product/7584570638407,,Necklace,Necklaces,plural convention
gid://shopify/Product/7584570671175,,Necklace,Necklaces,plural convention
gid://shopify/Product/7584570703943,,Necklace,Necklaces,plural convention
gid://shopify/Product/7584570736711,,Necklace,Necklaces,plural convention
gid://shopify/Product/7584570769479,,Necklace,Necklaces,plural convention
gid://shopify/Product/7584570933319,,Necklace,Necklaces,plural convention
gid://shopify/Product/7584570998855,,Necklace,Necklaces,plural convention
gid://shopify/Product/7584571064391,,Necklace,Necklaces,plural convention
gid://shopify/Product/7584571129927,,Necklace,Necklaces,plural convention
gid://shopify/Product/7584571195463,,Necklace,Necklaces,plural convention
gid://shopify/Product/7584571326535,,Necklace,Necklaces,plural convention
gid://shopify/Product/7584571392071,,Necklace,Necklaces,plural convention
gid://shopify/Product/7584571457607,,Necklace,Necklaces,plural convention
gid://shopify/Product/7584571490375,,Necklace,Necklaces,plural convention
gid://shopify/Product/7584571523143,,Necklace,Necklaces,plural convention
gid://shopify/Product/7584571621447,,Necklace,Necklaces,plural convention
gid://shopify/Product/7584571654215,,Necklace,Necklaces,plural convention
gid://shopify/Product/7584571719751,,Necklace,Necklaces,plural convention
gid://shopify/Product/7584571752519,,Necklace,Necklaces,plural convention
gid://shopify/Product/7584571818055,,Necklace,Necklaces,plural convention
gid://shopify/Product/7584571850823,,Necklace,Necklaces,plural convention
gid://shopify/Product/7509936209991,,Ring,Rings,plural convention
gid://shopify/Product/7509940076615,,Ring,Rings,plural convention
gid://shopify/Product/7509941813319,,Ring,Rings,plural convention
gid://shopify/Product/7509941911623,,Ring,Rings,plural convention
gid://shopify/Product/7509942075463,,Ring,Rings,plural convention
gid://shopify/Product/7509946335303,,Ring,Rings,plural convention
gid://shopify/Product/7509946499143,,Ring,Rings,plural convention
gid://shopify/Product/7509946630215,,Ring,Rings,plural convention
gid://shopify/Product/7509946761287,,Ring,Rings,plural convention
gid://shopify/Product/7509946925127,,Ring,Rings,plural convention
gid://shopify/Product/7509947121735,,Ring,Rings,plural convention
gid://shopify/Product/7509947252807,,Ring,Rings,plural convention
gid://shopify/Product/7509947383879,,Ring,Rings,plural convention
gid://shopify/Product/7509948137543,,Ring,Rings,plural convention
gid://shopify/Product/7509951840327,,Ring,Rings,plural convention
gid://shopify/Product/7509958230087,,Ring,Rings,plural convention
gid://shopify/Product/7509961572423,,Ring,Rings,plural convention
gid://shopify/Product/7274252632135,,Solitaire Ring,Rings,plural convention
gid://shopify/Product/7274252664903,,Solitaire Ring,Rings,plural convention
gid://shopify/Product/7274252697671,,Solitaire Ring,Rings,plural convention
gid://shopify/Product/7274252795975,,Solitaire Ring,Rings,plural convention
gid://shopify/Product/7274252828743,,Solitaire Ring,Rings,plural convention
gid://shopify/Product/7274252861511,,Solitaire Ring,Rings,plural convention
gid://shopify/Product/7509952692295,,Solitaire Ring,Rings,plural convention
gid://shopify/Product/7274252894279,,Solitaire Wedding Ring,Rings,plural convention
gid://shopify/Product/7509955182663,,Solitaire Wedding Ring,Rings,plural convention
gid://shopify/Product/7509955084359,,Wedding Band,Rings,plural convention
gid://shopify/Product/6950478807111,,Bangle,Bracelets,plural convention
gid://shopify/Product/7186253348935,,Bangle,Bracelets,plural convention
gid://shopify/Product/7388803366983,,Bangle,Bracelets,plural convention
gid://shopify/Product/7584546816071,,Tennis Bracelet,Bracelets,plural convention
gid://shopify/Product/7584546848839,,Tennis Bracelet,Bracelets,plural convention
gid://shopify/Product/7584546881607,,Tennis Bracelet,Bracelets,plural convention
gid://shopify/Product/7584546947143,,Tennis Bracelet,Bracelets,plural convention
gid://shopify/Product/7584546979911,,Tennis Bracelet,Bracelets,plural convention
gid://shopify/Product/7584547045447,,Tennis Bracelet,Bracelets,plural convention
gid://shopify/Product/7584547110983,,Tennis Bracelet,Bracelets,plural convention
gid://shopify/Product/4870653313095,,Pendant,Pendants,plural convention
gid://shopify/Product/4870654263367,,Pendant,Pendants,plural convention
gid://shopify/Product/4870655246407,,Pendant,Pendants,plural convention
gid://shopify/Product/7509942140999,,Pendant,Pendants,plural convention
gid://shopify/Product/7509948891207,,Pendant,Pendants,plural convention
gid://shopify/Product/7509952036935,,Pendant,Pendants,plural convention
gid://shopify/Product/7509954330695,,Pendant,Pendants,plural convention
gid://shopify/Product/7509961539655,,Pendant,Pendants,plural convention
gid://shopify/Product/7509961703495,,Pendant,Pendants,plural convention
gid://shopify/Product/7509962129479,,Brooch,Brooches,plural convention
gid://shopify/Product/6824924348487,,Watches,Watch,AGENTS.md: Watch is singular; archived
gid://shopify/Product/6824926642247,,Watches,Watch,AGENTS.md: Watch is singular; archived
gid://shopify/Product/1565485826119,necklace,,Pendants,title 'Diamond Pendant Necklace'; category Pendants
gid://shopify/Product/1582453424199,necklace-12,,Necklaces,description '18 inches'
gid://shopify/Product/1582765408327,necklace-13,,Pendants,Hamsa pendant on 15-18in chain
gid://shopify/Product/6676624867399,eternity-wedding-band-round-diamonds,,Rings,title: eternity band
gid://shopify/Product/6734397734983,mens-two-tone-inlay-matte-wedding-band,,Rings,title: wedding band
gid://shopify/Product/6741055864903,mens-hammered-style-in-lay-wedding-band,,Rings,title: wedding band
gid://shopify/Product/6741056487495,mens-two-tone-hammered-style-inlay-matte-wedding-band,,Rings,title: wedding band
gid://shopify/Product/6741066055751,mens-inlay-milgrain-matte-wedding-band,,Rings,title: wedding band
gid://shopify/Product/7088746397767,bar-pendant-necklace,,Pendants,title 'Bar Diamond Pendant Necklace'
gid://shopify/Product/7204915839047,3-40mm-hollow-square-franco-chain-in-14k-gold,,Necklaces,chain; category Necklaces
gid://shopify/Product/7274251812935,rose-gold-band-with-white-sapphires,,Rings,title: band
gid://shopify/Product/7274252271687,chandelier-pendant-necklace,,Necklaces,category Necklaces
gid://shopify/Product/7274252369991,diamond-cross,,Pendants,category Charms & Pendants
gid://shopify/Product/7274252402759,side-diamond-cross,,Necklaces,category Necklaces
gid://shopify/Product/7481350619207,chimento-diamond-pendant-necklace,,Pendants,category Charms & Pendants
gid://shopify/Product/7481364807751,channel-set-sapphire-in-diamond-stackable-band,,Rings,title: band
gid://shopify/Product/7481364938823,channel-set-diamond-stackable-eternity-band,,Rings,title: band
gid://shopify/Product/7481367035975,oval-rubies-round-diamond-stackable-band,,Rings,title: band
gid://shopify/Product/7481367167047,bar-set-diamond-stackable-band,,Rings,title: band
gid://shopify/Product/7645293379655,jacob-amp-company-limited-edition-five-time-zone-automatic-h-24,,Watch,watch; category Watches
gid://shopify/Product/1582161264711,necklace-11,Diamonds by the Yard,Necklaces,category Necklaces
gid://shopify/Product/7509953773639,tiffany-co-18k-rose-gold-diamond-by-the-yard-diamonds-by-the-yard-necklace-rr9911,Dog Tag,Necklaces,title says Necklace
gid://shopify/Product/7582628446279,dutch-marquise-engagement-ring-set,Jewelry Set,Rings,ring set; category Rings
gid://shopify/Product/6663447904327,moissanite-engagement-ring,Jewelry,Rings,title: engagement ring
gid://shopify/Product/6835050872903,14k-yellow-gold-rose-gold-white-gold-fancy-double-link-womens-bracelet,Jewelry,Bracelets,title: bracelet
gid://shopify/Product/6835053002823,14k-yellow-gold-paper-clip-id-womens-bracelet,Jewelry,Bracelets,title: bracelet
gid://shopify/Product/6835053068359,14k-yellow-gold-double-rolo-heart-womens-bracelet,Jewelry,Bracelets,title: bracelet
gid://shopify/Product/6835053101127,14k-yellow-gold-paper-clip-chain-womens-bracelet-2,Jewelry,Bracelets,title: bracelet
gid://shopify/Product/7274252927047,round-shape-hidden-halo-engagement-ring-lab-grown,Jewelry,Rings,title: engagement ring
gid://shopify/Product/7388917137479,round-diamond-clarity-enhanced-engagement-ring,Jewelry,Rings,title: engagement ring
gid://shopify/Product/7450498367559,marquise-diamond-east-west-set-engagement-ring-lab-grown,Jewelry,Rings,title: ring
