redirect_id,path,target
270092402759,/products/14k-singapore-chain-adjustable-womens-anklet,/
275068354631,/products/14k-yellow-gold-enamel-alternating-bar-womens-necklace-4,/
275069468743,/products/14k-yellow-gold-strand-horse-bit-womens-necklace,/
275074744391,/products/14k-yellow-gold-womens-earrings-2,/
275074973767,/products/14k-white-gold-huggie-mini-hoop-womens-earrings,/
275078938695,/products/14k-yellow-gold-heart-dangle-adjustable-womens-anklet,/
275079135303,/products/14k-yellow-gold-wave-womens-ring,/
275080413255,/products/14k-yellow-gold-plate-curb-chain-womens-ring,/
275089621063,/products/14k-yellow-gold-station-rolo-chain-womens-anklet,/
275089752135,/products/14k-pear-shaped-diamond-bezel-womens-ring,/
275089915975,/products/14k-yellow-gold-axis-chain-adjustable-womens-anklet,/
275094896711,/products/14k-anchor-chain-womens-anklet,/
275098370119,/products/14k-yellow-gold-on-paper-clip-womens-chain,/
275098861639,/products/14k-full-disk-adjustable-womens-anklet,/
275289833543,/products/14k-yellow-gold-evil-eye-station-womens-chain,/
275292192839,/products/14k-yellow-gold-round-link-womens-bracelet,/
275307724871,/products/14k-yellow-gold-mini-cat-bolo-womens-bracelet,/
275307954247,/products/14k-yellow-gold-zig-zag-band-womens-ring,/
275308150855,/products/14k-hollow-wheat-chain-womens-bracelet,/
275308183623,/products/14k-yellow-gold-mini-bar-womens-necklace-4,/
275308216391,/products/14k-yellow-gold-n-spike-hoop-womens-earrings,/
275310346311,/products/14k-initial-id-cuff-womens-bangle,/
275311558727,/products/14k-yellow-gold-double-beaded-wire-womens-ring,/
275311689799,/products/14k-stations-thin-band-womens-ring,/
275311853639,/products/14k-yellow-gold-polished-san-marco-womens-bracelet,/
275312148551,/products/14k-sideways-cross-womens-ring-2,/
275318308935,/products/14k-yellow-gold-white-gold-stamping-link-chain-womens-anklet,/
275321258055,/products/14k-rose-gold-white-gold-curved-staple-bar-womens-earrings,/
275328237639,/products/14k-yellow-gold-fluted-butterfly-womens-necklace,/
275329187911,/products/14k-white-gold-curved-staple-bar-womens-earrings,/
275385548871,/products/14k-yellow-gold-womens-earrings,/
275388694599,/products/14k-yellow-gold-honeycomb-huggie-hoop-womens-earrings,/
275390595143,/products/14k-yellow-gold-cable-split-womens-chain,/
275390627911,/products/14k-figaro-chain-adjustable-womens-anklet,/
275391152199,/products/14k-yellow-gold-dangle-trio-adjustable-womens-anklet,/
275391873095,/products/14k-yellow-gold-bead-station-womens-anklet,/
275393871943,/products/14k-yellow-gold-and-saturn-adjustable-womens-anklet,/
275410550855,/products/14k-womens-polished-mini-womens-hoop,/
275424903239,/products/14k-yellow-gold-diamond-lined-wire-threader-womens-earrings,/
275424968775,/products/14k-mini-heart-bolo-womens-bracelet,/
275425067079,/products/14k-2-1mm-dorica-womens-chain,/
275439517767,/products/14k-yellow-gold-fluted-polished-hexagon-adjustable-womens-anklet,/
275448823879,/products/14k-yellow-gold-puffed-star-threader-womens-earrings,/
275449086023,/products/14k-yellow-gold-50-50-paper-clip-womens-necklace,/
275449774151,/products/14k-yellow-gold-medium-huggie-womens-earrings,/
275454656583,/products/14k-yellow-gold-lock-curb-chain-womens-bracelet,/
275454722119,/products/14k-curb-with-lobster-womens-lock,/
275462651975,/products/14k-yellow-gold-wrap-around-bypass-womens-ring,/
275471302727,/products/14k-diamond-cutout-wire-womens-ring,/
275510427719,/products/14k-yellow-gold-evil-eye-station-womens-bracelet-2,/
275513114695,/products/14k-white-gold-sapphire-bezel-wire-womens-ring,/
275517833287,/products/14k-yellow-gold-heart-paper-clip-womens-bracelet,/
275519176775,/products/14k-yellow-gold-safety-pin-threader-womens-earrings,/
275523993671,/products/14k-womens-reversible-cz-huggie-womens-earrings,/
275527008327,/products/14k-1-40mm-womens-curb,/
275527434311,/products/14k-womens-mini-huggie-womens-earrrings,/
275527827527,/products/14k-yellow-gold-6-1-rolo-chain-womens-bracelet,/
275540279367,/products/14k-yellow-gold-paper-clip-stud-womens-earrings,/
275540639815,/products/14k-yellow-gold-white-gold-reversible-huggie-hoop-womens-earrings,/
275549061191,/products/14k-yellow-gold-enamel-alternating-bar-womens-necklace,/
275550699591,/products/14k-yellow-gold-paper-clip-womens-anklet-2,/
275560038471,/products/14k-yellow-gold-3-75mm-hollow-rolo-womens-chain,/
275562954823,/products/14k-yellow-gold-huggie-wide-hoop-womens-earrings,/
275563675719,/products/14k-yellow-gold-domed-puff-womens-ring,/
275563839559,/products/14k-womens-vertical-bar-womens-earrings,/
275567083591,/products/14k-yellow-gold-and-diamond-cut-bar-womens-bracelet,/
275575767111,/products/14k-womens-square-wire-huggie-womens-earrings,/
275577307207,/products/14k-yellow-gold-puff-love-adjustable-womens-necklace,/
275581075527,/products/14k-yellow-gold-triple-heart-adjustable-womens-necklace,/
275581894727,/products/14k-yellow-gold-enamel-sideways-cross-womens-bracelet,/
275584254023,/products/14k-yellow-gold-enamel-layered-lariat-womens-necklace-4,/
275630555207,/products/14k-yellow-gold-small-huggie-womens-earrings,/
275650117703,/products/14k-yellow-gold-paper-clip-hoop-womens-earrings-2,/
275652608071,/products/14k-1-05mm-d-c-wheat-womens-chain,/
275652771911,/products/14k-yellow-gold-paper-clip-linked-womens-earrings,/
275724206151,/products/14k-yellow-gold-clip-curb-womens-earrings,/
275734790215,/products/14k-flat-mariner-chain-womens-anklet,/
275735445575,/products/14k-yellow-gold-disc-dangle-adjustable-womens-anklet-2,/
276071120967,/products/14k-yellow-gold-round-geometric-huggie-womens-earrings,/
276072169543,/products/14k-womens-puffy-polished-womens-hoop,/
276084424775,/products/14k-white-gold-small-high-polished-womens-hoops,/
276091797575,/products/14k-yellow-gold-neon-yellow-enamel-womens-ring,/
276092026951,/products/14k-yellow-gold-elephant-and-heart-womens-bracelet,/
276093009991,/products/14k-diamond-solitair-wrap-womens-ring,/
276100776007,/products/14k-yellow-gold-mini-heart-womens-ring,/
276105363527,/products/14k-yellow-gold-paper-clip-dangle-womens-earrings-4,/
276169031751,/products/14k-yellow-gold-enamel-alternating-bar-womens-anklet-4,/
276202946631,/products/14k-yellow-gold-station-double-curb-womens-necklace,/
276276150343,/products/14k-womens-chevron-twisted-hinge-womens-hoops,/
276317405255,/products/14k-yellow-gold-alternating-bar-station-womens-bracelet,/
276343685191,/products/14k-yellow-gold-and-twist-adjustable-womens-anklet,/
276345520199,/products/14k-yellow-gold-ribbed-hinge-bangle-womens-bracelet,/
276574109767,/products/14k-yellow-gold-diamond-paw-pendant-womens-necklace,/
276574699591,/products/14k-yellow-gold-barrel-lock-bead-womens-bracelet,/
276575289415,/products/14k-yellow-gold-enamel-bead-piatto-womens-chain-4,/
276588888135,/products/14k-yellow-gold-womens-band-3,/
276590100551,/products/14k-yellow-gold-station-curb-chain-womens-necklace-2,/
276628734023,/products/14k-yellow-gold-enamel-alternating-bar-womens-anklet,/
276647772231,/products/14k-yellow-gold-paper-clip-womens-chain,/
276648525895,/products/14k-yellow-gold-channel-12mm-hoop-womens-earrings,/
276669333575,/products/14k-yellow-gold-paper-clip-hoop-womens-earrings-3,/
276951629895,/products/14k-yellow-gold-clip-chain-id-butterfly-womens-bracelet,/
276951826503,/products/14k-yellow-gold-oval-onyx-signet-womens-ring,/
277085978695,/products/14k-yellow-gold-emerald-bezel-wire-womens-ring,/
277127987271,/products/14k-yellow-gold-set-diamond-charm-womens-anklet,/
277164982343,/products/14k-yellow-gold-paper-clip-chain-womens-bracelet-3,/
277224194119,/products/14k-yellow-gold-heart-trio-adjustable-womens-anklet,/
279752540231,/products/14k-diamond-tipped-open-wire-womens-ring,/
280711790663,/products/14k-womens-design-huggie-hoop-womens-earrings,/
280768413767,/products/14k-yellow-gold-hexagon-bar-signet-womens-ring,/
281626083399,/products/14k-yellow-gold-graduated-dome-signet-womens-ring,/
283415838791,/products/14k-yellow-gold-diamond-open-j-huggie-womens-earrings,/
283661107271,/products/14k-yellow-gold-tapered-reversible-huggie-womens-earrings-2,/
284060090439,/products/14k-yellow-gold-white-gold-dc-huggie-hoop-womens-earrings,/
284547579975,/products/navitimer-b19-chronograph-43-perpetual-calendar-140th-anniversary,/
284730622023,/products/david-webb-unicorn-platinum-18k-yellow-gold-unicorn-black-enamelrubydiamonds-brooch,/
284746645575,/products/14k-yellow-gold-oval-plate-adjustable-womens-choker,/
284752183367,/products/piaget-18k-yellow-gold-9559-d-hexagonal-vintage-ladies-watch,/
284759359559,/products/earring-1,/
284814180423,/products/14k-yellow-gold-enamel-star-medallion-womens-necklace,/
284902752327,/products/14k-arrowhead-bezel-dangle-womens-ring,/
284907110471,/products/david-webb-platinum-18k-yellow-gold-diamond-tiger-animal-brooch,/
284922445895,/products/cartier-18k-rose-gold-captive-55mm-diamond-bezel-and-diamond-dial-watch,/
284963635271,/products/14k-yellow-gold-diamond-cuff-womens-ring-3,/
285077569607,/products/david-webb-platinum-18k-yellow-gold-turquoise-diamond-flower-brooch,/
285840638023,/products/copy-of-cuban-polished-curb-link-gold-bracelet,/
285991993415,/products/bvlgari-tubogas-18k-yellow-gold-quadrato-sq-22-2tg-black-diamond-dial-ladies-watch,/
285998055495,/products/diamond-earring-11,/
286087020615,/products/david-webb-platinum-18k-yellow-gold-black-enamel-goat-diamond-brooch,/
286114316359,/products/copy-of-14k-gold-4-5mm-semi-solid-miami-cuban-link-chain,/
286116642887,/products/david-webb-platinum-18k-yellow-gold-unicorn-brooch,/
286132633671,/products/david-webb-platinum-18k-yellow-gold-rock-crystal-large-maltese-cross-scroll-pendant-brooch,/
286155210823,/products/beaded-wire-ring,/
286159011911,/products/slim-engravable-signet-ring,/
286161731655,/products/david-webb-platinum-18k-yellow-gold-rock-crystal-diamond-frog-brooch,/
286167564359,/products/double-beaded-chevron-design-ring,/
286169432135,/products/diamond-earring-24,/
286205935687,/products/david-webb-platinum-18k-yellow-gold-maltese-diamond-and-emerald-brooch,/
286214520903,/products/cartier-panthere-18k-yellow-gold-factory-diamond-mid-size-ref-12802-watch,/
286228742215,/products/cartier-paris-nouvelle-vague-18k-yellow-gold-blue-lapis-and-diamond-estate-ring,/
286238933063,/products/david-webb-platinum-18k-yellow-gold-monkey-on-a-pearl-and-emerald-eyes-brooch,/
286246469703,/products/open-heart-with-diamond-adjustable-necklace,/
286303289415,/products/copy-of-basket-weave-bangle-gold,/
286718361671,/products/bclip3-2ygsd,/
286793728071,/products/copy-of-cuban-semi-solid-gold-chain-1,/
286828658759,/products/vintage-cartier-platinum-diamond-tulip-ring,/
286853201991,/products/david-webb-platinum-18k-yellow-gold-1970s-carved-jade-dragon-style-estate-ring,/
286937415751,/products/14k-yellow-gold-ruby-bezel-dangle-womens-ring,/
286953046087,/products/cartier-panthere-18k-yellow-gold-ceramic-ring-pendant-necklace,/
287035523143,/products/bvlgari-18k-yellow-gold-bb-33-dgg-33mm-diamond-dial-watch,/
287067045959,/products/cartier-18k-white-gold-diamond-spotlight-necklace,/
287114231879,/products/cartier-trinity-18k-yellow-gold-diamond-slip-on-bracelet,/
287120457799,/products/platinum-1940s-8-00cttw-diamond-double-clip-brooch,/
287233179719,/products/van-cleef-arpels-18k-yellow-gold-turquoise-rose-de-noel-large-model-brooch,/
287473893447,/products/diamond-earring-25,/
287620988999,/products/cartier-paris-nouvelle-vague-18k-yellow-gold-lapis-lazuli-diamond-ring,/
287656607815,/products/cartier-18k-yellow-gold-panther-head-tie-pin-brooch,/
287746457671,/products/tiffany-co-2-11-carat-f-color-vvs2-clarity-six-prong-solitaire-ring,/
287846367303,/products/open-bangle-black-diamond-pave-and-gold-dotted-ring,/
287992348743,/products/diamond-earring-18,/
288048283719,/products/breitling-superocean-heritageb20-automatic-47,/
288138887239,/products/lab-grown-3-21ct-18k-yellow-gold-round-shape-necklace,/
288265044039,/products/cartier-panthere-18k-white-gold-bangle,/
288302071879,/products/cartier-delices-de-goa-amethyst-and-coral-boule-ring,/
288490324039,/products/cartier-trinity-diamond-ring-ring-size-6,/
288607993927,/products/cartier-panthere-tassel-18k-yellow-gold-pendant-necklace,/
288659734599,/products/vintage-cartier-trinity-18k-tri-color-gold-diamond-bracelet-16mmches,/
288677789767,/products/cartier-panthere-18k-yellow-gold-cufflinks,/
288796377159,/products/cartier-entrelaces-c-de-cartier-18k-yellow-gold-diamond-ring-ring-size-52,/
288821608519,/products/cartier-18k-white-gold-pave-diamond-heart-necklace-15-inches,/
288850509895,/products/vintage-aldo-cipullo-18k-rose-gold-pave-diamond-hamsa-hand-pendant,/
288864632903,/products/cartier-panthere-de-cartier-18k-white-gold-diamond-necklace,/
288963919943,/products/cartier-18k-yellow-gold-ball-cufflinks-1-1-inch,/
289214136391,/products/copy-of-hamsa-hand-in-gold-with-diamonds-1,/
289219182663,/products/david-webb-18k-gold-platinum-enamel-bracelet-signed-designer-estate-21,/
289219215431,/products/david-webb-vintage-earrings-18k-yellow-gold-and-platinum-7-cts-diamond,/
289219248199,/products/david-webb-estate-ring-18k-yellow-gold-and-platinum-52,/
289219280967,/products/david-webb-necklace-18k-yellow-gold-and-platinum-7,/
289219313735,/products/david-webb-necklace-18k-yellow-gold-and-platinum-25-cts-diamond,/
289219346503,/products/david-webb-estate-ring-18k-yellow-gold-and-platinum-44,/
289219379271,/products/david-webb-cuff-links,/
289219412039,/products/david-webb-earrings-18k-yellow-gold-11,/
289219444807,/products/david-webb-platinum-ring-signed-designer-estate,/
289219477575,/products/david-webb-estate-ring-18k-white-gold-and-platinum-1,/
289219543111,/products/david-webb-brooch-18k-yellow-gold-and-platinum-20-cts-diamond,/
289219641415,/products/david-webb-necklace-18k-yellow-gold-and-platinum-7-cts-diamond,/
289219674183,/products/david-webb-bracelet-18k-yellow-gold-and-platinum-8-cts-diamond,/
289219739719,/products/david-webb-bracelet-18k-yellow-gold-2,/
289219870791,/products/david-webb-brooch-18k-yellow-gold-and-platinum-2,/
289219903559,/products/david-webb-estate-ring-18k-yellow-gold-2-cts-diamond,/
289220067399,/products/david-webb-18k-gold-platinum-diamond-emerald-sapphire-ring-signed-designer-estat,/
289220231239,/products/david-webb-bracelet-18k-yellow-gold-and-platinum-34,/
289220558919,/products/david-webb-brooch-18k-yellow-gold-and-platinum-3,/
289220689991,/products/david-webb-estate-ring-18k-yellow-gold-2,/
289220722759,/products/david-webb-estate-ring-18k-yellow-gold-and-platinum-42,/
289220821063,/products/david-webb-bracelet-18k-yellow-gold-and-platinum-33,/
289220886599,/products/david-webb-necklace-18k-yellow-gold-1,/
289220919367,/products/david-webb-brooch-18k-yellow-gold-and-platinum-15,/
289221083207,/products/david-webb-bracelet-18k-yellow-gold-and-platinum-35,/
289221115975,/products/david-webb-earrings-18k-yellow-gold-and-platinum-7-cts-diamond-1,/
289221214279,/products/david-webb-estate-ring-18k-yellow-gold-3-75-cts-diamond,/
289221247047,/products/david-webb-brooch-18k-yellow-gold-and-platinum-11-5-cts-diamond,/
289221378119,/products/david-webb-estate-ring-18k-yellow-gold-and-platinum-23,/
289221509191,/products/david-webb-18k-gold-platinum-enamel-ring-signed-designer-estate-50,/
289221640263,/products/david-webb-vintage-necklace-platinum,/
289221705799,/products/david-webb-earrings-18k-yellow-gold-and-platinum-7-08-cts-diamond,/
289221836871,/products/david-webb-vintage-brooch-18k-yellow-gold-and-platinum-1,/
289221935175,/products/david-webb-earrings-18k-yellow-gold-and-platinum-26,/
289222131783,/products/david-webb-brooch-18k-yellow-gold-3,/
289222197319,/products/david-webb-earrings-18k-yellow-gold-2,/
289222230087,/products/david-webb-estate-ring-14k-white-gold,/
289222262855,/products/david-webb-cuff-links-18k-yellow-gold-and-platinum,/
289222295623,/products/david-webb-18k-gold-enamel-necklace-signed-designer-estate,/
289222492231,/products/david-webb-18k-gold-diamond-ring-signed-designer-estate-4,/
289222524999,/products/david-webb-earrings-18k-yellow-gold-and-platinum-5,/
289222557767,/products/david-webb-brooch-18k-yellow-gold-and-platinum-26,/
289222688839,/products/david-webb-earrings-18k-yellow-gold-5-cts-diamond,/
289222754375,/products/david-webb-estate-ring-18k-yellow-gold-and-platinum-45,/
289222918215,/products/david-webb-estate-ring-18k-yellow-gold-and-platinum-1-3-cts-diamond,/
289222950983,/products/david-webb-estate-ring-18k-yellow-gold-and-platinum-17,/
289223016519,/products/david-webb-vintage-bracelet-18k-yellow-gold-and-platinum,/
289223049287,/products/vintage-david-webb-18k-gold-platinum-ring-signed-designer-estate-6,/
289223901255,/products/david-webb-earrings-18k-yellow-gold-and-platinum-18,/
289223934023,/products/david-webb-18k-gold-platinum-enamel-brooch-signed-designer-estate-11,/
289223966791,/products/david-webb-necklace-18k-yellow-gold-and-platinum-9-cts-diamond,/
289223999559,/products/david-webb-brooch-18k-yellow-gold-and-platinum-6-7-cts-diamond,/
289224032327,/products/david-webb-18k-gold-platinum-diamond-emerald-brooch-signed-designer-estate,/
289224065095,/products/david-webb-earrings-18k-yellow-gold-8,/
289224097863,/products/david-webb-brooch-18k-yellow-gold-and-platinum-6-5-cts-diamond,/
289224163399,/products/david-webb-earrings-18k-yellow-gold-and-platinum-13-cts-diamond,/
289224196167,/products/david-webb-brooch-18k-yellow-gold-and-platinum-8-6-cts-diamond,/
289224228935,/products/david-webb-earrings-18k-yellow-gold-and-platinum-15,/
289224327239,/products/david-webb-earrings-18k-yellow-gold-and-platinum-47,/
289224360007,/products/david-webb-earrings-18k-yellow-gold-14,/
289224392775,/products/david-webb-brooch-18k-yellow-gold-and-platinum-4-5-cts-diamond,/
289224425543,/products/david-webb-brooch-18k-yellow-gold-and-platinum-8-cts-diamond,/
289224458311,/products/david-webb-necklace-18k-yellow-gold-and-platinum-1-92-cts-diamond,/
289224491079,/products/david-webb-estate-ring-18k-yellow-gold-8,/
289224523847,/products/david-webb-pendant-18k-yellow-gold,/
289224556615,/products/david-webb-estate-ring-18k-yellow-gold-and-platinum-25,/
289224622151,/products/david-webb-estate-ring-18k-yellow-gold-and-platinum-19,/
289224654919,/products/david-webb-necklace-18k-yellow-gold-and-platinum-2,/
289224687687,/products/david-webb-necklace-18k-yellow-gold-3,/
289224720455,/products/david-webb-18k-gold-platinum-enamel-ring-signed-designer-estate-49,/
289224753223,/products/david-webb-estate-ring-18k-yellow-gold-and-platinum-15,/
289224785991,/products/david-webb-bracelet-18k-yellow-gold-and-platinum-22,/
289224818759,/products/david-webb-vintage-brooch-18k-yellow-gold-and-platinum-1-05-cts-diamond,/
289224851527,/products/david-webb-earrings-18k-yellow-gold-and-platinum-10-cts-diamond,/
289224884295,/products/david-webb-brooch-18k-yellow-gold-and-platinum-13,/
289224917063,/products/david-webb-estate-ring-18k-yellow-gold-and-platinum-10-cts-diamond-1,/
289224949831,/products/david-webb-estate-ring-18k-yellow-gold-and-platinum-9,/
289224982599,/products/david-webb-18k-gold-ring-signed-designer-estate-8,/
289225048135,/products/david-webb-estate-ring-18k-yellow-gold-and-platinum-4,/
289225080903,/products/david-webb-brooch-18k-yellow-gold-and-platinum-16,/
289225113671,/products/david-webb-estate-ring-18k-yellow-gold-10,/
289225146439,/products/david-webb-earrings-18k-yellow-gold-and-platinum-8-cts-diamond,/
289225179207,/products/david-webb-necklace-18k-yellow-gold-and-platinum-15-cts-diamond,/
289225211975,/products/david-webb-brooch-18k-yellow-gold-and-platinum-10,/
289225244743,/products/david-webb-bracelet-18k-yellow-gold-and-platinum-17,/
289225277511,/products/david-webb-earrings-18k-yellow-gold-and-platinum-3-cts-diamond-1,/
289225310279,/products/david-webb-bangle-bracelet-18k-yellow-gold-and-platinum-3-5-cts-diamond,/
289225343047,/products/david-webb-bracelet-18k-yellow-gold-and-platinum-25,/
289225375815,/products/david-webb-brooch-18k-yellow-gold-and-platinum-28,/
289225408583,/products/david-webb-18k-gold-platinum-diamond-enamel-ring-signed-designer-estate-13,/
289225441351,/products/david-webb-estate-ring-18k-yellow-gold-and-platinum-58,/
289225474119,/products/david-webb-earrings-18k-yellow-gold-and-platinum-24,/
289225506887,/products/david-webb-earrings-18k-yellow-gold-and-platinum-14,/
289225539655,/products/david-webb-earrings-18k-yellow-gold-3,/
289225605191,/products/david-webb-bracelet-18k-yellow-gold-and-platinum-15,/
289226784839,/products/david-webb-brooch-18k-yellow-gold-and-platinum-21,/
289226817607,/products/david-webb-estate-ring-18k-yellow-gold-and-platinum-41,/
289226915911,/products/david-webb-bracelet-18k-yellow-gold-and-platinum-1,/
289226981447,/products/david-webb-earrings-18k-yellow-gold-and-platinum-55,/
289227669575,/products/david-webb-earrings-18k-yellow-gold-and-platinum-1-5-cts-diamond,/
289228587079,/products/david-webb-estate-ring-18k-yellow-gold-and-platinum-50,/
289228718151,/products/david-webb-earrings-platinum-13-5-cts-diamond,/
289229406279,/products/david-webb-estate-ring-18k-yellow-gold-and-platinum-57,/
289229701191,/products/david-webb-earrings-18k-yellow-gold-and-platinum-50,/
289229766727,/products/david-webb-bracelet-18k-yellow-gold-and-platinum-2,/
289229930567,/products/david-webb-bracelet-18k-yellow-gold-and-platinum-36,/
289230061639,/products/david-webb-vintage-brooch-18k-yellow-gold-and-platinum-20-cts-diamond,/
289230094407,/products/david-webb-estate-ring-18k-yellow-gold-and-platinum-4-cts-diamond-1,/
289232519239,/products/david-webb-estate-ring-18k-yellow-gold-and-platinum-3,/
289233895495,/products/david-webb-necklace-18k-yellow-gold-and-platinum,/
289235075143,/products/david-webb-earrings-18k-yellow-gold-and-platinum-6-cts-diamond-1,/
289235107911,/products/david-webb-earrings-18k-yellow-gold-and-platinum-1-1-cts-diamond,/
289262796871,/products/david-webb-earrings-18k-yellow-gold-4,/
289262862407,/products/david-webb-estate-ring-18k-yellow-gold-and-platinum-35,/
289262895175,/products/david-webb-earrings-18k-yellow-gold-and-platinum-8,/
289262993479,/products/david-webb-estate-ring-18k-yellow-gold-and-platinum-48,/
289263091783,/products/david-webb-estate-ring-18k-yellow-gold-and-platinum-28,/
289263124551,/products/david-webb-earrings-18k-yellow-gold-20,/
289263157319,/products/david-webb-bracelet-18k-yellow-gold-and-platinum-29,/
289263190087,/products/david-webb-estate-ring-18k-yellow-gold-and-platinum-30,/
289263419463,/products/david-webb-brooch-18k-yellow-gold-and-platinum-19,/
289263452231,/products/david-webb-bracelet-18k-yellow-gold-and-platinum-28,/
289263648839,/products/david-webb-earrings-18k-yellow-gold-and-platinum-9-8-cts-diamond,/
289263943751,/products/david-webb-bracelet-18k-yellow-gold-and-platinum-11,/
289263976519,/products/david-webb-estate-ring-platinum-6-cts-diamond,/
289264009287,/products/david-webb-estate-ring-18k-yellow-gold-1-5-cts-diamond,/
289278591047,/products/david-webb-vintage-earrings-18k-yellow-gold-and-platinum,/
289278656583,/products/david-webb-vintage-necklace-18k-yellow-gold-and-platinum,/
289278820423,/products/david-webb-18k-gold-platinum-diamond-emerald-sapphire-signed-designer-estate,/
289278984263,/products/david-webb-earrings-18k-yellow-gold-and-platinum-53,/
289279311943,/products/david-webb-earrings-18k-yellow-gold-and-platinum-33,/
289279344711,/products/david-webb-earrings-platinum-2,/
289279377479,/products/david-webb-earrings-18k-yellow-gold-10,/
289279443015,/products/david-webb-estate-ring-18k-yellow-gold-and-platinum-54,/
289279508551,/products/david-webb-estate-ring-18k-yellow-gold-and-platinum-43,/
289279639623,/products/david-webb-brooch-18k-yellow-gold-2,/
289279737927,/products/david-webb-estate-ring-18k-yellow-gold-4,/
289279770695,/products/david-webb-estate-ring-18k-yellow-gold-and-platinum-22,/
289279803463,/products/david-webb-vintage-earrings-18k-yellow-gold-6-cts-diamond,/
289280032839,/products/david-webb-estate-ring-18k-yellow-gold-6,/
289280098375,/products/david-webb-estate-ring-18k-yellow-gold-3,/
289280196679,/products/david-webb-earrings-18k-yellow-gold-and-platinum-23,/
289280229447,/products/david-webb-18k-gold-platinum-enamel-ring-signed-designer-estate-45,/
289283047495,/products/david-webb-vintage-earrings-18k-yellow-gold-and-platinum-3-cts-diamond,/
289283080263,/products/david-webb-brooch-platinum,/
289283407943,/products/david-webb-necklace-18k-yellow-gold-and-platinum-2-5-cts-diamond,/
289283506247,/products/david-webb-bracelet-18k-yellow-gold-3,/
289283932231,/products/david-webb-brooch-platinum-21-cts-diamond,/
289283964999,/products/david-webb-estate-ring-18k-yellow-gold-and-platinum-7,/
289283997767,/products/david-webb-bracelet-18k-yellow-gold-and-platinum-26,/
289284030535,/products/david-webb-estate-ring-18k-yellow-gold-and-platinum-27,/
289284063303,/products/david-webb-brooch-18k-yellow-gold-and-platinum-15-8-cts-diamond,/
289294975047,/products/david-webb-brooch-18k-white-gold-9-5-cts-diamond,/
289295007815,/products/david-webb-bracelet-18k-yellow-gold-and-platinum,/
289295073351,/products/david-webb-estate-ring-18k-yellow-gold-and-platinum-55,/
289295106119,/products/david-webb-estate-ring-18k-yellow-gold-and-platinum-16,/
289295138887,/products/vintage-david-webb-18k-gold-enamel-ring-signed-designer-estate-1,/
289295237191,/products/david-webb-estate-ring-18k-white-gold-and-platinum,/
289295335495,/products/david-webb-necklace-18k-yellow-gold-and-platinum-1,/
289295368263,/products/david-webb-brooch-18k-yellow-gold-and-platinum-6,/
289295401031,/products/david-webb-brooch-18k-yellow-gold-and-platinum-27,/
289295433799,/products/david-webb-eternity-band-platinum-12-92-cts-diamond,/
289295466567,/products/david-webb-brooch-platinum-20-cts-diamond,/
289295532103,/products/david-webb-earrings-18k-yellow-gold-and-platinum-25,/
289295564871,/products/david-webb-pendant-18k-yellow-gold-and-platinum-7-cts-diamond,/
289343995975,/products/david-webb-brooch-18k-yellow-gold-and-platinum-12-5-cts-diamond,/
289344127047,/products/david-webb-earrings-18k-yellow-gold-and-platinum-6,/
289344225351,/products/david-webb-estate-ring-18k-yellow-gold-and-platinum-32,/
289344421959,/products/david-webb-estate-ring-18k-yellow-gold-and-platinum-11,/
289344618567,/products/david-webb-necklace-18k-yellow-gold-and-platinum-11,/
289344684103,/products/david-webb-necklace-18k-yellow-gold,/
289344946247,/products/david-webb-pendant-18k-yellow-gold-and-platinum-2-cts-diamond,/
289345011783,/products/david-webb-earrings-18k-yellow-gold-and-platinum-2-75-cts-diamond,/
289348976711,/products/david-webb-estate-ring-18k-yellow-gold-and-platinum-12,/
289349042247,/products/david-webb-vintage-bracelet-18k-yellow-gold-and-platinum-2,/
289376141383,/products/cartier-18k-white-gold-lakarda-double-panthere-head-paved-diamond-estate-ring,/
289420279879,/products/david-webb-estate-ring-18k-yellow-gold-and-platinum-34,/
289420378183,/products/david-webb-earrings-18k-yellow-gold-12,/
289420476487,/products/david-webb-necklace-18k-yellow-gold-2,/
289420574791,/products/david-webb-platinum-diamond-brooch-signed-designer-estate-3,/
289420607559,/products/david-webb-estate-ring-18k-yellow-gold-and-platinum-2-cts-diamond,/
289420640327,/products/david-webb-earrings-18k-yellow-gold-and-platinum-54,/
289420705863,/products/david-webb-earrings-18k-yellow-gold-and-platinum-2-15-cts-diamond,/
289420738631,/products/david-webb-earrings-18k-yellow-gold-and-platinum-4,/
289420771399,/products/david-webb-brooch-18k-yellow-gold-and-platinum-11,/
289420804167,/products/david-webb-earrings-18k-yellow-gold-and-platinum-35,/
289420836935,/products/david-webb-bracelet-18k-yellow-gold-and-platinum-14,/
289420869703,/products/david-webb-estate-ring-18k-yellow-gold-and-platinum-37,/
289426079815,/products/david-webb-vintage-necklace-18k-yellow-gold,/
289426440263,/products/david-webb-brooch-18k-yellow-gold-and-platinum-8-cts-diamond-1,/
289426473031,/products/david-webb-vintage-bracelet-18k-yellow-gold,/
289630584903,/products/david-webb-bracelet-18k-yellow-gold-and-platinum-9,/
289704837191,/products/cartier-18k-yellow-gold-nigeria-panthere-diamond-ring,/
289804091463,/products/van-cleef-arpels-necklaces-18k-rose-gold,/
290224308295,/products/cartier-panthere-18k-yellow-gold-silverium-cuff-bracelet-16cm,/
290563129415,/products/cartier-18k-yellow-gold-ball-cufflinks,/
290601992263,/products/david-webb-flower-platinum-diamond-brooch,/
290753216583,/products/vintage-cartier-18k-yellow-gold-vine-hoop-earrings,/
290783625287,/products/14k-yellow-gold-womens-enamel,/
290846474311,/products/copy-of-14kt-gold-petal-extendable-necklace-1,/
290848342087,/products/14k-yellow-gold-enamel-sideways-cross-womens-necklace-4,/
290877571143,/products/14k-yellow-gold-open-chevron-cuff-womens-ring,/
290885173319,/products/copy-of-diamond-shape-diamond-gold-ring-sizable,/
290893332551,/products/14k-yellow-gold-layered-lariat-spike-womens-necklace,/
290900475975,/products/14k-gold-classic-cuban-link,/
290900803655,/products/14k-yellow-gold-evil-eye-medallion-womens-necklace,/
290965946439,/products/cartier-18k-yellow-gold-panther-clasp-bracelet,/
290974597191,/products/vintage-cartier-panthere-de-cartier-18k-yellow-gold-hoop-earrings-1-3-inches,/
291016671303,/products/14k-yellow-gold-paper-clip-womens-necklace,/
291041214535,/products/aquamarine-earring,/
291057565767,/products/14k-yellow-gold-paper-clip-frame-womens-ring,/
291059597383,/products/14k-yellow-gold-stars-cowboy-boot-womens-necklace,/
291069591623,/products/diamond-earring-10,/
291074506823,/products/14k-yellow-gold-pettie-carabiner-links-womens-necklace,/
291076735047,/products/14k-yellow-gold-circle-duet-layered-womens-necklace,/
291085779015,/products/14k-yellow-gold-mini-basketball-adjustable-womens-necklace,/
291109732423,/products/14k-yellow-gold-you-mini-crown-womens-necklace,/
291146432583,/products/14k-yellow-gold-gold-square-stack-womens-ring,/
291177660487,/products/14k-yellow-gold-with-paw-cutout-womens-necklace,/
291178610759,/products/14k-yellow-gold-mariner-paper-clip-womens-necklace,/
291178774599,/products/14k-yellow-gold-tilted-heart-engravable-womens-necklace,/
291178807367,/products/14k-yellow-gold-graduated-box-link-womens-necklace,/
291179757639,/products/14k-yellow-gold-oval-textured-signet-womens-ring,/
291195846727,/products/david-webb-18k-gold-brooch-signed-designer-estate-3,/
291201122375,/products/14k-yellow-gold-fluted-band-womens-ring,/
291224453191,/products/diamond-earring-6,/
291236249671,/products/14k-yellow-gold-with-star-dangle-womens-necklace,/
291261120583,/products/copy-of-gold-clover-ring-sizable,/
291270033479,/products/cartier-platinum-diamond-huggie-earrings-8-00ct,/
291270066247,/products/14k-yellow-gold-engravable-disc-lariat-womens-necklace,/
291327049799,/products/14k-yellow-gold-tag-adjustable-duet-womens-necklace,/
291329736775,/products/copy-of-cuban-diamond-cut-white-gold-link-chain,/
291345694791,/products/14k-yellow-gold-diamond-radiant-link-womens-necklace,/
291390226503,/products/14k-yellow-gold-enamel-alternating-bar-womens-anklet-3,/
291397959751,/products/aquamarine-earring-1,/
291403923527,/products/14k-yellow-gold-enamel-sideways-cross-womens-necklace,/
291415162951,/products/14k-yellow-gold-enamel-layered-lariat-womens-necklace,/
291420536903,/products/14k-yellow-gold-cats-head-adjustable-womens-necklace,/
291425615943,/products/14k-yellow-gold-light-turquoise-buttlerfly-womens-necklace,/
291445538887,/products/14k-yellow-gold-cigar-wide-band-womens-ring,/
291458121799,/products/14k-yellow-gold-enamel-nautical-medallion-womens-necklace,/
291462119495,/products/14k-yellow-gold-paper-clip-element-womens-necklace,/
291480305735,/products/14k-yellow-gold-with-cutout-adjustable-womens-necklace,/
291480535111,/products/14k-yellow-gold-mix-hexagon-station-womens-necklace,/
291494953031,/products/14k-yellow-gold-blue-enamel-x-womens-ring,/
291558686791,/products/cartier-18k-yellow-gold-hematite-double-panther-cuff-bracelet,/
291573039175,/products/14k-yellow-gold-flat-mariner-link-womens-necklace,/
291594010695,/products/14k-yellow-gold-white-gold-and-satin-hearts-womens-anklet,/
291619438663,/products/cartier-18k-yellow-gold-hematite-double-panther-cuff-bracelet-6-30-inches,/
291632185415,/products/14k-yellow-gold-engravable-bar-womens-necklace,/
291684614215,/products/14k-yellow-gold-crescent-moon-pendant-womens-necklace,/
291709681735,/products/14k-yellow-gold-evil-eye-station-womens-necklace,/
291742941255,/products/copy-of-half-eternity-diamond-white-gold-ring-sizable,/
291755065415,/products/14k-yellow-gold-twisted-rope-tube-womens-ring,/
291788456007,/products/14k-yellow-gold-enamel-heart-medallion-womens-necklace,/
291811459143,/products/14k-yellow-gold-wave-in-circle-womens-necklace,/
291843932231,/products/14k-yellow-gold-flat-heart-adjustable-womens-necklace,/
291912974407,/products/14k-yellow-gold-diamond-square-band-womens-ring,/
291920314439,/products/copy-of-bar-diamond-gold-necklace-2,/
291950526535,/products/14k-yellow-gold-white-enamel-band-womens-ring,/
291950821447,/products/earring,/
291955146823,/products/14k-yellow-gold-enamel-stars-medallion-womens-necklace,/
291967598663,/products/copy-of-diamond-shape-diamond-white-gold-ring-sizable,/
291971924039,/products/14k-yellow-gold-diamond-turquoise-x-womens-ring,/
291976446023,/products/14k-yellow-gold-soft-rectangle-signet-womens-ring,/
292012523591,/products/14k-yellow-gold-double-row-wire-womens-ring,/
292027662407,/products/diamond-earring-19,/
292048011335,/products/14k-yellow-gold-black-enamel-band-womens-ring,/
292070686791,/products/14k-yellow-gold-tag-with-diamonds-womens-necklace,/
292091297863,/products/14k-yellow-gold-cowboy-hat-adjustable-womens-necklace,/
292116365383,/products/14k-beaded-wire-womens-ring,/
292119150663,/products/14k-yellow-gold-horse-bit-station-womens-necklace,/
292127965255,/products/14k-yellow-gold-d-c-paper-clip-womens-necklace,/
292149526599,/products/copy-of-diamond-cut-link-gold-ring-sizable,/
292211785799,/products/14k-yellow-gold-mini-disc-adjustable-womens-necklace,/
292228202567,/products/copy-of-circle-shape-diamond-white-gold-ring-sizable,/
292231577671,/products/14k-yellow-gold-slim-engravable-signet-womens-ring,/
292259725383,/products/14k-yellow-gold-enamel-mini-star-womens-necklace,/
292260675655,/products/14k-yellow-gold-engravable-oval-signet-womens-ring,/
292280762439,/products/cartier-18k-yellow-gold-long-chain-necklace-36-inches,/
292709105735,/products/david-webb-necklace-18k-yellow-gold-and-platinum-3-cts-diamond-1,/
292721492039,/products/van-cleef-arpels-18k-yellow-gold-5-row-pave-round-cut-diamond-ring,/
292762943559,/products/lab-grown-0-99ct-14k-yellow-gold-asscher-diamond-5-stone-eternity-band,/
293380816967,/products/pink-tourmaline-earring,/
293445795911,/products/cartier-lakarda-panthere-18k-white-gold-ring,/
294246514759,/products/david-webb-earrings-18k-yellow-gold-and-platinum-16,/
294298976327,/products/14k-yellow-gold-turquoise-enamel-band-womens-ring,/
295006699591,/products/vintage-aldo-cipullo-18k-rose-gold-pave-diamond-hamsa-hand-pendant-7-5ctches,/
295425179719,/products/copy-of-cuban-gold-light-bracelet,/
295468597319,/products/copy-of-cuban-curb-link-rose-gold-bracelet,/
295825080391,/products/14k-gold-1-5mm-paperclip-chain,/
296576843847,/products/black-enamel-heart-shaped-diamond-ring-in-18k-rose-gold,/
296671182919,/products/trendy-half-way-bezel-set-diamond-wedding-band-in-rose-gold,/
296708014151,/products/enamel-heart-shaped-diamond-ring-in-18k-rose-gold,/
297491333191,/products/14k-yellow-gold-edge-oval-link-womens-bracelet,/
297622077511,/products/half-way-shared-prong-diamond-wedding-band-in-white-gold,/
298571333703,/products/copy-of-cuban-white-pave-curb-link-bracelet-8-inch,/
298618847303,/products/14k-yellow-gold-lt-turquoise-enamel-wave-womens-ring,/
298834133063,/products/tiffany-co-eternity-bands-18k-yellow-gold-3-cts-diamonds-3-2g,/
299489886279,/products/trendy-half-way-bezel-set-diamond-wedding-band-in-white-gold,/
300410765383,/products/14k-7mm-curb-womens-chain,/
301357989959,/products/copy-of-cuban-curb-link-gold-bracelet-1,/
301437026375,/products/copy-of-cuban-curb-link-gold-bracelet,/
301596803143,/products/copy-of-cuban-miami-semi-solid-gold-chain,/
302343782471,/products/lab-grown-1-36ct-platinum-round-diamond-eternity-band,/
302343880775,/products/lab-grown-0-9ct-14k-yellow-gold-oval-diamond-3-4-eternity-band,/
302345781319,/products/breitling-superocean-heritage57-highlands-3,/
302354923591,/products/1950s-platinum-9-00cts-diamond-brooch,/
302355382343,/products/18k-yellow-gold-diamond-and-gemstone-turtle-brooch,/
302355415111,/products/van-cleef-arpels-french-18k-yellow-gold-1965-coral-rose-brooch,/
302359380039,/products/lab-grown-1-76ct-14k-yellow-gold-round-diamond-eternity-band,/
302359609415,/products/breitling-superocean-heritageb20-automatic-51,/
302366163015,/products/1950s-platinum-multicolor-gemstone-and-diamond-brooch,/
302368882759,/products/lab-grown-0-77ct-14k-yellow-gold-marquise-diamond-3-4-eternity-band,/
302370095175,/products/2-carat-oval-diamond-gia-2-53ct-fancy-vivid-yellow-oval-cut-three-stone-ring,/
302374158407,/products/breitling-superocean-heritageb20-automatic-46,/
302377369671,/products/lab-grown-1-03ct-14k-white-gold-round-diamond-3-4-eternity-band,/
302379827271,/products/lab-grown-1-9ct-14k-white-gold-round-diamond-eternity-band,/
302381400135,/products/1-81-cts-14k-white-gold-emerald-shape-5-stones-eternity-band,/
302382055495,/products/lab-grown-0-94ct-14k-yellow-gold-round-diamond-7-stone-eternity-band,/
302384054343,/products/lab-grown-0-42ct-14k-yellow-gold-round-diamond-half-eternity-band,/
302384250951,/products/french-18k-yellow-gold-swan-diamond-16-00cttw-brooch,/
302387331143,/products/breitling-superocean-heritageb20-automatic-48,/
302388019271,/products/18k-two-tone-oversized-sapphire-ruby-emerald-and-diamond-brooch,/
302389854279,/products/7-71-cts-14k-white-gold-oval-shape-eternity-band-eternity-band,/
302396375111,/products/platinum-12-00-carat-art-deco-openwork-diamond-vintage-bracelet,/
302396407879,/products/lab-grown-0-99ct-14k-white-gold-radiant-modified-diamond-half-eternity-band,/
302397816903,/products/platinum-18k-yellow-gold-1970s-diamond-flower-brooch,/
302398308423,/products/1-04ct-14k-white-gold-round-shape-eternity-band,/
302398636103,/products/lab-grown-0-77ct-round-shape-diamond-3-4-eternity-band-in-platinum,/
302399258695,/products/8-08-cts-14k-white-gold-round-shape-eternity-band-eternity-band,/
302399389767,/products/lab-grown-1-21ct-14k-yellow-gold-radiant-diamond-3-4-eternity-band,/
302401519687,/products/3-carat-cushion-cut-diamond-gia-3-03ct-fancy-vivid-yellow-cushion-cut-three-stone-ring,/
302402699335,/products/0-69-cts-14k-white-gold-round-shape-3-4-band-eternity-band,/
302409613383,/products/lab-grown-0-26ct-round-shape-diamond-half-eternity-band-in-14k-yellow-gold,/
302410596423,/products/breitling-superocean-heritageb20-automatic-52,/
302414299207,/products/lab-grown-7-51ct-18k-white-gold-oval-diamond-eternity-band,/
302414626887,/products/bvlgari-platinum-1960s-diamond-setting-for-a-brooch,/
302417707079,/products/21-carat-cushion-cut-diamond-fancy-yellow-gia-21-carat-cushion-cut-fancy-deep-brownish-yellow-vvs1-ring,/
302467711047,/products/breitling-superocean-heritageb20-automatic-49,/
302468759623,/products/2-26-cts-14k-white-gold-round-shape-eternity-band-eternity-band,/
302468923463,/products/2-carat-pear-shape-diamond-fancy-intense-yellow-gia-three-stone-ring,/
302469480519,/products/9-33ct-fancy-light-yellow-marquise-cut-diamond-engagement-ring,/
302469644359,/products/platinum-18k-yellow-gold-20-carat-diamond-bird-brooch,/
302469742663,/products/7-9-cts-14k-white-gold-antique-cushion-shape-eternity-band-eternity-band,/
302470463559,/products/lab-grown-0-83ct-platinum-round-diamond-3-4-eternity-band,/
302470660167,/products/lab-grown-1-36ct-14k-yellow-gold-emerald-diamond-3-4-eternity-band,/
302470856775,/products/lab-grown-1-73ct-14k-white-gold-round-diamond-eternity-band,/
302471413831,/products/platinum-25-carat-art-deco-diamond-double-clip-brooch,/
302472396871,/products/platinum-vintage-diamond-ladies-watch,/
302472462407,/products/circa-1970s-platinum-18k-yellow-gold-8-carat-diamond-scroll-brooch,/
302472593479,/products/lab-grown-1-52ct-round-shape-diamond-eternity-band-in-14k-yellow-gold,/
302472822855,/products/breitling-superocean-heritagechronograph-44,/
302472953927,/products/18k-yellow-gold-14-28-carats-fancy-yellow-cushion-cut-eternity-band,/
302474494023,/products/1-72-cts-14k-white-gold-emerald-shape-5-stones-eternity-band,/
302474657863,/products/art-deco-platinum-ladies-diamond-watch,/
302474723399,/products/lab-grown-2-54ct-14k-white-gold-round-diamond-eternity-band,/
302475116615,/products/breitling-superocean-heritage57-highlands,/
302475509831,/products/lab-grown-0-83ct-14k-yellow-gold-pear-diamond-3-4-eternity-band,/
302475739207,/products/platinum-35-carats-diamond-spray-1950s-brooch,/
302476066887,/products/lab-grown-2-33ct-14k-yellow-gold-round-diamond-eternity-band,/
302476558407,/products/van-cleef-arpels-1940s-18k-yellow-gold-vintage-retro-diamond-wrist-watch,/
302477508679,/products/platinum-17-00cttw-diamond-foliage-style-vintage-brooch,/
302478032967,/products/8-74-cts-14k-white-gold-radiant-shape-eternity-band-eternity-band,/
302478295111,/products/breitling-superocean-heritage57-highlands-2,/
302478393415,/products/circa-1960s-platinum-8-00-carat-diamond-and-coral-vintage-earrings,/
302478491719,/products/platinum-13-50-carat-diamond-flower-brooch,/
302478688327,/products/art-deco-platinum-flower-natural-pearl-diamond-5-00cts-brooch,/
302480687175,/products/5-81ct-fancy-intense-radiant-cut-three-stone-diamond-engagement-ring,/
302481735751,/products/4-carat-pear-shape-diamond-fancy-yellow-gia-ring,/
302482096199,/products/breitling-superocean-heritageb20-automatic-53,/
302482653255,/products/art-deco-platinum-6-50-carat-diamond-glycine-wrist-watch,/
302483734599,/products/circa-1950s-platinum-18k-yellow-gold-4-carat-diamond-bow-brooch,/
302484455495,/products/breitling-superocean-heritageb20-automatic-45,/
302485209159,/products/platinum-3-00cttw-antique-old-mine-diamond-brooch,/
302485700679,/products/breitling-superocean-heritageb01-chronograph-44,/
302485798983,/products/platinum-10-carat-diamond-bow-brooch,/
302486945863,/products/platinum-green-emeralds-and-15-carat-diamonds-brooch,/
302487044167,/products/van-cleef-arpels-18k-white-gold-snowflake-diamond-estate-ring,/
302487076935,/products/breitling-superocean-heritagechronograph-48,/
302487502919,/products/3-04ct-radiant-cut-fancy-intense-yellow-trilliant-cut-diamond-engagement-ring,/
302487961671,/products/art-deco-platinum-filigree-7-00cts-diamond-brooch,/
302488846407,/products/estate-18k-yellow-gold-8-carat-pave-set-diamond-koi-fish-brooch,/
302490484807,/products/lab-grown-1-09ct-18k-yellow-gold-round-diamond-eternity-band,/
302490583111,/products/18k-yellow-gold-diamond-citrine-brooch,/
302493401159,/products/cartier-foliate-design-cushion-cut-diamond-1-35ct-brooch,/
302493827143,/products/1-00-carat-old-european-cut-diamond-kvs1-eglus-solitaire-engagement-vintage-ring,/
302494515271,/products/breitling-superocean-heritageb20-automatic-43,/
302494941255,/products/breitling-superocean-heritage57-highlands-1,/
302495170631,/products/platinum-18k-yellow-gold-old-mine-and-vintage-sapphire-diamond-bar-brooch,/
302495203399,/products/art-deco-double-clip-diamond-platinum-27-00cttw-brooch,/
302496415815,/products/breitling-superocean-heritageb20-automatic-42,/
302496579655,/products/1950s-platinum-7-carat-diamond-and-pearl-gatsby-style-brooch,/
302497431623,/products/verdura-18k-yellow-gold-petite-diamond-leaf-brooch,/
302497628231,/products/lab-grown-6-37ct-14k-white-gold-antique-cushion-diamond-eternity-band,/
302497824839,/products/lab-grown-0-62ct-14k-yellow-gold-pear-diamond-half-eternity-band,/
302498152519,/products/14k-yellow-gold-victorian-amber-cross-pendant,/
302586953799,/products/raymond-c-yard-1940s-platinum-retro-diamond-fan-clip-brooch,/
302587347015,/products/breitling-superocean-heritagechronograph-45,/
302589182023,/products/breitling-superocean-heritagechronograph-46,/
302590754887,/products/18k-yellow-gold-turquoise-and-diamond-flower-brooch,/
303919956039,/products/platinum-8-00-carat-diamond-spray-brooch,/
304027893831,/products/platinum-18k-yellow-gold-25-00cttw-diamond-flower-brooch,/
304030056519,/products/5-carat-radiant-cut-diamond-fancy-intense-yellow-gia-kitesb-ring,/
304031137863,/products/lab-grown-8-94ct-18k-white-gold-radiant-diamond-eternity-band,/
304032809031,/products/breitling-superocean-heritageb20-automatic-44,/
304033890375,/products/lab-grown-8-71ct-18k-white-gold-emerald-diamond-eternity-band,/
304082780231,/products/david-webb-earrings-18k-yellow-gold-10-cts-diamond,/
304089858119,/products/lab-grown-4-95ct-14k-white-gold-round-shape-tennis-bracelet,/
304093691975,/products/lab-grown-10-73ct-14k-two-tone-round-shape-tennis-bracelet,/
304094117959,/products/lab-grown-2-9ct-14k-white-gold-radiant-shape-tennis-bracelet,/
304095658055,/products/lab-grown-1-05ct-14k-white-gold-heart-shape-tennis-bracelet,/
304096051271,/products/cartier-18k-white-gold-diamond-and-sapphire-dove-estate-ring,/
304100114503,/products/1-cts-14k-yellow-gold-radiant-modified-shape-half-eternity-eternity-band,/
304101883975,/products/lab-grown-2-87ct-14k-yellow-gold-round-shape-tennis-bracelet,/
304102473799,/products/lab-grown-10-65ct-14k-two-tone-round-shape-tennis-bracelet,/
304102768711,/products/lab-grown-0-83ct-18k-yellow-gold-round-shape-tennis-bracelet,/
304103489607,/products/platinum-art-deco-green-emerald-oversized-25-carat-brooch,/
304104734791,/products/lab-grown-2-51ct-14k-white-gold-emerald-shape-tennis-bracelet,/
304104865863,/products/1345-cts-platinum-asscher-shape-eternity-band-eternity-band,/
304106373191,/products/lab-grown-6-9ct-14k-white-gold-round-shape-tennis-bracelet,/
304106766407,/products/lab-grown-1-05ct-14k-white-gold-emerald-shape-tennis-bracelet,/
304108404807,/products/1-18-cts-14k-white-gold-emerald-shape-half-eternity-eternity-band,/
304108503111,/products/lab-grown-2-01ct-14k-white-gold-oval-shape-tennis-bracelet,/
304108961863,/products/899-cts-platinum-radiant-shape-eternity-band-eternity-band,/
304108994631,/products/lab-grown-1-48ct-14k-yellow-gold-round-shape-tennis-bracelet,/
304111484999,/products/lab-grown-2-55ct-14k-white-gold-oval-shape-tennis-bracelet,/
304111616071,/products/lab-grown-4-98ct-18k-yellow-gold-round-shape-tennis-bracelet,/
304114171975,/products/lab-grown-2-01ct-14k-white-gold-princess-shape-tennis-bracelet,/
304115449927,/products/12-cts-14k-yellow-gold-round-shape-eternity-band-eternity-band,/
304119447623,/products/lab-grown-3-21ct-18k-yellow-gold-round-shape-tennis-bracelet,/
304119578695,/products/lab-grown-0-49ct-18k-white-gold-round-shape-tennis-bracelet,/
304125313095,/products/lab-grown-4-9ct-14k-white-gold-round-shape-tennis-bracelet,/
304125739079,/products/lab-grown-2-8ct-14k-white-gold-radiant-shape-tennis-bracelet,/
304125968455,/products/lab-grown-11-6ct-nan-mix-shape-tennis-bracelet,/
304127541319,/products/792-cts-14k-white-gold-antique-cushion-shape-eternity-band-eternity-band,/
304127737927,/products/lab-grown-4-91ct-18k-white-gold-round-shape-tennis-bracelet,/
304131244103,/products/lab-grown-2-96ct-14k-white-gold-emerald-shape-tennis-bracelet,/
304131571783,/products/lab-grown-2-58ct-14k-white-gold-cushion-brilliant-shape-tennis-bracelet,/
304131604551,/products/lab-grown-5-21ct-14k-white-gold-old-european-brilliant-shape-tennis-bracelet,/
304133308487,/products/lab-grown-1-2ct-14k-white-gold-marquise-shape-tennis-bracelet,/
304135667783,/products/lab-grown-2-02ct-14k-yellow-gold-round-shape-tennis-bracelet,/
304137863239,/products/53-cts-14k-yellow-gold-radiant-shape-eternity-band-eternity-band,/
304139468871,/products/lab-grown-1-51ct-14k-white-gold-round-shape-tennis-bracelet,/
304143335495,/products/9-91-cts-14k-white-gold-radiant-shape-eternity-band-eternity-band,/
304186818631,/products/209-cts-14k-white-gold-round-shape-7-stones-eternity-band,/
304187441223,/products/lab-grown-12-07ct-14k-white-gold-round-shape-tennis-bracelet,/
304187473991,/products/107-cts-14k-white-gold-emerald-shape-7-stones-eternity-band,/
304187932743,/products/lab-grown-12-65ct-14k-white-gold-round-shape-tennis-bracelet,/
304188391495,/products/189-cts-18k-yellow-gold-round-shape-eternity-band-eternity-band,/
304189407303,/products/lab-grown-2-53ct-14k-yellow-gold-marquise-shape-tennis-bracelet,/
304190783559,/products/722-cts-14k-white-gold-baguette-shape-eternity-band-eternity-band,/
304191668295,/products/874-cts-14k-white-gold-radiant-shape-eternity-band-eternity-band,/
304191995975,/products/209-cts-18k-yellow-gold-round-shape-eternity-band-eternity-band,/
304194388039,/products/102-cts-14k-yellow-gold-emerald-shape-half-eternity-eternity-band,/
304195371079,/products/802-cts-14k-white-gold-emerald-shape-eternity-band-eternity-band,/
304198156359,/products/096-cts-14k-yellow-gold-round-shape-eternity-band-eternity-band,/
304201269319,/products/488-cts-14k-yellow-gold-mix-shape-eternity-band-eternity-band,/
304202022983,/products/099-cts-14k-yellow-gold-oval-shape-7-stones-eternity-band,/
304204841031,/products/798-cts-14k-yellow-gold-round-shape-eternity-band-eternity-band,/
304208412743,/products/134-cts-14k-yellow-gold-radiant-shape-34-band-eternity-band,/
304211329095,/products/709-cts-14k-white-gold-emerald-shape-eternity-band-eternity-band,/
304247832647,/products/113-cts-14k-yellow-gold-oval-shape-34-band-eternity-band,/
304250355783,/products/859-cts-14k-white-gold-emerald-shape-eternity-band-eternity-band,/
304250781767,/products/041-cts-14k-yellow-gold-round-shape-34-band-eternity-band,/
304250945607,/products/751-cts-14k-white-gold-round-shape-eternity-band-eternity-band,/
304253993031,/products/189-cts-14k-yellow-gold-oval-shape-34-band-eternity-band,/
304256778311,/products/814-cts-14k-white-gold-radiant-shape-eternity-band-eternity-band,/
304258547783,/products/788-cts-14k-white-gold-emerald-shape-eternity-band-eternity-band,/
304269918279,/products/095-cts-14k-white-gold-round-shape-7-stones-eternity-band,/
304272113735,/products/116-cts-14k-yellow-gold-oval-shape-half-eternity-eternity-band,/
306563088455,/products/enamel-black-heart-shaped-diamond-ring-in-18k-rose-gold,/
306749898823,/products/14k-yellow-gold-braided-foxtail-chain-womens-anklet,/
307165265991,/products/david-webb-earrings-18k-yellow-gold-and-platinum-29,/
307165528135,/products/david-webb-estate-ring-18k-yellow-gold-and-platinum-5,/
307165790279,/products/david-webb-estate-ring-18k-yellow-gold-and-platinum-10,/
307165888583,/products/david-webb-necklace-18k-yellow-gold-and-platinum-8,/
307167526983,/products/david-webb-bracelet-18k-yellow-gold-and-platinum-6,/
307168313415,/products/david-webb-earrings-18k-yellow-gold-17,/
307168575559,/products/david-webb-vintage-brooch-18k-yellow-gold-1,/
307168870471,/products/david-webb-bracelet-18k-yellow-gold-and-platinum-32,/
307169230919,/products/david-webb-bracelet-18k-yellow-gold-and-platinum-20,/
307169427527,/products/david-webb-estate-ring-18k-yellow-gold-and-platinum-47,/
307172900935,/products/david-webb-estate-ring-18k-yellow-gold-and-platinum-53,/
307172999239,/products/david-webb-earrings-18k-yellow-gold-and-platinum-52,/
307173294151,/products/david-webb-earrings-18k-yellow-gold-and-platinum-45,/
307173457991,/products/david-webb-estate-ring-18k-yellow-gold-and-platinum-1-98-cts-diamond,/
307173883975,/products/david-webb-earrings-18k-yellow-gold-and-platinum-1-25-cts-diamond,/
307174998087,/products/david-webb-necklace-18k-yellow-gold-and-platinum-0-75-cts-diamond,/
307175784519,/products/david-webb-vintage-earrings-18k-yellow-gold,/
307176112199,/products/david-webb-bracelet-18k-yellow-gold-and-platinum-3,/
307178045511,/products/david-webb-18k-gold-platinum-diamond-enamel-bracelet-signed-designer-estate-3,/
307179454535,/products/david-webb-earrings-18k-yellow-gold-18,/
307179618375,/products/david-webb-earrings-18k-yellow-gold-and-platinum-56,/
307179651143,/products/david-webb-bracelet-18k-yellow-gold-1,/
307180208199,/products/david-webb-brooch-18k-yellow-gold-and-platinum-25,/
307182108743,/products/david-webb-bracelet-18k-yellow-gold-and-platinum-13,/
307276120135,/products/david-webb-18k-gold-platinum-diamond-emerald-ring-signed-designer-estate,/
307276251207,/products/david-webb-vintage-bracelet-18k-yellow-gold-and-platinum-1,/
307409322055,/products/david-webb-earrings-18k-yellow-gold-and-platinum-4-5-cts-diamond,/
307415187527,/products/blue-sapphire-halo-ring-1,/
307424821319,/products/david-webb-earrings-18k-yellow-gold-and-platinum-11,/
307425542215,/products/david-webb-bracelet-18k-yellow-gold-and-platinum-7,/
307462307911,/products/david-webb-18k-gold-enamel-ring-signed-designer-estate-2,/
307469353031,/products/david-webb-estate-ring-18k-yellow-gold-and-platinum-10-cts-diamond,/
307488129095,/products/david-webb-estate-ring-18k-yellow-gold-and-platinum-0-75-cts-diamond,/
307540557895,/products/david-webb-brooch-18k-yellow-gold-and-platinum-17,/
307767246919,/products/david-webb-vintage-earrings-18k-yellow-gold-and-platinum-9,/
308698120263,/products/david-webb-bracelet-18k-yellow-gold-and-platinum-2-cts-diamond,/
308698349639,/products/david-webb-18k-gold-platinum-enamel-ring-signed-designer-estate-48,/
308698480711,/products/david-webb-earrings-18k-yellow-gold-and-platinum-22,/
308699299911,/products/david-webb-earrings-18k-white-gold-and-platinum-1-5-cts-diamond,/
308699332679,/products/david-webb-estate-ring-18k-yellow-gold-and-platinum-56,/
308700938311,/products/david-webb-necklace-18k-yellow-gold-and-platinum-6,/
308703494215,/products/david-webb-necklace-18k-yellow-gold-and-platinum-2-cts-diamond,/
308707590215,/products/david-webb-brooch-18k-yellow-gold-and-platinum-1,/
308708474951,/products/david-webb-brooch-18k-yellow-gold-and-platinum-23,/
308709228615,/products/david-webb-estate-ring-18k-yellow-gold-and-platinum-51,/
308709294151,/products/david-webb-earrings-18k-yellow-gold-and-platinum-10,/
308709654599,/products/david-webb-earrings-18k-yellow-gold-7-cts-diamond,/
308710670407,/products/david-webb-bracelet-18k-yellow-gold-and-platinum-5,/
308710867015,/products/david-webb-bracelet-18k-yellow-gold-and-platinum-19,/
308711227463,/products/david-webb-estate-ring-18k-yellow-gold-and-platinum-4-cts-diamond,/
308711555143,/products/david-webb-pendant-18k-yellow-gold-and-platinum,/
308713291847,/products/david-webb-18k-gold-platinum-diamond-enamel-brooch-signed-designer-estate-3,/
308714471495,/products/david-webb-necklace-18k-white-gold-4-65-cts-diamond,/
308715585607,/products/david-webb-earrings-18k-yellow-gold-and-platinum-37,/
308716208199,/products/vintage-david-webb-18k-gold-platinum-diamond-necklace-signed-designer-estate-1,/
308718436423,/products/david-webb-necklace-18k-yellow-gold-and-platinum-6-cts-diamond,/
308719910983,/products/david-webb-necklace-18k-yellow-gold-and-platinum-16-cts-diamond-1,/
308720435271,/products/david-webb-estate-ring-18k-yellow-gold-and-platinum,/
308720533575,/products/david-webb-18k-gold-platinum-diamond-bracelet-signed-designer-estate-9,/
308720926791,/products/david-webb-platinum-ring-signed-designer-estate-4,/
308721188935,/products/david-webb-earrings-18k-yellow-gold-and-platinum-3-cts-diamond,/
308721549383,/products/david-webb-18k-gold-platinum-enamel-brooch-signed-designer-estate-9,/
308724629575,/products/david-webb-brooch-18k-yellow-gold-7-cts-diamond,/
308727251015,/products/david-webb-earrings-18k-yellow-gold-and-platinum-0-96-cts-diamond,/
308727578695,/products/david-webb-pendant-18k-yellow-gold-1,/
308728234055,/products/david-webb-bracelet-18k-yellow-gold-and-platinum-8-75-cts-diamond,/
308728528967,/products/david-webb-vintage-bracelet-platinum-6-cts-diamond,/
308728561735,/products/david-webb-necklace-18k-yellow-gold-4-5-cts-diamond,/
308729708615,/products/david-webb-bracelet-18k-yellow-gold-and-platinum-30,/
308731379783,/products/david-webb-brooch-18k-yellow-gold-and-platinum-24,/
308731576391,/products/david-webb-necklace-18k-yellow-gold-and-platinum-13-5-cts-diamond,/
308731609159,/products/david-webb-bracelet-18k-yellow-gold-and-platinum-27,/
308732592199,/products/david-webb-bracelet-18k-yellow-gold-and-platinum-1-62-cts-diamond,/
308736720967,/products/david-webb-bracelet-18k-yellow-gold-and-platinum-9-cts-diamond,/
308737441863,/products/david-webb-bracelet-18k-yellow-gold-and-platinum-5-5-cts-diamond,/
308739145799,/products/david-webb-bracelet-18k-yellow-gold-and-platinum-8,/
308740882503,/products/david-webb-bracelet-18k-yellow-gold-5,/
308740915271,/products/david-webb-necklace-18k-yellow-gold-and-platinum-3,/
308741242951,/products/david-webb-bracelet-18k-yellow-gold-and-platinum-16,/
308741570631,/products/david-webb-earrings-18k-yellow-gold-and-platinum-21,/
308743405639,/products/david-webb-earrings-18k-yellow-gold-21,/
308743798855,/products/david-webb-earrings-18k-yellow-gold-and-platinum-32,/
308743962695,/products/david-webb-earrings-18k-yellow-gold-and-platinum-19,/
308744159303,/products/david-webb-earrings-18k-yellow-gold-1-25-cts-diamond,/
308745764935,/products/david-webb-bracelet-18k-yellow-gold-and-platinum-31,/
308745961543,/products/david-webb-estate-ring-18k-yellow-gold-and-platinum-2,/
308746813511,/products/david-webb-earrings-18k-yellow-gold-and-platinum-9,/
308746944583,/products/david-webb-vintage-brooch-18k-yellow-gold-2,/
308746977351,/products/david-webb-estate-ring-18k-yellow-gold-and-platinum-49,/
308747403335,/products/david-webb-earrings-18k-yellow-gold-and-platinum-3-cts-diamond-2,/
308747862087,/products/david-webb-bracelet-18k-yellow-gold,/
308748156999,/products/david-webb-estate-ring-18k-yellow-gold-and-platinum-38,/
308748255303,/products/david-webb-estate-ring-18k-yellow-gold-and-platinum-14,/
308748877895,/products/david-webb-earrings-18k-yellow-gold-and-platinum-2,/
308749205575,/products/david-webb-bracelet-18k-yellow-gold-and-platinum-10,/
308750581831,/products/david-webb-estate-ring-18k-yellow-gold-and-platinum-6-54-cts-diamond,/
308750745671,/products/david-webb-brooch-18k-yellow-gold-and-platinum-12,/
308750778439,/products/david-webb-earrings-18k-yellow-gold-and-platinum-59,/
308750909511,/products/david-webb-estate-ring-18k-yellow-gold-11,/
308751368263,/products/david-webb-earrings-18k-yellow-gold-and-platinum-44,/
308751433799,/products/david-webb-earrings-18k-yellow-gold-and-platinum-6-5-cts-diamond,/
308752416839,/products/david-webb-brooch-18k-yellow-gold-and-platinum-2-75-cts-diamond,/
308752777287,/products/david-webb-estate-ring-18k-yellow-gold-and-platinum-0-85-cts-diamond,/
308753006663,/products/david-webb-estate-ring-18k-yellow-gold-and-platinum-1,/
308753203271,/products/david-webb-estate-ring-18k-yellow-gold-1,/
308753498183,/products/david-webb-earrings-18k-yellow-gold-and-platinum-3-cts-diamond-3,/
308754153543,/products/david-webb-bracelet-18k-yellow-gold-and-platinum-21,/
308754350151,/products/david-webb-brooch-18k-yellow-gold-and-platinum-12-cts-diamond,/
308754874439,/products/david-webb-earrings-18k-yellow-gold-and-platinum-3-cts-diamond-4,/
308757758023,/products/david-webb-vintage-brooch-18k-yellow-gold-and-platinum,/
308758085703,/products/david-webb-brooch-25-cts-diamond,/
308759232583,/products/david-webb-earrings-18k-yellow-gold-and-platinum-58,/
308759789639,/products/david-webb-earrings-18k-yellow-gold-and-platinum-2-5-cts-diamond,/
308760084551,/products/david-webb-estate-ring-18k-yellow-gold-and-platinum-29,/
308760313927,/products/david-webb-brooch-18k-yellow-gold-and-platinum-4-cts-diamond-1,/
308760477767,/products/david-webb-earrings-18k-yellow-gold-and-platinum-7-cts-diamond,/
308760707143,/products/david-webb-brooch-18k-yellow-gold-and-platinum-22,/
308760772679,/products/david-webb-brooch-platinum-40-cts-diamond,/
308760969287,/products/david-webb-vintage-cuff-links-18k-yellow-gold-and-platinum,/
308761067591,/products/david-webb-vintage-brooch-18k-white-gold-and-platinum-40-cts-diamond,/
308761198663,/products/david-webb-necklace-18k-yellow-gold-and-platinum-2-5-cts-diamond-1,/
308761264199,/products/david-webb-bracelet-18k-yellow-gold-and-platinum-4,/
308761296967,/products/david-webb-brooch-18k-yellow-gold-and-platinum-8,/
308761395271,/products/david-webb-earrings-18k-yellow-gold-and-platinum-46,/
308837744711,/products/david-webb-vintage-earrings-18k-yellow-gold-and-platinum-6,/
308847509575,/products/green-emerald-halo-ring-1,/
309042184263,/products/david-webb-earrings-18k-yellow-gold-and-platinum-40,/
309145731143,/products/david-webb-18k-gold-platinum-diamond-turquoise-brooch-signed-designer-estate,/
309396570183,/products/david-webb-brooch-18k-yellow-gold-and-platinum-18,/
309462368327,/products/tiffany-co-schlumberger-brooches-platinum-18k-yellow-gold-78-1g,/
309890318407,/products/diamond-bracelet-23,/
310442164295,/products/david-webb-earrings-18k-yellow-gold-13,/
310620422215,/products/david-webb-earrings-18k-yellow-gold-and-platinum-31,/
311569088583,/products/david-webb-earrings-18k-yellow-gold-and-platinum-34,/
311855644743,/products/lab-grown-0-38ct-14k-yellow-gold-oval-diamond-3-4-eternity-band,/
311857315911,/products/david-webb-estate-ring-18k-yellow-gold-and-platinum-24,/
312235720775,/products/david-webb-earrings-18k-yellow-gold-and-platinum-4-5-cts-diamond-1,/
312257970247,/products/david-webb-estate-ring-18k-yellow-gold-and-platinum-8,/
312266227783,/products/david-webb-brooch-18k-yellow-gold-and-platinum-32,/
312360501319,/products/edwardian-platinum-diamond-brooch,/
312819384391,/products/copy-of-4-05-morganite-diamond-ring-in-18k-rose-gold,/
313857048647,/products/14k-yellow-gold-open-curb-chain-womens-anklet-2,/
320184287303,/products/david-webb-estate-ring-18k-yellow-gold-13,/
320792166471,/products/david-webb-brooch-18k-yellow-gold,/
320796033095,/products/art-deco-platinum-pearl-diamond-clip-brooch,/
321366622279,/products/edwardian-platinum-with-two-rubies-old-cut-diamonds-brooch,/
321401585735,/products/shared-prong-diamond-engagement-ring-in-white-gold,/
323356885063,/products/14k-yellow-gold-dog-bone-engravable-womens-necklace,/
324521689159,/products/david-webb-bracelet-18k-yellow-gold-and-platinum-4-cts-diamond,/
325592580167,/products/david-webb-brooch-18k-yellow-gold-1,/
325620039751,/products/van-cleef-arpels-estate-rings-18k-yellow-gold-4-5,/
325626855495,/products/van-cleef-arpels-estate-rings-18k-yellow-gold-6-cts-diamonds,/
325645729863,/products/david-webb-earrings-18k-yellow-gold-and-platinum-30,/
325648908359,/products/david-webb-estate-ring-18k-yellow-gold-and-platinum-20,/
325694816327,/products/david-webb-necklace-18k-yellow-gold-and-platinum-12,/
325714280519,/products/david-webb-brooch-18k-yellow-gold-and-platinum-5,/
325812453447,/products/david-webb-18k-gold-platinum-enamel-ring-signed-designer-estate-47,/
325823103047,/products/david-webb-earrings-18k-yellow-gold-and-platinum-6-cts-diamond,/
325876973639,/products/diamond-earring-3,/
325938348103,/products/david-webb-necklace-18k-yellow-gold-and-platinum-16-cts-diamond,/
325994184775,/products/david-webb-vintage-earrings-platinum-25-cts-diamond,/
326181912647,/products/twin-ring-set-with-marquise-diamond-in-18k-dotted-rose-gold,/
326921977927,/products/1970s-platinum-18k-yellow-gold-foliage-round-baguette-cut-brooch,/
326989021255,/products/art-deco-platinum-double-clip-diamond-10-50cttw-brooch,/
327069204551,/products/circa-1960s-18k-yellow-gold-4-carat-baby-coral-lapis-turquoise-diamond-brooch,/
327069237319,/products/breitling-superocean-heritageb20-automatic-54,/
327202570311,/products/1970s-platinum-18k-yellow-gold-25-carat-diamond-flower-brooch,/
327251787847,/products/18k-white-gold-large-quartz-and-diamond-wings-brooch,/
329220522055,/products/1-02-carat-old-european-cut-diamond-gvs2-gia-vintage-ring,/
332987924551,/products/3-carat-radiant-cut-diamond-fancy-intense-yellow-gia-with-two-side-trapezoids-three-stone-ring,/
335341158471,/products/14k-yellow-gold-mini-bar-womens-necklace-2,/
335631417415,/products/14k-yellow-gold-crescent-moon-threader-womens-earrings,/
335636791367,/products/14k-yellow-gold-dog-tag-threader-womens-earrings,/
335638855751,/products/14k-yellow-gold-mini-bar-womens-ring,/
335761637447,/products/14k-yellow-gold-white-gold-interwoven-mini-hoop-womens-earrings,/
335912828999,/products/14k-yellow-gold-chain-w-dangle-heart-womens-bracelet,/
335981871175,/products/14k-yellow-gold-open-curb-chain-womens-necklace,/
335992127559,/products/14k-yellow-gold-enamel-bead-piatto-womens-chain,/
336037576775,/products/david-webb-platinum-18k-yellow-gold-1960s-green-emerald-sugarloaf-estate-ring,/
336123887687,/products/14k-yellow-gold-enamel-alternating-bar-womens-bracelet-3,/
336124608583,/products/14k-bezel-on-chain-womens-ring,/
336129982535,/products/14k-yellow-gold-bamboo-pentagon-womens-hoops,/
336197451847,/products/14k-disc-cuff-womens-bangle,/
336199778375,/products/14k-yellow-gold-mini-bar-womens-necklace,/
336328589383,/products/vintage-cartier-pasha-18k-yellow-gold-watch,/
336461594695,/products/14k-yellow-gold-1-20ct-diamond-drape-womens-anklet,/
336593879111,/products/14k-yellow-gold-bead-accent-threader-womens-earrings,/
336621764679,/products/14k-yellow-gold-diamond-tip-bypass-womens-ring,/
336767156295,/products/14k-yellow-gold-textured-mini-hoop-womens-earrings,/
336973070407,/products/vintage-cartier-santos-18k-white-gold-diamond-watch,/
337691017287,/products/14k-yellow-gold-evil-eye-station-womens-bracelet,/
337872846919,/products/14k-infinity-womens-ring-2,/
337879924807,/products/14k-yellow-gold-curb-chain-adj-womens-bracelet,/
339543490631,/products/14k-0-8mm-designer-twist-womens-chain,/
339558006855,/products/14k-yellow-gold-bead-on-piatto-womens-chain,/
339619512391,/products/harry-winston-18k-white-gold-avenue-350lqtzw-quartz-diamond-dial-watch,/
339680821319,/products/tiffany-co-schlumberger-platinum-18k-yellow-gold-diamond-and-ruby-brooch,/
339876511815,/products/copy-of-cuban-light-gold-bracelet-with-box,/
348431614023,/products/tiffany-co-schlumberger-platinum-18k-yellow-gold-banana-black-enamel-earrings-rr9820,/
348431712327,/products/cartier-tremblant-18k-white-gold-diamond-sapphire-and-ruby-clip-on-earrings-rr4022,/
348503998535,/products/cartier-juste-un-clou-nail-bracelet-in-18k-white-gold-with-diamonds-size-17,/
349654581319,/products/cartier-18k-yellow-gold-c-de-cartier-ring-size-55-eu,/
349834444871,/products/tennis-choker-necklace-1,/
349910696007,/products/cartier-18k-yellow-gold-panthere-head-with-chain-silk-bracelet-bracelet,/
349932126279,/products/cartier-18k-rose-gold-love-bangle-with-four-diamonds-size-16,/
350107893831,/products/cartier-18k-yellow-gold-double-panther-ring-with-emerald-eyes-size-6-5,/
350385668167,/products/david-webb-earrings-18k-yellow-gold-and-platinum-7,/
350442324039,/products/rolex-oyster-perpetual-date-just,/
350469881927,/products/bvlgari-18k-yellow-gold-coral-black-enamel-onyx-earrings-rr9230,/
350480728135,/products/van-cleef-arpels-18k-yg-frivole-8-flowers-ring-size-6-5,/
350885675079,/products/audemars-piguet-ap-tachymeter,/
351138512967,/products/paperclip-chain-bracelet,/
351216697415,/products/cartier-18k-yellow-gold-cufflinks-with-onyx-and-diamonds-1,/
351278989383,/products/seaman-schepps-18k-yellow-gold-onyx-ruby-sapphire-emerald-clip-fan-style-earrings-j10393,/
351280267335,/products/van-cleef-arpels-alhambra-18k-yellow-gold-20-motif-circa-1985-white-coral-necklace-rr9346,/
351284658247,/products/cartier-18k-white-and-rose-gold-love-12-diamonds-size-17-bracelet-rr9750,/
351285018695,/products/marina-b-lucilla-18k-yellow-gold-spinel-tanzanite-diamond-and-sapphires-earrings-j10295,/
351309660231,/products/cartier-arabesque-scroll-earrings-in-18k-white-gold-with-6-50ct-diamonds-41mm,/
351318245447,/products/14k-gold-polished-textured-bangle,/
351430639687,/products/van-cleef-arpels-18k-yellow-gold-bouton-dor-pendant-detachable-brooch-clip-necklace-rr9930,/
351430672455,/products/cartier-love-18k-white-gold-love-4-diamond-size-18-bracelet-rr9083,/
351431589959,/products/cartier-18k-white-gold-diamond-panthere-with-tassels-on-a-signature-chain-necklace-rr8396,/
351556108359,/products/14k-gold-diamond-paperclip-chain-1-8tcw-diamond-paper-clip-push-lock,/
351612338247,/products/cartier-18k-yellow-gold-pasha-automatic-watch-35mm-case,/
351657066567,/products/mens-matte-brushed-classic-wedding-band-in-14k-rose-gold,/
351685771335,/products/cartier-platinum-and-18k-yellow-gold-walking-panthere-cuff-bracelet-8-5-inch-wr,/
351877300295,/products/14k-gold-oval-graduated-d-c-oval-hoop-earrings,/
352174342215,/products/rolex-oyster-perpetual-day-date,/
352196231239,/products/diamond-bracelet-7,/
353050624071,/products/copy-of-cuban-gold-bracelet-with-box-2,/
353128775751,/products/14k-gold-diamond-50-50-ruby-amp-diamond-stackable-band,/
353128808519,/products/14k-gold-bracelet-polished-square-tube-bangle-bracelet,/
353128841287,/products/14k-gold-diamond-chain-bracelet-pave-diamond-pear-lock-curb-chain-bracelet,/
353128874055,/products/14k-gold-diamond-statement-diamond-pave-ribbed-dome-ring,/
353128906823,/products/14k-gold-bracelet-open-polished-bangle-bracelet,/
353128939591,/products/14k-yellow-gold-3-1-paper-clip-lariat-necklace-18-adjustable,/
353128972359,/products/1970s-van-cleef-arpels-18k-yg-duck-diamond-ring-0-83ct,/
353129005127,/products/14k-gold-diamond-bracelet-diamond-pave-teardrop-bypass-bangle-in-white-gold,/
353129037895,/products/14k-gold-diamond-statement-pave-diamond-square-bangle,/
353129070663,/products/14k-gold-diamond-diamond-and-neon-blue-enamel-x-ring,/
353129103431,/products/audemars-piguet-ap-39mm-skeleton-2015,/
353129136199,/products/14k-gold-bold-square-stack-ring-sizable-2,/
353129168967,/products/18k-white-gold-diamond-bangle-bracelet-4mm-2-10-ctw,/
353158463559,/products/2023-van-cleef-arpels-18k-yg-frivole-secrete-35mm-watch,/
353213284423,/products/cartier-18k-yellow-gold-fluted-twist-diamond-choker-necklace-14-inches-1-50ct,/
353400029255,/products/diamond-bracelet-3,/
354901819463,/products/cartier-18k-white-gold-leger-diamant-de-collection-ring-with-diamonds-size-7-25,/
354912272455,/products/diamond-bracelet-21,/
354912305223,/products/diamond-bracelet-2,/
354912337991,/products/cluster-statement-ring,/
354940256327,/products/platinum-5-00cttw-vintage-estate-diamond-brooch,/
354974597191,/products/paperclip-chain,/
354974629959,/products/diamond-bracelet,/
354974662727,/products/diamond-bracelet-16,/
355071524935,/products/cartier-panthere-18k-yellow-gold-double-spotted-collar-necklace-j10344,/
355088433223,/products/14k-gold-diamond-chain-snake-d-c-pattern-band,/
355119005767,/products/vintage-cartier-panthere-hoop-earrings-in-18k-yellow-gold-1-3-inch-length,/
355278356551,/products/14k-gold-diamond-staggered-diamond-ring,/
355298541639,/products/patek-phillipe,/
355326459975,/products/14k-gold-oval-oval-onyx-signet-ring,/
355326492743,/products/vintage-bvlgari-platinum-17ct-diamond-brooch-1960s,/
355326558279,/products/14k-gold-diamond-diamond-pave-bangle-3tcw,/
355326623815,/products/14k-gold-engravable-soft-rectangle-signet-ring,/
355326754887,/products/14k-gold-wide-twist-puff-hoop-earrings,/
355326853191,/products/14k-gold-ruby-stones-zig-zag-ring,/
355327049799,/products/14k-gold-diamond-staggered-ruby-diamond-ring,/
355345039431,/products/cartier-trinity-diamond-ring-french-size-52,/
355345072199,/products/14k-gold-bracelet-geometric-octagon-bangle-bracelet,/
355345104967,/products/14k-gold-bracelet-fluted-hinge-bangle-bracelet,/
355345137735,/products/14k-gold-diamond-diamond-bezel-open-bangle,/
355345170503,/products/14k-gold-diamond-diamond-turquoise-x-ring,/
355345203271,/products/14k-gold-polished-squared-tube-cuff-bangle,/
355367845959,/products/14k-gold-3-4tcw-round-ruby-straight-band-ring,/
355368239175,/products/diamond-bracelet-20,/
355437019207,/products/van-cleef-arpels-18k-wg-alhambra-diamond-ring-size-4,/
355486859335,/products/cartier-18k-tri-color-trinity-bangle-bracelet-size-15-16,/
355490234439,/products/cartier-18k-yellow-gold-panthere-mid-size-watch-with-diamonds-ref-1280-2,/
355700080711,/products/cartier-18k-white-gold-love-ring-with-black-ceramic-size-5-25,/
356075143239,/products/bvlgari-serpenti-tubogas-18k-tri-color-gold-vintage-watch,/
356077731911,/products/14k-gold-double-chevron-wire-ring,/
356077862983,/products/14k-gold-chain-polished-caterpillar-chain,/
356077994055,/products/14k-gold-open-polished-5mm-bangle,/
356078092359,/products/14k-gold-plain-square-tube-bangle,/
356094672967,/products/14k-gold-polished-bypass-ring,/
356094804039,/products/copy-of-diamond-necklace-18,/
356095524935,/products/cartier-18k-yellow-gold-oval-and-round-link-chain-necklace-36-inches,/
356097327175,/products/14k-gold-diamond-diamond-pave-dome-ring,/
356098244679,/products/vintage-cartier-tri-tone-18k-gold-bangle-coral-ends-6-5-inch,/
356324573255,/products/vintage-bvlgari-18k-yellow-gold-amethyst-crystal-chain-necklace-34-5-inches,/
357311676487,/products/tiffany-co-schlumberger-necklaces-18k-yellow-gold-213-1g,/
268113182791,/collections/diamonds-by-the-yard,/
269881901127,/collections/engagement-rings,/
270026735687,/collections/kids-jewelry,/
274231656519,/collections/high-jewelry,/
275323945031,/collections/clearance,/
297590915143,/collections/ladies-rings/products/copy-of-heart-rose-gold-opal-ring-sizable,/
318047649863,/collections/pendants,/
334669185095,/collections/hoops,/
348473360455,/collections/antique-estate,/
348599320647,/collections/estate-hermes,/
348619898951,/collections/estate-bvlgari,/
349206184007,/collections/bridal-sets,/
349209952327,/collections/estate-tiffany,/
349303537735,/collections/new-arrivals,/
349306880071,/collections/estate-david-webb,/
349306912839,/collections/estate-cartier,/
349317660743,/collections/charms,/
355334357063,/collections/bridal-gifts,/
