sku,item_id,title
10026,366655806812,Pre-Owned Rolex Oyster Perpetual Date 6827
3200,366655806979,Pre-Owned Rolex Lady Date Just 6919
3201,366655806976,Pre-Owned Rolex Oyster Perpetual Lady 6919
3208,366655806016,Pre-Owned Rolex Precision 6494
3211,366655791571,Pre-Owned Rolex Lady Date Just 6517
3492,366655791786,ROLEX GMT MASTER II 116710LN
3528,366655806263,Pre-Owned Rolex GMT Master II 116710LN
3655,366655806437,Pre-Owned Rolex Explorer II 216570
3677,366655791661,Pre-Owned Rolex Datejust 126331
3687,366655806438,Unworn Rolex Submariner Date 126610LN
3704,366655806436,ROLEX EXPLORER II 226570
3705,366655791675,ROLEX EXPLORER II 226570
3709,366655806440,Pre-Owned Rolex Submariner Date 116613LB
3713,366655747227,Pre-Owned Rolex Day-Date 228238
3715,366655806315,Pre-Owned Rolex Day-Date 228238
3850,366656769002,Pre-Owned Rolex Submariner No Date 114060
4082,366655747564,Pre-Owned Rolex Datejust 126334
4134,366656087571,Pre-Owned Rolex Submariner Date 116613LB
4152,366661883101,Pre-Owned Rolex Sea Dweller 16600
4159,366655791728,Pre-Owned Rolex Oyster Perpetual 124300
4166,366655791851,Pre-Owned Rolex Datejust 126334
4178,366655806308,Pre-Owned Rolex Milgauss 116400GV
6162,366655747693,Pre-Owned Patek Philippe Aquanaut 5167/1A
8701,366655747698,ROLEX PRECISION 6694
8821,366650158493,Pre-Owned Rolex Oyster Perpetual 2940
8831,366655747715,Pre-Owned Rolex Oyster Precision 6426
8841,366655806972,ROLEX DATEJUST 16234
8852,366655806987,ROLEX OYSTER PERPETUAL 67180
8859,366655806996,ROLEX DATEJUST 1601
8876,366655747728,Pre-Owned Rolex Oyster Perpetual 6718
8883,366655747729,Pre-Owned Rolex Datejust 1601
8884,366655747732,ROLEX DATEJUST 1603
8893,366655747743,ROLEX DATEJUST 1600
8911,366655747740,Pre-Owned Rolex Datejust 1601
8913,366655747751,ROLEX OYSTER PRECISION 6426
9084,366655807003,ROLEX OYSTER PERPETUAL DATE 6917
9102,366655806998,Pre-Owned Rolex Datejust 6605
9186,366655807010,Pre-Owned Rolex Lady Date Just 6917
9189,366655791878,Pre-Owned Rolex Datejust 6694
9196,366655747757,Pre-Owned Rolex Oyster Perpetual Date 1500
9197,366655747762,Pre-Owned Rolex Precision 6694
9209,366655807022,Pre-Owned Rolex Oyster Perpetual 6718
R3015,366655791770,ROLEX DATEJUST 126233
RR2613,366655806298,Pre-Owned Hermès Stainless Steel Mother Of Pearl Dial Women Watch
RR2954,366655791848,Pre-Owned Hermès Stainless Steel Kelly Pm Double Tour Gold Tone Blue Women Watch
RW3063,366655878115,Pre-Owned Rolex Yachtmaster 126622
RW3069,366655894083,Pre-Owned Rolex Datejust 126331
RW3071,366655894088,Pre-Owned Rolex GMT Master II 126710BLNR
U1158,366657008393,Pre-Owned Rolex GMT Master II 116710BLNR
U1187,366657008393,Pre-Owned Rolex Sea Dweller 116660