sku,vendor,title
J10141,Bvlgari,Pre-Owned Bvlgari 18K Two Tone BB 232T Tubogas Watch
RR9952,Bvlgari,Pre-Owned Bvlgari 18K Yellow Gold BB 19 1T Vintage Serpenti Black Dial Watch
RR7039,Bvlgari,Pre-Owned Bvlgari 18K Yellow Gold SQ 22 2T Quadrato Tubogas Diamond Bezel Women Watch
RR5576,Bvlgari,Pre-Owned Bvlgari Quadrato Tubogas Gold Diamond Dial F078 Flex Women Watch
J10259,Bvlgari,"Pre-Owned Bvlgari Serpenti 18K White Gold Quartz, White Dial Diamond Ladies Watch"
J10267,Bvlgari,Pre-Owned Bvlgari Parentesi 18K Yellow Gold BJ 01 H54486 Watch
J10321,Bvlgari,Pre-Owned Bvlgari Circa 1990 18K Two Tone Bvlgari Circa 1990 18K Two Tone BB 26 2T 26mm Dial Quartz Watch Watch
J10322,Bvlgari,Pre-Owned Bvlgari Quadrato Bvlgari Quadrato 22mm Square Dial F1218 SQ 22 2T Watch Watch
J10326,Bvlgari,Pre-Owned Bvlgari Serpenti 18K Rose Gold SP P35G Black Dial Diamond Bezel Ladies Watch
J10444,Bvlgari,Pre-Owned Bvlgari 18K Yellow Gold Tubogas 30mm Dial Watch
RR8272,Bvlgari,Pre-Owned Bvlgari 18K Rose Gold Black Enamel Diamond SP P 26G Ladies Watch
J10487,Bvlgari,Pre-Owned Bvlgari 18K Yellow Gold BB 19 2T Quartz Watch
RR9917,Cartier,Pre-Owned Cartier 18K Rose Gold Captive 55mm Diamond Bezel And Diamond Dial Watch
RR9758,Cartier,Pre-Owned Cartier Panthere 18K Yellow Gold Factory Diamond Mid Size Ref 1280/2 Women Watch
RR9291,Cartier,Pre-Owned Cartier Trinity 18K Tri Color Trinity Round Dial 27mm 1990's Diamond Women Watch
RR8601,Cartier,"Pre-Owned Cartier 18K Yellow Gold Tank Francaise 25,, Ref 1821 Women Diamond Watch"
RR7980,Cartier,Pre-Owned Cartier 18K White Gold Santos 100 Unisex White Gold Diamond Unisex Watch
RR2128,Cartier,Pre-Owned Cartier Pasha Seatimer Stainless Steel 42mm Chronograph Black Watch
RR9533,Cartier,Pre-Owned Cartier 18K White Gold Captive 35mm Diamond Dial Ref 3120 Watch
J10461,Cartier,Pre-Owned Cartier Pasha 18K White Gold 32mm Dial Diamond Markers #2398 Watch
J10492,Cartier,Pre-Owned Cartier Pasha 18K Yellow Gold 38mm Ref.1989 Leather Accents Watch
J10493,Cartier,Pre-Owned Cartier Tank Asymmetric 18K White Gold Diamond Ladies Ref 2786 Watch
J10077,Van Cleef & Arpels,Pre-Owned Van Cleef & Arpels 18K Yellow Gold Bouton D'or Medium Model Diamond Dial Watch
RR9406,Van Cleef & Arpels,Pre-Owned Van Cleef & Arpels 18K Rose Gold Charms Carnelian Dial 38mm Double Row Diamond Bezel Women Watch
RR9229,Van Cleef & Arpels,Pre-Owned Van Cleef & Arpels 18K Yellow Gold 32mm Charm Diamond Bezel Alligator Blue Strap Women Watch
RR7666,Van Cleef & Arpels,Pre-Owned Van Cleef & Arpels 18K Yellow Gold Diamond Cover Open Link Watch
RR7571,Van Cleef & Arpels,Pre-Owned Van Cleef & Arpels Façade 18K Yellow Gold Vintage Women Watch
van-cleef-arpels-1940s-18k-yellow-gold-vintage-retro-diamond-wrist-watch-rr5823,Van Cleef & Arpels,Pre-Owned Van Cleef & Arpels 1940's 18K Yellow Gold Vintage Retro Diamond Wrist Women Watch
J10355,Van Cleef & Arpels,Pre-Owned Van Cleef & Arpels Cadenas 18K Yellow Gold Diamond Five Row Ladies Bracelet Watch
RR9688,Chopard,Pre-Owned Chopard Platinum Deco Diamond And Green Emerald Women Watch
RR9295,Chopard,Pre-Owned Chopard 18K White Gold Chopardissimo Mirror Dial 40mm Dial Women Watch
RR4616,Chopard,Pre-Owned Chopard 18K White Gold Classique Femme Secret Compartment Diamond Women Watch
RR8379,Chopard,Pre-Owned Chopard 18K Yellow Gold 1970's Bark Finish Lapis Dial 1970's Wrist Women Watch
J10484,Chopard,Pre-Owned Chopard 18K Yellow Gold Diamond Grid Ref 2044 Manual Wind Onyx Ladies Watch
J10408,Verdura,Pre-Owned Verdura 18K Yellow Gold Twisted Rope Link Round Dial Watch
6197,AUDEMARS PIGUET,Unworn Audemars Piguet Royal Oak Selfwinding 26240BA.OO.1320BA.02
8114,ROLEX,Rolex GMT Master II 116718LN
RW3036,ROLEX,Pre-Owned Rolex Submariner Date 126613LB
RW3039,ROLEX,Pre-Owned Rolex Sky Dweller 326933
RW3041,ROLEX,Pre-Owned Rolex Datejust 126331
RW3067,ROLEX,Pre-Owned Rolex GMT Master II 126710BLRO
T3487,ROLEX,Rolex Sky Dweller 336934
T3513,ROLEX,Rolex Submariner No Date 124060
T3559,ROLEX,Rolex Submariner No Date 124060
T3608,ROLEX,Rolex Submariner Date 126613LB
T3639,ROLEX,Pre-Owned Rolex Sky Dweller 336934
T3652,ROLEX,Pre-Owned Rolex GMT Master II 116713LN
T3653,ROLEX,Unworn Rolex GMT Master II 126710GRNR
T3676,ROLEX,Pre-Owned Rolex Sky Dweller 336934
T3700,ROLEX,Pre-Owned Rolex Oyster Perpetual 114300
T3431,ROLEX,Rolex GMT Master II 126710BLRO
3863,ROLEX,Pre-Owned Rolex Submariner Date 126613LB
T3609,ROLEX,Rolex Submariner Date 126613LB
T3610,ROLEX,Rolex Submariner Date 126613LB
T3713,ROLEX,Pre-Owned Rolex Datejust 126334
3810,ROLEX,Pre-Owned Rolex Submariner Date 126613LB
3370,ROLEX,Pre-Owned Rolex Datejust 116233
3371,ROLEX,Pre-Owned Rolex Datejust 116233
3721,ROLEX,Pre-Owned Rolex GMT Master II 126713GRNR
3972,ROLEX,Pre-Owned Rolex Sky Dweller 326933
6190,PATEK PHILIPPE,Unworn Patek Philippe Aquanaut 5968R-001
6198,ROLEX,Unworn Rolex Daytona 126515LN
8500,ROLEX,Pre-Owned Rolex Daytona 116505
R3014,ROLEX,Pre-Owned Rolex Sky Dweller 326933
R3017,ROLEX,Rolex Submariner Date 116610LN
RW3035,ROLEX,Pre-Owned Rolex GMT Master II 126710BLNR
RW3043,ROLEX,Pre-Owned Rolex Datejust 126333
RW3046,ROLEX,Pre-Owned Rolex Datejust 126331
RW3047,ROLEX,Pre-Owned Rolex Datejust 126333
RW3054,ROLEX,Unworn Rolex Datejust 278271
RW3056,ROLEX,Pre-Owned Rolex Submariner Date 126610LN
RW3059,ROLEX,Pre-Owned Rolex Datejust 126231
RW3060,ROLEX,Rolex Datejust 126331
RW3062,ROLEX,Pre-Owned Rolex Datejust 126331
RW3064,ROLEX,Pre-Owned Rolex Explorer II 226570
RW3065,ROLEX,Pre-Owned Rolex Sea Dweller 126600
RW3073,ROLEX,Pre-Owned Rolex Sea Dweller 126660
RW3076,ROLEX,Unworn Rolex Land-Dweller 127334
T3489,ROLEX,Rolex Datejust 116234
T3492,ROLEX,Pre-Owned Rolex Lady Date Just 179174
T3549,ROLEX,Rolex Submariner Date 116610LN
T3555,ROLEX,Unworn Rolex Sky Dweller 336934
T3572,ROLEX,Rolex Submariner Date 116610LV
T3590,ROLEX,Rolex Submariner Date 116610LV
T3595,ROLEX,Pre-Owned Rolex Daytona 116520
T3604,ROLEX,Pre-Owned Rolex Submariner Date 16610
T3606,ROLEX,Pre-Owned Rolex Datejust 126233
T3607,ROLEX,Pre-Owned Rolex Submariner Date 16610
T3614,ROLEX,Unworn Rolex Lady Date Just 279174
T3633,ROLEX,Rolex Oyster Perpetual 116000
T3649,ROLEX,Unworn Rolex Submariner Date 909010LN
T3650,ROLEX,Unworn Rolex Sky Dweller 336934
T3659,ROLEX,Pre-Owned Rolex Datejust 126333
T3662,ROLEX,Pre-Owned Rolex Submariner Date 116610LN
T3663,ROLEX,Pre-Owned Rolex Submariner Date 116610LN
T3666,ROLEX,Pre-Owned Rolex Submariner Date 126618LB
T3669,ROLEX,Unworn Rolex Datejust 278274
T3673,ROLEX,Pre-Owned Rolex GMT Master II 126710BLNR
T3677,ROLEX,Unworn Rolex Sky Dweller 336934
T3678,ROLEX,Rolex Sky Dweller 336934
T3682,ROLEX,Rolex Lady Date Just 279171
T3683,ROLEX,Unworn Rolex Sky Dweller 336934
T3687,ROLEX,Unworn Rolex Lady Date Just 279173
T3688,ROLEX,Unworn Rolex Daytona 126500LN
T3690,ROLEX,Rolex Submariner Date 116613LN
T3691,ROLEX,Unworn Rolex Datejust 126234
T3693,ROLEX,Unworn Rolex GMT Master II 126720VTNR
T3702,ROLEX,Rolex Oyster Perpetual 277200
T3708,ROLEX,Unworn Rolex Datejust 126231
T3709,ROLEX,Unworn Rolex Datejust 278274
T3712,ROLEX,Pre-Owned Rolex GMT Master II 126710BLNR
T3715,ROLEX,Unworn Rolex Datejust 126234
T3716,ROLEX,Pre-Owned Rolex Submariner No Date 124060
T3717,ROLEX,Pre-Owned Rolex Submariner Date 126610LN
T3718,ROLEX,Rolex Datejust 126334
T3724,ROLEX,Pre-Owned Rolex Sky Dweller 326935
T3729,ROLEX,Rolex Yachtmaster 126622
T3732,ROLEX,Unworn Rolex Datejust 126334
T3734,ROLEX,Unworn Rolex Explorer II 226570
T3735,ROLEX,Rolex Daytona 116500LN
T3737,ROLEX,Pre-Owned Rolex Submariner No Date 124060
T3738,ROLEX,Rolex Daytona 126515LN
T3748,ROLEX,Rolex Datejust 126334
T3740,ROLEX,Rolex Explorer II 226570
J10515,Bvlgari,Pre-Owned Bvlgari Serpenti 18K Yellow Gold Blackened Steel Circa 1965 Jaeger Lecoultre Manual Watch
J10501,Graff,Pre-Owned Graff 18K White Gold Butterfly Green Emerald Limited Edition 32mm Dial Watch
RR9026,Harry Winston,Pre-Owned Harry Winston 18K White Gold Avenue Automatic Diamond Women Watch
RR4018,Chanel,Pre-Owned Chanel 18K Yellow Gold Premier Diamond Black Dial Women Watch
RW3066,ROLEX,Rolex Submariner Date 116610LV
T3741,ROLEX,Rolex Explorer II 226570
RW3082,ROLEX,Rolex Datejust 126334
RW3083,ROLEX,Rolex Datejust 126333
RW3084,ROLEX,Rolex Submariner Date 116613LB
RW3085,ROLEX,Rolex Milgauss 116400GV
RW3087,ROLEX,Pre-Owned Rolex Oyster Perpetual 114200
RW3088,ROLEX,Pre-Owned Rolex Datejust 126333
RW3092,ROLEX,Pre-Owned Rolex Submariner Date 116610LV
RW3094,ROLEX,Pre-Owned Rolex Submariner Date 126610LN
RW3097,ROLEX,Pre-Owned Rolex Submariner No Date 114060
RW3098,ROLEX,Rolex Submariner Date 16610
RW3099,ROLEX,Pre-Owned Rolex Daytona 116500LN
RW3100,ROLEX,Pre-Owned Rolex Submariner Date 126618LB
RW3101,ROLEX,Unworn Rolex Sky Dweller 336934
RW3102,ROLEX,Pre-Owned Rolex Deepsea 136660
RW3103,ROLEX,Pre-Owned Rolex Submariner Date 116613LB
RW3104,ROLEX,Pre-Owned Rolex Datejust 126334
RW3105,ROLEX,Unworn Rolex Oyster Perpetual 277200
RW3106,ROLEX,Pre-Owned Rolex Submariner No Date 114060
RW3107,ROLEX,Rolex Oyster Perpetual 114300
RW3095,ROLEX,Pre-Owned Rolex Submariner Date 116610LN
RW3096,ROLEX,Pre-Owned Rolex Datejust 126334
RW3086,ROLEX,Pre-Owned Rolex Datejust 126333
RR5823,Van Cleef & Arpels,Pre-Owned Van Cleef & Arpels 1940's 18K Yellow Gold Vintage Retro Diamond Wrist Women Watch
T3744,ROLEX,Unworn Rolex Submariner Date 909010LN
T3745,ROLEX,Unworn Rolex Submariner Date 909010LN
