sku,qty,status,vendor,title,handle,has_ebay,tags
RR2954,1,ARCHIVED,Hermès,Pre-Owned Hermes Stainless Steel Kelly PM Double Tour Gold Tone Blue Women Watch,hermes-stainless-steel-kelly-pm-double-tour-gold-tone-blue-watch-rr2954,False,"Authentic,Estate Jewelry,Hermès,Luxury Jewelry,Pre-Owned,Vintage,Watch"
RR2613,1,ARCHIVED,Hermès,Pre-Owned Hermes Stainless Steel Mother of Pearl Dial Women Watch,hermes-stainless-steel-mother-of-pearl-dial-watch-rr2613,False,"Authentic,Estate Jewelry,Hermès,Luxury Jewelry,Pre-Owned,Vintage,Watch"
10026,1,ARCHIVED,ROLEX,Pre-Owned Rolex Oyster Perpetual Date 6827,w-10026,False,"6827,lmny-feed,naked,Oyster Perpetual Date,Pre-Owned Watches,Rolex,Watches"
3119,0,ARCHIVED,ROLEX,Pre-Owned Rolex Oysterdate 6494,w-3119,True,"6494,ebay,lmny-feed,naked,Oysterdate,Pre-Owned Watches,Rolex,Watches"
3131,0,ARCHIVED,ROLEX,Pre-Owned Rolex Air-King 5700,w-3131,True,"5700,Air-King,ebay,lmny-feed,naked,Pre-Owned Watches,Rolex,Watches"
3180,0,ARCHIVED,ROLEX,Pre-Owned Rolex Day-Date 228348RBR,w-3180,True,"228348RBR,Day-Date,ebay,lmny-feed,papers-only,Pre-Owned Watches,Rolex,Watches"
3194,0,ARCHIVED,ROLEX,Pre-Owned Rolex Submariner Date 126610LN,w-3194,True,"126610LN,ebay,lmny-feed,naked,Pre-Owned Watches,Rolex,Submariner Date,Watches"
3200,0,ARCHIVED,ROLEX,Pre-Owned Rolex Lady Date Just 6919,w-3200,False,"6919,Lady Date Just,lmny-feed,naked,Pre-Owned Watches,Rolex,Watches"
3201,0,ARCHIVED,ROLEX,Pre-Owned Rolex Oyster Perpetual Lady 6919,w-3201,False,"6919,lmny-feed,naked,Oyster Perpetual Lady,Pre-Owned Watches,Rolex,Watches"
3221,0,ARCHIVED,ROLEX,Pre-Owned Rolex Oyster Precision 6422,w-3221,True,"6422,ebay,lmny-feed,naked,Oyster Precision,Pre-Owned Watches,Rolex,Watches"
3224,0,ARCHIVED,ROLEX,Pre-Owned Rolex Oyster Perpetual 6505,w-3224,True,"6505,ebay,lmny-feed,naked,Oyster Perpetual,Pre-Owned Watches,Rolex,Watches"
3234,0,ARCHIVED,ROLEX,Pre-Owned Rolex Lady Date Just 6919,w-3234,False,"6919,Lady Date Just,lmny-feed,naked,Pre-Owned Watches,Rolex,Watches"
3286,0,ARCHIVED,AUDEMARS PIGUET,Pre-Owned Audemars Piguet Royal Oak Selfwinding 15510ST,w-3286,True,"15510ST,Audemars Piguet,ebay,full-set,lmny-feed,Pre-Owned Watches,Royal Oak Selfwinding,Watches"
3314,0,ARCHIVED,ROLEX,Pre-Owned Rolex Daytona 116505,w-3314,True,"116505,Daytona,ebay,lmny-feed,papers-only,Pre-Owned Watches,Rolex,Watches"
3354,0,ARCHIVED,ROLEX,Pre-Owned Rolex Lady Date Just 179171,w-3354,True,"179171,ebay,Lady Date Just,lmny-feed,papers-only,Pre-Owned Watches,Rolex,Watches"
3355,0,ARCHIVED,ROLEX,Pre-Owned Rolex Datejust 178271,w-3355,True,"178271,Datejust,ebay,lmny-feed,naked,Pre-Owned Watches,Rolex,Watches"
3365,0,ARCHIVED,ROLEX,Pre-Owned Rolex Datejust 116203,w-3365,True,"116203,Datejust,ebay,lmny-feed,naked,Pre-Owned Watches,Rolex,Watches"
3398,0,ARCHIVED,ROLEX,Rolex Sky Dweller 336933,w-3398,True,"336933,ebay,full-set,lmny-feed,Rolex,Sky Dweller,SLIDER,Watches"
3514,0,ARCHIVED,ROLEX,Pre-Owned Rolex Datejust 126234,w-3514,True,"126234,Datejust,ebay,lmny-feed,papers-only,Pre-Owned Watches,Rolex,Watches"
3519,0,ARCHIVED,ROLEX,Rolex Day-Date 218235,w-3519,True,"218235,Day-Date,ebay,lmny-feed,papers-only,Rolex,SLIDER,Watches"
3530,0,ARCHIVED,ROLEX,Pre-Owned Rolex Day-Date II 218235,w-3530,True,"218235,Day-Date II,ebay,lmny-feed,papers-only,Pre-Owned Watches,Rolex,Watches"
3613,0,ARCHIVED,ROLEX,Pre-Owned Rolex Lady Date Just 279384,w-3613,True,"279384,ebay,Lady Date Just,lmny-feed,naked,Pre-Owned Watches,Rolex,Watches"
3682,0,ARCHIVED,ROLEX,Pre-Owned Rolex Day-Date 228239,w-3682,True,"228239,Day-Date,ebay,lmny-feed,papers-only,Pre-Owned Watches,Rolex,Watches"
3838,0,ARCHIVED,ROLEX,Pre-Owned Rolex Day-Date 228235,w-3838,True,"228235,Day-Date,ebay,lmny-feed,naked,Pre-Owned Watches,Rolex,Watches"
3846,0,ARCHIVED,ROLEX,Pre-Owned Rolex Submariner Date 126613LB,w-3846,False,"126613LB,lmny-feed,papers-only,Pre-Owned Watches,Rolex,Submariner Date,Watches"
3850,0,ARCHIVED,ROLEX,Pre-Owned Rolex Submariner No Date 114060,w-3850,False,"114060,lmny-feed,papers-only,Pre-Owned Watches,Rolex,Submariner No Date,Watches"
3869,0,ARCHIVED,ROLEX,Pre-Owned Rolex Day-Date 228238,w-3869,True,"228238,Day-Date,ebay,lmny-feed,papers-only,Pre-Owned Watches,Rolex,Watches"
3872,0,ARCHIVED,ROLEX,Unworn Rolex Day-Date 228345,w-3872,True,"228345,Day-Date,ebay,lmny-feed,papers-only,Rolex,Unworn Watches,Watches"
3877,0,ARCHIVED,CARTIER,Pre-Owned Cartier Santos WSSA0018,w-3877,True,"Cartier,ebay,lmny-feed,papers-only,Pre-Owned Watches,Santos,Watches,WSSA0018"
3882,0,ARCHIVED,ROLEX,Pre-Owned Rolex Day-Date 228235,w-3882,True,"228235,Day-Date,ebay,lmny-feed,naked,Pre-Owned Watches,Rolex,Watches"
3906,0,ARCHIVED,ROLEX,Pre-Owned Rolex Datejust 116263,w-3906,True,"116263,Datejust,ebay,lmny-feed,naked,Pre-Owned Watches,Rolex,Watches"
3912,0,ARCHIVED,CARTIER,Pre-Owned Cartier Santos W2SA0008,w-3912,True,"Cartier,ebay,lmny-feed,naked,Pre-Owned Watches,Santos,W2SA0008,Watches"
3921,0,ARCHIVED,ROLEX,Pre-Owned Rolex Day-Date II 218239,w-3921,False,"218239,Day-Date II,lmny-feed,papers-only,Pre-Owned Watches,Rolex,Watches"
3967,0,ARCHIVED,ROLEX,Pre-Owned Rolex Lady Date Just 6916,w-3967,False,"6916,Lady Date Just,lmny-feed,naked,Pre-Owned Watches,Rolex,Watches"
3979,0,ARCHIVED,ROLEX,Pre-Owned Rolex Submariner Date 126610LN,w-3979,True,"126610LN,ebay,lmny-feed,naked,Pre-Owned Watches,Rolex,Submariner Date,Watches"
3994,0,ARCHIVED,ROLEX,Pre-Owned Rolex Sky Dweller 336938,w-3994,True,"336938,ebay,lmny-feed,papers-only,Pre-Owned Watches,Rolex,Sky Dweller,Watches"
4081,0,ARCHIVED,ROLEX,Pre-Owned Rolex Day-Date 228239,w-4081,True,"228239,Day-Date,ebay,lmny-feed,papers-only,Pre-Owned Watches,Rolex,Watches"
4085,0,ARCHIVED,ROLEX,Pre-Owned Rolex Oyster Perpetual 134300,w-4085,True,"134300,ebay,lmny-feed,naked,Oyster Perpetual,Pre-Owned Watches,Rolex,Watches"
4097,0,ARCHIVED,ROLEX,Pre-Owned Rolex Datejust 278383RBR,w-4097,True,"278383RBR,Datejust,ebay,full-set,lmny-feed,Pre-Owned Watches,Rolex,Watches"
8704,0,ARCHIVED,ROLEX,Rolex Datejust 279174,w-8704,True,"279174,Datejust,ebay,lmny-feed,naked,RETAIL READY,Rolex,Watches"
8730,0,ARCHIVED,ROLEX,Pre-Owned Rolex Oyster Perpetual 76094,w-8730,True,"76094,ebay,lmny-feed,naked,Oyster Perpetual,Pre-Owned Watches,Rolex,Watches"
8731,0,ARCHIVED,ROLEX,Rolex Oyster Perpetual 14233,w-8731,True,"14233,ebay,lmny-feed,naked,Oyster Perpetual,Rolex,SLIDER,Watches"
8732,0,ARCHIVED,ROLEX,Pre-Owned Rolex Oyster Perpetual 15203,w-8732,True,"15203,ebay,lmny-feed,naked,Oyster Perpetual,Pre-Owned Watches,Rolex,Watches"
8750,0,ARCHIVED,ROLEX,Pre-Owned Rolex Precision 6105,w-8750,True,"6105,ebay,lmny-feed,naked,Pre-Owned Watches,Precision,Rolex,Watches"
8758,0,ARCHIVED,ROLEX,Rolex Datejust 1601,w-8758,True,"1601,Datejust,ebay,lmny-feed,naked,RETAIL READY,Rolex,Watches"
8821,0,ARCHIVED,ROLEX,Pre-Owned Rolex Oyster Perpetual 2940,w-8821,True,"2940,ebay,lmny-feed,naked,Oyster Perpetual,Pre-Owned Watches,Rolex,Watches"
8822,0,ARCHIVED,ROLEX,Rolex Datejust 1601,w-8822,True,"1601,Datejust,ebay,lmny-feed,naked,RETAIL READY,Rolex,Watches"
8827,0,ARCHIVED,ROLEX,Pre-Owned Rolex Oyster Perpetual 6718,w-8827,True,"6718,ebay,lmny-feed,naked,Oyster Perpetual,Pre-Owned Watches,Rolex,Watches"
8839,0,ARCHIVED,ROLEX,Pre-Owned Rolex Datejust 16014,w-8839,True,"16014,Datejust,ebay,lmny-feed,naked,Pre-Owned Watches,Rolex,Watches"
8841,0,ARCHIVED,ROLEX,ROLEX DATEJUST 16234,w-8841,False,"lmny-feed,naked,RETAIL READY,ROLEX"
8852,-1,ARCHIVED,ROLEX,ROLEX OYSTER PERPETUAL 67180,w-8852,False,"lmny-feed,naked,ROLEX,SLIDER"
8859,0,ARCHIVED,ROLEX,ROLEX DATEJUST 1601,w-8859,False,"lmny-feed,naked,RETAIL READY,ROLEX"
8863,0,ARCHIVED,ROLEX,Pre-Owned Rolex Oyster Perpetual 1005,w-8863,True,"1005,ebay,lmny-feed,naked,Oyster Perpetual,Pre-Owned Watches,Rolex,Watches"
8877,0,ARCHIVED,ROLEX,Pre-Owned Rolex Datejust 1601,w-8877,True,"1601,Datejust,ebay,lmny-feed,naked,Pre-Owned Watches,Rolex,Watches"
8878,0,ARCHIVED,ROLEX,Pre-Owned Rolex Datejust 1601,w-8878,True,"1601,Datejust,ebay,lmny-feed,naked,Pre-Owned Watches,Rolex,Watches"
8880,0,ARCHIVED,ROLEX,Pre-Owned Rolex Oyster Perpetual 67193,w-8880,True,"67193,ebay,lmny-feed,naked,Oyster Perpetual,Pre-Owned Watches,Rolex,Watches"
8920,0,ARCHIVED,ROLEX,Pre-Owned Rolex Datejust 1601,w-8920,True,"1601,Datejust,ebay,lmny-feed,naked,Pre-Owned Watches,Rolex,Watches"
8921,0,ARCHIVED,ROLEX,Pre-Owned Rolex Datejust 1601,w-8921,True,"1601,Datejust,ebay,lmny-feed,naked,Pre-Owned Watches,Rolex,Watches"
8938,0,ARCHIVED,ROLEX,Pre-Owned Rolex Datejust 1625,w-8938,True,"1625,Datejust,ebay,lmny-feed,naked,Pre-Owned Watches,Rolex,Watches"
8956,0,ARCHIVED,ROLEX,Pre-Owned Rolex Datejust 16014,w-8956,True,"16014,Datejust,ebay,lmny-feed,naked,Pre-Owned Watches,Rolex,Watches"
8964,0,ARCHIVED,ROLEX,Rolex Datejust 1601,w-8964,True,"1601,Datejust,ebay,lmny-feed,naked,RETAIL READY,Rolex,Watches"
8994,0,ARCHIVED,ROLEX,Rolex Datejust 126300,w-8994,True,"126300,Datejust,ebay,lmny-feed,naked,Rolex,SLIDER,Watches"
9004,0,ARCHIVED,ROLEX,Pre-Owned Rolex Daytona 116505,w-9004,True,"116505,Daytona,ebay,lmny-feed,papers-only,Pre-Owned Watches,Rolex,Watches"
9077,0,ARCHIVED,ROLEX,Pre-Owned Rolex Yacht-Master II 116681,w-9077,True,"116681,ebay,lmny-feed,naked,Pre-Owned Watches,Rolex,Watches,Yacht-Master II"
9084,0,ARCHIVED,ROLEX,ROLEX OYSTER PERPETUAL DATE 6917,w-9084,False,"lmny-feed,MINT,naked,ROLEX"
9102,1,ARCHIVED,ROLEX,Pre-Owned Rolex Datejust 6605,w-9102,False,"6605,Datejust,lmny-feed,naked,Pre-Owned Watches,Rolex,Watches"
9104,0,ARCHIVED,ROLEX,Pre-Owned Rolex Datejust 6305,w-9104,True,"6305,Datejust,ebay,lmny-feed,naked,Pre-Owned Watches,Rolex,Watches"
9186,0,ARCHIVED,ROLEX,Pre-Owned Rolex Lady Date Just 6917,w-9186,False,"6917,Lady Date Just,lmny-feed,naked,Pre-Owned Watches,Rolex,Watches"
9190,0,ARCHIVED,ROLEX,Pre-Owned Rolex Oyster Perpetual Date 1500,w-9190,True,"1500,ebay,lmny-feed,naked,Oyster Perpetual Date,Pre-Owned Watches,Rolex,Watches"
9192,0,ARCHIVED,ROLEX,Pre-Owned Rolex Oyster Perpetual Date 1500,w-9192,True,"1500,ebay,lmny-feed,naked,Oyster Perpetual Date,Pre-Owned Watches,Rolex,Watches"
9201,0,ARCHIVED,ROLEX,Pre-Owned Rolex Daytona 116515LN,w-9201,True,"116515LN,Daytona,ebay,lmny-feed,papers-only,Pre-Owned Watches,Rolex,Watches"
9209,0,ARCHIVED,ROLEX,Pre-Owned Rolex Oyster Perpetual 6718,w-9209,False,"6718,lmny-feed,naked,Oyster Perpetual,Pre-Owned Watches,Rolex,Watches"
9213,0,ARCHIVED,ROLEX,Pre-Owned Rolex GMT Master II 16710,w-9213,True,"16710,ebay,GMT Master II,lmny-feed,naked,Pre-Owned Watches,Rolex,Watches"
9220,0,ARCHIVED,ROLEX,Pre-Owned Rolex GMT Master II 126710BLNR,w-9220,True,"126710BLNR,ebay,GMT Master II,lmny-feed,naked,Pre-Owned Watches,Rolex,Watches"
9424,0,ARCHIVED,ROLEX,Pre-Owned Rolex Datejust 178344,w-9424,True,"178344,Datejust,ebay,lmny-feed,papers-only,Pre-Owned Watches,Rolex,Watches"
9469,0,ARCHIVED,ROLEX,Pre-Owned Rolex Datejust 126333,w-9469,False,"126333,Datejust,lmny-feed,papers-only,Pre-Owned Watches,Rolex,Watches"
9573,0,ARCHIVED,ROLEX,Pre-Owned Rolex Lady Date Just 6516,w-9573,False,"6516,Lady Date Just,lmny-feed,naked,Pre-Owned Watches,Rolex,Watches"
9587,0,ARCHIVED,ROLEX,Pre-Owned Rolex Oyster Perpetual 6619,w-9587,False,"6619,lmny-feed,naked,Oyster Perpetual,Pre-Owned Watches,Rolex,Watches"
9696,0,ARCHIVED,ROLEX,Pre-Owned Rolex Sky Dweller 326935,w-9696,True,"326935,ebay,lmny-feed,papers-only,Pre-Owned Watches,Rolex,Sky Dweller,Watches"
9699,0,ARCHIVED,ROLEX,Pre-Owned Rolex Oyster Perpetual Date 6917,w-9699,True,"6917,ebay,lmny-feed,naked,Oyster Perpetual Date,Pre-Owned Watches,Rolex,Watches"
9701,0,ARCHIVED,ROLEX,Pre-Owned Rolex Oyster Perpetual Date 6917,w-9701,True,"6917,ebay,lmny-feed,naked,Oyster Perpetual Date,Pre-Owned Watches,Rolex,Watches"
9705,0,ARCHIVED,ROLEX,Pre-Owned Rolex Oyster Perpetual 6916,w-9705,True,"6916,ebay,lmny-feed,naked,Oyster Perpetual,Pre-Owned Watches,Rolex,Watches"
9767,0,ARCHIVED,ROLEX,Pre-Owned Rolex Day-Date 118235,w-9767,True,"118235,Day-Date,ebay,lmny-feed,papers-only,Pre-Owned Watches,Rolex,Watches"
9855,0,ARCHIVED,ROLEX,Pre-Owned Rolex Day-Date 228235,w-9855,True,"228235,Day-Date,ebay,lmny-feed,papers-only,Pre-Owned Watches,Rolex,Watches"
9989,0,ARCHIVED,ROLEX,Rolex Day-Date 228238,w-9989,True,"228238,Day-Date,ebay,lmny-feed,papers-only,Rolex,SLIDER,Watches"
P3548,0,ARCHIVED,PATEK PHILIPPE,PATEK PHILIPPE AQUANAUT 5167R-001,w-p3548,False,"full-set,lmny-feed,PATEK PHILIPPE,PRE OWNED"
P3549,0,ARCHIVED,ROLEX,ROLEX DAY-DATE 228235,w-p3549,False,"lmny-feed,papers-only,PRE OWNED,ROLEX"
P5267,0,ARCHIVED,AUDEMARS PIGUET,Audemars Piguet Royal Oak 56175SA,w-p5267,True,"56175SA,Audemars Piguet,ebay,lmny-feed,papers-only,Royal Oak,SLIDER,Watches"
P5316,0,ARCHIVED,ROLEX,ROLEX DATEJUST 126334,w-p5316,False,"lmny-feed,papers-only,ROLEX,SLIDER"
P5321,0,ARCHIVED,ROLEX,ROLEX DAYTONA 116500LN,w-p5321,False,"lmny-feed,papers-only,ROLEX,SLIDER"
P5333,0,ARCHIVED,ROLEX,ROLEX DATEJUST 126334,w-p5333,False,"lmny-feed,papers-only,ROLEX,SLIDER"
P5343,0,ARCHIVED,OMEGA,OMEGA SPEEDMASTER 310.32.42.50.02.001,w-p5343,False,"lmny-feed,OMEGA,papers-only,SLIDER"
P5345,0,ARCHIVED,ROLEX,ROLEX GMT MASTER II 126715CHNR,w-p5345,False,"lmny-feed,papers-only,ROLEX,SLIDER"
P5347,0,ARCHIVED,ROLEX,ROLEX GMT MASTER II 126715CHNR,w-p5347,False,"lmny-feed,papers-only,PRE OWNED,ROLEX"
R3015,0,ARCHIVED,ROLEX,ROLEX DATEJUST 126233,w-r3015,False,"lmny-feed,papers-only,PRE OWNED,ROLEX"
RW3045,0,ARCHIVED,ROLEX,ROLEX GMT MASTER II 126710BLNR,w-rw3045,False,"lmny-feed,papers-only,PRE OWNED,ROLEX"
T3420,0,ARCHIVED,ROLEX,ROLEX OYSTER PERPETUAL 114300,w-t3420,False,"lmny-feed,papers-only,RETAIL READY,ROLEX"
T3428,0,ARCHIVED,ROLEX,ROLEX GMT MASTER II 126710BLNR,w-t3428,False,"lmny-feed,papers-only,RETAIL READY,ROLEX"
T3514,0,ARCHIVED,ROLEX,Pre-Owned Rolex Lady Date Just 69178,w-t3514,True,"69178,ebay,Lady Date Just,lmny-feed,naked,Pre-Owned Watches,Rolex,Watches"
T3536,0,ARCHIVED,ROLEX,ROLEX GMT MASTER II 126710BLNR,w-t3536,False,"lmny-feed,papers-only,PRE OWNED,ROLEX"
T3685,0,ARCHIVED,ROLEX,Pre-Owned Rolex Submariner No Date 114060,w-t3685,False,"114060,lmny-feed,papers-only,Pre-Owned Watches,Rolex,Submariner No Date,Watches"
U1037,0,ARCHIVED,ROLEX,Pre-Owned Rolex Submariner Date 116613LB,w-u1037,True,"116613LB,ebay,lmny-feed,naked,Pre-Owned Watches,Rolex,Submariner Date,Watches"
U1071,0,ARCHIVED,ROLEX,Pre-Owned Rolex Datejust 126334,w-u1071,True,"126334,Datejust,ebay,lmny-feed,naked,Pre-Owned Watches,Rolex,Watches"
U1122,0,ARCHIVED,ROLEX,Pre-Owned Rolex Day-Date 128238,w-u1122,True,"128238,Day-Date,ebay,full-set,lmny-feed,Pre-Owned Watches,Rolex,Watches"
U1143,0,ARCHIVED,ROLEX,ROLEX DATEJUST 16233,w-u1143,False,"lmny-feed,papers-only,PRE OWNED,ROLEX"
U3223,0,ARCHIVED,ROLEX,ROLEX OYSTER PERPETUAL 6718,w-u3223,False,"lmny-feed,naked,PRE OWNED,ROLEX"
U3226,0,ARCHIVED,ROLEX,ROLEX OYSTER PERPETUAL 6718,w-u3226,False,"lmny-feed,naked,PRE OWNED,ROLEX"
U3227,0,ARCHIVED,ROLEX,ROLEX LADY DATE JUST 6917,w-u3227,False,"lmny-feed,naked,PRE OWNED,ROLEX"
U3231,0,ARCHIVED,ROLEX,ROLEX OYSTER PERPETUAL 124200,w-u3231,False,"lmny-feed,papers-only,RETAIL READY,ROLEX"
U3985,0,ARCHIVED,BREITLING,BREITLING BENTLY 6.75 A44364,w-u3985,False,"BREITLING,EXCELLENT,lmny-feed,naked"
U9185,0,ARCHIVED,ROLEX,ROLEX LADY DATE JUST 6917,w-u9185,False,"lmny-feed,MINT,naked,ROLEX"
U9700,0,ARCHIVED,ROLEX,ROLEX OYSTER PERPETUAL DATE 6917,w-u9700,False,"lmny-feed,naked,PRE OWNED,ROLEX"
3481,0,ARCHIVED,ROLEX,Rolex Datejust 126334,w-3481,True,"126334,Datejust,ebay,lmny-feed,papers-only,RETAIL READY,Rolex,Watches"
3533,0,ARCHIVED,ROLEX,Pre-Owned Rolex Daytona 116509,w-3533,True,"116509,Daytona,ebay,lmny-feed,papers-only,Pre-Owned Watches,Rolex,Watches"
3706,0,ARCHIVED,ROLEX,Pre-Owned Rolex Datejust 126334,w-3706,True,"126334,Datejust,ebay,lmny-feed,papers-only,Pre-Owned Watches,Rolex,Watches"
3811,0,ARCHIVED,ROLEX,Pre-Owned Rolex Day-Date 228238,w-3811,True,"228238,Day-Date,ebay,lmny-feed,papers-only,Pre-Owned Watches,Rolex,Watches"
3814,0,ARCHIVED,ROLEX,Pre-Owned Rolex Yacht-Master II 116688,w-3814,True,"116688,ebay,lmny-feed,papers-only,Pre-Owned Watches,Rolex,Watches,Yacht-Master II"
9187,0,ARCHIVED,ROLEX,Pre-Owned Rolex Precision 6694,w-9187,True,"6694,ebay,lmny-feed,naked,Pre-Owned Watches,Precision,Rolex,Watches"
P3546,0,ARCHIVED,ROLEX,ROLEX DAYTONA 126500LN,w-p3546,False,"lmny-feed,papers-only,ROLEX,SLIDER"
T3674,1,ARCHIVED,ROLEX,Rolex Datejust 126334,w-t3674,False,"126334,Datejust,lmny-feed,papers-only,Rolex,SLIDER,Watches"
8743,0,ARCHIVED,ROLEX,Rolex Oyster Perpetual 76193,w-8743,True,"76193,ebay,lmny-feed,naked,Oyster Perpetual,RETAIL READY,Rolex,Watches"
R3002,0,ARCHIVED,ROLEX,Pre-Owned Rolex Submariner Date 126613LB,w-r3002,False,"126613LB,lmny-feed,papers-only,Pre-Owned Watches,Rolex,Submariner Date,Watches"
T3579,0,ARCHIVED,ROLEX,Pre-Owned Rolex Submariner Date 126613LB,w-t3579,False,"126613LB,lmny-feed,papers-only,Pre-Owned Watches,Rolex,Submariner Date,Watches"
3969,0,ARCHIVED,ROLEX,Pre-Owned Rolex Oyster Perpetual 69178,w-3969,False,"69178,lmny-feed,naked,Oyster Perpetual,Pre-Owned Watches,Rolex,Watches"
M3982,0,ARCHIVED,AUDEMARS PIGUET,Pre-Owned Audemars Piguet Royal Oak Double Wheel 15407BA,w-m3982,True,"15407BA,Audemars Piguet,ebay,lmny-feed,naked,Pre-Owned Watches,Royal Oak Double Wheel,Watches"
P5344,0,ARCHIVED,PATEK PHILIPPE,PATEK PHILIPPE AQUANAUT 5269R-001,w-p5344,False,"lmny-feed,papers-only,PATEK PHILIPPE,SLIDER"
U1161,0,ARCHIVED,ROLEX,Pre-Owned Rolex Datejust 126334,w-u1161,True,"126334,Datejust,ebay,full-set,lmny-feed,Pre-Owned Watches,Rolex,Watches"
10005,0,ARCHIVED,ROLEX,Pre-Owned Rolex Oysterdate 6694,w-10005,True,"6694,ebay,lmny-feed,naked,Oysterdate,Pre-Owned Watches,Rolex,Watches"
10006,1,ARCHIVED,ROLEX,Pre-Owned Rolex Oysterdate 6694,w-10006,False,"6694,lmny-feed,naked,Oysterdate,Pre-Owned Watches,Rolex,Watches"
10007,0,ARCHIVED,ROLEX,Pre-Owned Rolex Oysterdate 6694,w-10007,True,"6694,ebay,lmny-feed,naked,Oysterdate,Pre-Owned Watches,Rolex,Watches"
10009,0,ARCHIVED,ROLEX,Pre-Owned Rolex Oysterdate 6694,w-10009,True,"6694,ebay,lmny-feed,naked,Oysterdate,Pre-Owned Watches,Rolex,Watches"
10011,0,ARCHIVED,ROLEX,Pre-Owned Rolex Lady Date Just 179173,w-10011,True,"179173,ebay,Lady Date Just,lmny-feed,naked,Pre-Owned Watches,Rolex,Watches"
10012,0,ARCHIVED,ROLEX,Pre-Owned Rolex Oysterdate 6694,w-10012,True,"6694,ebay,lmny-feed,naked,Oysterdate,Pre-Owned Watches,Rolex,Watches"
10013,0,ARCHIVED,ROLEX,Pre-Owned Rolex Oysterdate 6694,w-10013,True,"6694,ebay,lmny-feed,naked,Oysterdate,Pre-Owned Watches,Rolex,Watches"
10027,0,ARCHIVED,CARTIER,Pre-Owned Cartier Santos WSSA0018,w-10027,True,"Cartier,ebay,lmny-feed,papers-only,Pre-Owned Watches,Santos,Watches,WSSA0018"
10028,0,ARCHIVED,CARTIER,Pre-Owned Cartier Santos WSSA0062,w-10028,True,"Cartier,ebay,lmny-feed,papers-only,Pre-Owned Watches,Santos,Watches,WSSA0062"
10029,0,ARCHIVED,CARTIER,Pre-Owned Cartier Santos WSSA0018,w-10029,True,"Cartier,ebay,lmny-feed,papers-only,Pre-Owned Watches,Santos,Watches,WSSA0018"
10030,0,ARCHIVED,CARTIER,Pre-Owned Cartier Santos WSSA0062,w-10030,True,"Cartier,ebay,lmny-feed,papers-only,Pre-Owned Watches,Santos,Watches,WSSA0062"
10031,0,ARCHIVED,CARTIER,Pre-Owned Cartier Santos WSSA0018,w-10031,True,"Cartier,ebay,lmny-feed,papers-only,Pre-Owned Watches,Santos,Watches,WSSA0018"
10032,0,ARCHIVED,CARTIER,Pre-Owned Cartier Santos WSSA0018,w-10032,True,"Cartier,ebay,lmny-feed,papers-only,Pre-Owned Watches,Santos,Watches,WSSA0018"
10034,0,ARCHIVED,CARTIER,Pre-Owned Cartier Santos WSSA0018,w-10034,True,"Cartier,ebay,lmny-feed,papers-only,Pre-Owned Watches,Santos,Watches,WSSA0018"
10036,0,ARCHIVED,CARTIER,Pre-Owned Cartier Santos WSSA0018,w-10036,True,"Cartier,ebay,lmny-feed,papers-only,Pre-Owned Watches,Santos,Watches,WSSA0018"
10037,0,ARCHIVED,CARTIER,Pre-Owned Cartier Santos WSSA0018,w-10037,True,"Cartier,ebay,lmny-feed,papers-only,Pre-Owned Watches,Santos,Watches,WSSA0018"
10043,0,ARCHIVED,CARTIER,Pre-Owned Cartier Santos WSSA0018,w-10043,True,"Cartier,ebay,lmny-feed,papers-only,Pre-Owned Watches,Santos,Watches,WSSA0018"
10044,0,ARCHIVED,CARTIER,Pre-Owned Cartier Santos WSSA0018,w-10044,True,"Cartier,ebay,lmny-feed,papers-only,Pre-Owned Watches,Santos,Watches,WSSA0018"
10045,0,ARCHIVED,CARTIER,Pre-Owned Cartier Santos WSSA0018,w-10045,True,"Cartier,ebay,lmny-feed,papers-only,Pre-Owned Watches,Santos,Watches,WSSA0018"
10047,0,ARCHIVED,CARTIER,Pre-Owned Cartier Santos WSSA0018,w-10047,True,"Cartier,ebay,lmny-feed,papers-only,Pre-Owned Watches,Santos,Watches,WSSA0018"
10049,0,ARCHIVED,CARTIER,Pre-Owned Cartier Santos WSSA0018,w-10049,True,"Cartier,ebay,lmny-feed,papers-only,Pre-Owned Watches,Santos,Watches,WSSA0018"
10052,0,ARCHIVED,CARTIER,Pre-Owned Cartier Santos WSSA0037,w-10052,True,"Cartier,ebay,lmny-feed,papers-only,Pre-Owned Watches,Santos,Watches,WSSA0037"
3003,0,ARCHIVED,ROLEX,Pre-Owned Rolex Sea Dweller 126600,w-3003,True,"126600,ebay,lmny-feed,papers-only,Pre-Owned Watches,Rolex,Sea Dweller,Watches"
3013,0,ARCHIVED,CARTIER,Pre-Owned Cartier Santos WSSA0018,w-3013,True,"Cartier,ebay,lmny-feed,naked,Pre-Owned Watches,Santos,Watches,WSSA0018"
3014,0,ARCHIVED,CARTIER,Pre-Owned Cartier Santos WSSA0018,w-3014,True,"Cartier,ebay,lmny-feed,papers-only,Pre-Owned Watches,Santos,Watches,WSSA0018"
3015,0,ARCHIVED,ROLEX,Pre-Owned Rolex Oyster Perpetual 114200,w-3015,True,"114200,ebay,lmny-feed,Oyster Perpetual,papers-only,Pre-Owned Watches,Rolex,Watches"
3087,0,ARCHIVED,ROLEX,Pre-Owned Rolex Sky Dweller 326934,w-3087,True,"326934,ebay,lmny-feed,papers-only,Pre-Owned Watches,Rolex,Sky Dweller,Watches"
3100,0,ARCHIVED,ROLEX,Pre-Owned Rolex GMT Master II 126710BLRO,w-3100,True,"126710BLRO,ebay,GMT Master II,lmny-feed,papers-only,Pre-Owned Watches,Rolex,Watches"
3102,0,ARCHIVED,ROLEX,Pre-Owned Rolex Oysterdate 6694,w-3102,True,"6694,ebay,lmny-feed,naked,Oysterdate,Pre-Owned Watches,Rolex,Watches"
3103,0,ARCHIVED,ROLEX,Pre-Owned Rolex Oysterdate 6694,w-3103,True,"6694,ebay,lmny-feed,naked,Oysterdate,Pre-Owned Watches,Rolex,Watches"
3120,0,ARCHIVED,ROLEX,Pre-Owned Rolex Oyster Perpetual 6718,w-3120,True,"6718,ebay,lmny-feed,naked,Oyster Perpetual,Pre-Owned Watches,Rolex,Watches"
3121,0,ARCHIVED,ROLEX,Pre-Owned Rolex Oyster Precision 6427,w-3121,False,"6427,lmny-feed,naked,Oyster Precision,Pre-Owned Watches,Rolex,Watches"
3124,0,ARCHIVED,ROLEX,Pre-Owned Rolex Oysterdate 6694,w-3124,True,"6694,ebay,lmny-feed,naked,Oysterdate,Pre-Owned Watches,Rolex,Watches"
3125,0,ARCHIVED,ROLEX,Pre-Owned Rolex Oysterdate 6694,w-3125,False,"6694,lmny-feed,naked,Oysterdate,Pre-Owned Watches,Rolex,Watches"
3126,0,ARCHIVED,ROLEX,Pre-Owned Rolex Oysterdate 6694,w-3126,True,"6694,ebay,lmny-feed,naked,Oysterdate,Pre-Owned Watches,Rolex,Watches"
3127,0,ARCHIVED,ROLEX,Pre-Owned Rolex Oysterdate 6694,w-3127,True,"6694,ebay,lmny-feed,naked,Oysterdate,Pre-Owned Watches,Rolex,Watches"
3128,0,ARCHIVED,ROLEX,Pre-Owned Rolex Oysterdate 6466,w-3128,False,"6466,lmny-feed,naked,Oysterdate,Pre-Owned Watches,Rolex,Watches"
3129,0,ARCHIVED,ROLEX,Pre-Owned Rolex Precision 6694,w-3129,True,"6694,ebay,lmny-feed,naked,Pre-Owned Watches,Precision,Rolex,Watches"
3130,0,ARCHIVED,ROLEX,Pre-Owned Rolex Precision 6694,w-3130,True,"6694,ebay,lmny-feed,naked,Pre-Owned Watches,Precision,Rolex,Watches"
3132,0,ARCHIVED,ROLEX,Pre-Owned Rolex Oysterdate 6466,w-3132,True,"6466,ebay,lmny-feed,naked,Oysterdate,Pre-Owned Watches,Rolex,Watches"
3134,0,ARCHIVED,CARTIER,Pre-Owned Cartier Santos WSSA0062,w-3134,True,"Cartier,ebay,lmny-feed,papers-only,Pre-Owned Watches,Santos,Watches,WSSA0062"
3136,0,ARCHIVED,CARTIER,Pre-Owned Cartier Santos WSSA0018,w-3136,True,"Cartier,ebay,lmny-feed,papers-only,Pre-Owned Watches,Santos,Watches,WSSA0018"
3146,0,ARCHIVED,CARTIER,Pre-Owned Cartier Santos WSSA0030,w-3146,True,"Cartier,ebay,lmny-feed,papers-only,Pre-Owned Watches,Santos,Watches,WSSA0030"
3147,0,ARCHIVED,CARTIER,Pre-Owned Cartier Santos WSSA0018,w-3147,True,"Cartier,ebay,lmny-feed,papers-only,Pre-Owned Watches,Santos,Watches,WSSA0018"
3148,0,ARCHIVED,CARTIER,Pre-Owned Cartier Santos WSSA0018,w-3148,True,"Cartier,ebay,lmny-feed,papers-only,Pre-Owned Watches,Santos,Watches,WSSA0018"
3149,0,ARCHIVED,CARTIER,Pre-Owned Cartier Santos WSSA0018,w-3149,True,"Cartier,ebay,lmny-feed,papers-only,Pre-Owned Watches,Santos,Watches,WSSA0018"
3150,0,ARCHIVED,CARTIER,Pre-Owned Cartier Santos WSSA0018,w-3150,True,"Cartier,ebay,lmny-feed,papers-only,Pre-Owned Watches,Santos,Watches,WSSA0018"
3151,0,ARCHIVED,CARTIER,Pre-Owned Cartier Santos WSSA0018,w-3151,True,"Cartier,ebay,lmny-feed,papers-only,Pre-Owned Watches,Santos,Watches,WSSA0018"
3152,0,ARCHIVED,CARTIER,Pre-Owned Cartier Santos WSSA0030,w-3152,True,"Cartier,ebay,lmny-feed,papers-only,Pre-Owned Watches,Santos,Watches,WSSA0030"
3153,0,ARCHIVED,CARTIER,Pre-Owned Cartier Santos WSSA0018,w-3153,True,"Cartier,ebay,lmny-feed,papers-only,Pre-Owned Watches,Santos,Watches,WSSA0018"
3159,0,ARCHIVED,ROLEX,Rolex Yachtmaster 126621,w-3159,True,"126621,ebay,lmny-feed,papers-only,Rolex,SLIDER,Watches,Yachtmaster"
3160,0,ARCHIVED,ROLEX,Pre-Owned Rolex Submariner Date 16800,w-3160,True,"16800,ebay,lmny-feed,naked,Pre-Owned Watches,Rolex,Submariner Date,Watches"
3172,0,ARCHIVED,ROLEX,Rolex Sky Dweller 336938,w-3172,True,"336938,ebay,lmny-feed,papers-only,RETAIL READY,Rolex,Sky Dweller,Watches"
3176,0,ARCHIVED,ROLEX,Rolex Datejust 126233,w-3176,True,"126233,Datejust,ebay,full-set,lmny-feed,RETAIL READY,Rolex,Watches"
3179,0,ARCHIVED,ROLEX,Unworn Rolex Oyster Perpetual 134300,w-3179,True,"134300,ebay,lmny-feed,Oyster Perpetual,papers-only,Rolex,Unworn Watches,Watches"
3192,1,ARCHIVED,ROLEX,Pre-Owned Rolex Submariner Date 126613LN,w-3192,False,"126613LN,lmny-feed,papers-only,Pre-Owned Watches,Rolex,Submariner Date,Watches"
3193,0,ARCHIVED,ROLEX,Pre-Owned Rolex Air-King 116900,w-3193,False,"116900,Air-King,lmny-feed,papers-only,Pre-Owned Watches,Rolex,Watches"
3204,0,ARCHIVED,ROLEX,Pre-Owned Rolex Datejust II 116333,w-3204,True,"116333,Datejust II,ebay,lmny-feed,papers-only,Pre-Owned Watches,Rolex,Watches"
3206,0,ARCHIVED,ROLEX,Rolex Yachtmaster 126622,w-3206,True,"126622,ebay,lmny-feed,papers-only,RETAIL READY,Rolex,Watches,Yachtmaster"
3208,0,ARCHIVED,ROLEX,Pre-Owned Rolex Precision 6494,w-3208,False,"6494,lmny-feed,naked,Pre-Owned Watches,Precision,Rolex,Watches"
3211,0,ARCHIVED,ROLEX,Pre-Owned Rolex Lady Date Just 6517,w-3211,False,"6517,Lady Date Just,lmny-feed,naked,Pre-Owned Watches,Rolex,Watches"
3212,0,ARCHIVED,ROLEX,Pre-Owned Rolex Lady Date Just 6517,w-3212,False,"6517,Lady Date Just,lmny-feed,naked,Pre-Owned Watches,Rolex,Watches"
3213,0,ARCHIVED,ROLEX,Pre-Owned Rolex Lady Date Just 6517,w-3213,True,"6517,ebay,Lady Date Just,lmny-feed,naked,Pre-Owned Watches,Rolex,Watches"
3215,0,ARCHIVED,ROLEX,Pre-Owned Rolex Precision 6694,w-3215,True,"6694,ebay,lmny-feed,naked,Pre-Owned Watches,Precision,Rolex,Watches"
3216,0,ARCHIVED,ROLEX,Pre-Owned Rolex Oyster Precision 6426,w-3216,True,"6426,ebay,lmny-feed,naked,Oyster Precision,Pre-Owned Watches,Rolex,Watches"
3219,0,ARCHIVED,ROLEX,Pre-Owned Rolex Oyster Precision 6426,w-3219,True,"6426,ebay,lmny-feed,naked,Oyster Precision,Pre-Owned Watches,Rolex,Watches"
3228,0,ARCHIVED,ROLEX,Pre-Owned Rolex Datejust 126334,w-3228,True,"126334,Datejust,ebay,lmny-feed,papers-only,Pre-Owned Watches,Rolex,Watches"
3229,0,ARCHIVED,ROLEX,Rolex Datejust 126331,w-3229,True,"126331,Datejust,ebay,lmny-feed,papers-only,RETAIL READY,Rolex,Watches"
3232,0,ARCHIVED,ROLEX,Pre-Owned Rolex Datejust II 116333,w-3232,True,"116333,Datejust II,ebay,lmny-feed,papers-only,Pre-Owned Watches,Rolex,Watches"
3241,0,ARCHIVED,ROLEX,Pre-Owned Rolex Datejust 178313,w-3241,True,"178313,Datejust,ebay,lmny-feed,papers-only,Pre-Owned Watches,Rolex,Watches"
3243,0,ARCHIVED,ROLEX,Pre-Owned Rolex Datejust 68274,w-3243,True,"68274,Datejust,ebay,lmny-feed,naked,Pre-Owned Watches,Rolex,Watches"
3245,0,ARCHIVED,ROLEX,Pre-Owned Rolex Datejust 68273,w-3245,True,"68273,Datejust,ebay,lmny-feed,naked,Pre-Owned Watches,Rolex,Watches"
3252,0,ARCHIVED,ROLEX,Pre-Owned Rolex Datejust 178271,w-3252,True,"178271,Datejust,ebay,lmny-feed,papers-only,Pre-Owned Watches,Rolex,Watches"
3261,0,ARCHIVED,ROLEX,Pre-Owned Rolex Datejust 126301,w-3261,True,"126301,Datejust,ebay,lmny-feed,papers-only,Pre-Owned Watches,Rolex,Watches"
3263,0,ARCHIVED,ROLEX,Rolex Datejust 126301,w-3263,True,"126301,Datejust,ebay,lmny-feed,papers-only,RETAIL READY,Rolex,Watches"
3291,0,ARCHIVED,CARTIER,Unworn Cartier Santos WHSA0016,w-3291,True,"Cartier,ebay,full-set,lmny-feed,Santos,Unworn Watches,Watches,WHSA0016"
3317,0,ARCHIVED,ROLEX,Pre-Owned Rolex Oyster Perpetual 76080,w-3317,False,"76080,lmny-feed,naked,Oyster Perpetual,Pre-Owned Watches,Rolex,Watches"
3322,0,ARCHIVED,ROLEX,Pre-Owned Rolex Datejust 178270,w-3322,True,"178270,Datejust,ebay,lmny-feed,naked,Pre-Owned Watches,Rolex,Watches"
3323,0,ARCHIVED,ROLEX,Pre-Owned Rolex Datejust 16013,w-3323,True,"16013,Datejust,ebay,lmny-feed,naked,Pre-Owned Watches,Rolex,Watches"
3325,0,ARCHIVED,ROLEX,Pre-Owned Rolex Datejust 16013,w-3325,True,"16013,Datejust,ebay,lmny-feed,naked,Pre-Owned Watches,Rolex,Watches"
3326,0,ARCHIVED,ROLEX,Pre-Owned Rolex Lady Date Just 6917,w-3326,True,"6917,ebay,Lady Date Just,lmny-feed,naked,Pre-Owned Watches,Rolex,Watches"
3328,0,ARCHIVED,ROLEX,Rolex Datejust 1603,w-3328,True,"1603,Datejust,ebay,lmny-feed,naked,Rolex,SLIDER,Watches"
3331,0,ARCHIVED,ROLEX,Pre-Owned Rolex Day-Date 218238,w-3331,True,"218238,Day-Date,ebay,full-set,lmny-feed,Pre-Owned Watches,Rolex,Watches"
3345,0,ARCHIVED,ROLEX,Pre-Owned Rolex Datejust 126300,w-3345,True,"126300,Datejust,ebay,lmny-feed,papers-only,Pre-Owned Watches,Rolex,Watches"
3347,0,ARCHIVED,ROLEX,Pre-Owned Rolex Datejust 126300,w-3347,True,"126300,Datejust,ebay,lmny-feed,papers-only,Pre-Owned Watches,Rolex,Watches"
3348,0,ARCHIVED,ROLEX,Pre-Owned Rolex Datejust 126300,w-3348,True,"126300,Datejust,ebay,lmny-feed,papers-only,Pre-Owned Watches,Rolex,Watches"
3351,0,ARCHIVED,ROLEX,Pre-Owned Rolex Datejust 126300,w-3351,True,"126300,Datejust,ebay,lmny-feed,papers-only,Pre-Owned Watches,Rolex,Watches"
3357,0,ARCHIVED,ROLEX,Pre-Owned Rolex Datejust 116233,w-3357,True,"116233,Datejust,ebay,lmny-feed,papers-only,Pre-Owned Watches,Rolex,Watches"
3366,0,ARCHIVED,ROLEX,Pre-Owned Rolex Lady Date Just 179171,w-3366,True,"179171,ebay,Lady Date Just,lmny-feed,papers-only,Pre-Owned Watches,Rolex,Watches"
3379,0,ARCHIVED,ROLEX,Pre-Owned Rolex Datejust II 116300,w-3379,True,"116300,Datejust II,ebay,lmny-feed,naked,Pre-Owned Watches,Rolex,Watches"
3382,0,ARCHIVED,ROLEX,Pre-Owned Rolex GMT Master II 126715CHNR,w-3382,True,"126715CHNR,ebay,GMT Master II,lmny-feed,papers-only,Pre-Owned Watches,Rolex,Watches"
3408,0,ARCHIVED,CARTIER,Pre-Owned Cartier Santos WSSA0009,w-3408,True,"Cartier,ebay,lmny-feed,papers-only,Pre-Owned Watches,Santos,Watches,WSSA0009"
3409,0,ARCHIVED,CARTIER,Pre-Owned Cartier Santos WSSA0009,w-3409,True,"Cartier,ebay,lmny-feed,papers-only,Pre-Owned Watches,Santos,Watches,WSSA0009"
3413,0,ARCHIVED,ROLEX,Pre-Owned Rolex Datejust 126303,w-3413,True,"126303,Datejust,ebay,full-set,lmny-feed,Pre-Owned Watches,Rolex,Watches"
3423,0,ARCHIVED,ROLEX,Pre-Owned Rolex Datejust 16233,w-3423,True,"16233,Datejust,ebay,lmny-feed,papers-only,Pre-Owned Watches,Rolex,Watches"
3424,0,ARCHIVED,ROLEX,Pre-Owned Rolex Datejust 16233,w-3424,True,"16233,Datejust,ebay,lmny-feed,papers-only,Pre-Owned Watches,Rolex,Watches"
3427,0,ARCHIVED,ROLEX,Pre-Owned Rolex GMT Master II 126711CHNR,w-3427,True,"126711CHNR,ebay,full-set,GMT Master II,lmny-feed,Pre-Owned Watches,Rolex,Watches"
3437,0,ARCHIVED,ROLEX,Rolex Lady Date Just 69173,w-3437,True,"69173,ebay,Lady Date Just,lmny-feed,naked,Rolex,SLIDER,Watches"
3445,0,ARCHIVED,ROLEX,Pre-Owned Rolex GMT Master II 116713LN,w-3445,True,"116713LN,ebay,full-set,GMT Master II,lmny-feed,Pre-Owned Watches,Rolex,Watches"
3447,0,ARCHIVED,ROLEX,Pre-Owned Rolex Datejust 126333,w-3447,True,"126333,Datejust,ebay,full-set,lmny-feed,Pre-Owned Watches,Rolex,Watches"
3448,0,ARCHIVED,ROLEX,Unworn Rolex Day-Date 228348RBR,w-3448,True,"228348RBR,Day-Date,ebay,lmny-feed,papers-only,Rolex,Unworn Watches,Watches"
3451,0,ARCHIVED,ROLEX,Pre-Owned Rolex Datejust 116231,w-3451,True,"116231,Datejust,ebay,lmny-feed,papers-only,Pre-Owned Watches,Rolex,Watches"
3453,0,ARCHIVED,ROLEX,Pre-Owned Rolex Datejust 179171,w-3453,True,"179171,Datejust,ebay,lmny-feed,papers-only,Pre-Owned Watches,Rolex,Watches"
3460,0,ARCHIVED,ROLEX,Rolex Datejust 116231,w-3460,True,"116231,Datejust,ebay,lmny-feed,papers-only,RETAIL READY,Rolex,Watches"
3461,0,ARCHIVED,ROLEX,Rolex Datejust 116233,w-3461,True,"116233,Datejust,ebay,lmny-feed,papers-only,RETAIL READY,Rolex,Watches"
3466,0,ARCHIVED,ROLEX,Pre-Owned Rolex Oyster Perpetual 114300,w-3466,True,"114300,ebay,lmny-feed,Oyster Perpetual,papers-only,Pre-Owned Watches,Rolex,Watches"
3469,0,ARCHIVED,ROLEX,Pre-Owned Rolex Sky Dweller 326933,w-3469,True,"326933,ebay,lmny-feed,papers-only,Pre-Owned Watches,Rolex,Sky Dweller,Watches"
3476,0,ARCHIVED,ROLEX,Pre-Owned Rolex Datejust 126331,w-3476,True,"126331,Datejust,ebay,lmny-feed,papers-only,Pre-Owned Watches,Rolex,Watches"
3480,0,ARCHIVED,ROLEX,Pre-Owned Rolex Datejust 126331,w-3480,True,"126331,Datejust,ebay,lmny-feed,papers-only,Pre-Owned Watches,Rolex,Watches"
3483,0,ARCHIVED,ROLEX,Rolex Datejust 278274,w-3483,True,"278274,Datejust,ebay,lmny-feed,papers-only,RETAIL READY,Rolex,Watches"
3484,0,ARCHIVED,ROLEX,ROLEX DATEJUST 278384RBR,w-3484,False,"lmny-feed,papers-only,RETAIL READY,ROLEX"
3485,0,ARCHIVED,ROLEX,Pre-Owned Rolex GMT Master II 126720VTNR,w-3485,True,"126720VTNR,ebay,GMT Master II,lmny-feed,papers-only,Pre-Owned Watches,Rolex,Watches"
3488,0,ARCHIVED,ROLEX,Rolex GMT Master II 116710LN,w-3488,True,"116710LN,ebay,GMT Master II,lmny-feed,papers-only,RETAIL READY,Rolex,Watches"
3489,0,ARCHIVED,ROLEX,Unworn Rolex Oyster Perpetual 134300,w-3489,True,"134300,ebay,lmny-feed,Oyster Perpetual,papers-only,Rolex,Unworn Watches,Watches"
3492,0,ARCHIVED,ROLEX,ROLEX GMT MASTER II 116710LN,w-3492,False,"lmny-feed,papers-only,RETAIL READY,ROLEX"
3493,0,ARCHIVED,ROLEX,Rolex GMT Master II 116710LN,w-3493,True,"116710LN,ebay,GMT Master II,lmny-feed,papers-only,RETAIL READY,Rolex,Watches"
3508,0,ARCHIVED,ROLEX,Pre-Owned Rolex Day-Date 218238,w-3508,True,"218238,Day-Date,ebay,lmny-feed,papers-only,Pre-Owned Watches,Rolex,Watches"
3510,0,ARCHIVED,ROLEX,Pre-Owned Rolex Yacht-Master II 116680,w-3510,True,"116680,ebay,lmny-feed,papers-only,Pre-Owned Watches,Rolex,Watches,Yacht-Master II"
3520,0,ARCHIVED,ROLEX,Pre-Owned Rolex Datejust 126333,w-3520,True,"126333,Datejust,ebay,lmny-feed,papers-only,Pre-Owned Watches,Rolex,Watches"
3522,0,ARCHIVED,ROLEX,Pre-Owned Rolex Datejust 126333,w-3522,True,"126333,Datejust,ebay,lmny-feed,papers-only,Pre-Owned Watches,Rolex,Watches"
3523,0,ARCHIVED,ROLEX,Pre-Owned Rolex Datejust 126333,w-3523,True,"126333,Datejust,ebay,lmny-feed,papers-only,Pre-Owned Watches,Rolex,Watches"
3526,0,ARCHIVED,ROLEX,Pre-Owned Rolex Datejust 126333,w-3526,True,"126333,Datejust,ebay,lmny-feed,naked,Pre-Owned Watches,Rolex,Watches"
3528,0,ARCHIVED,ROLEX,Pre-Owned Rolex GMT Master II 116710LN,w-3528,False,"116710LN,GMT Master II,lmny-feed,papers-only,Pre-Owned Watches,Rolex,Watches"
3529,0,ARCHIVED,ROLEX,Pre-Owned Rolex Day-Date II 218238,w-3529,True,"218238,Day-Date II,ebay,lmny-feed,papers-only,Pre-Owned Watches,Rolex,Watches"
3534,0,ARCHIVED,ROLEX,Pre-Owned Rolex Datejust 126234,w-3534,True,"126234,Datejust,ebay,lmny-feed,papers-only,Pre-Owned Watches,Rolex,Watches"
3536,0,ARCHIVED,ROLEX,Pre-Owned Rolex Datejust 126334,w-3536,True,"126334,Datejust,ebay,lmny-feed,naked,Pre-Owned Watches,Rolex,Watches"
3537,0,ARCHIVED,ROLEX,Pre-Owned Rolex Oyster Perpetual 114300,w-3537,True,"114300,ebay,lmny-feed,naked,Oyster Perpetual,Pre-Owned Watches,Rolex,Watches"
3541,0,ARCHIVED,ROLEX,Pre-Owned Rolex Datejust 126331,w-3541,True,"126331,Datejust,ebay,lmny-feed,papers-only,Pre-Owned Watches,Rolex,Watches"
3559,0,ARCHIVED,ROLEX,Pre-Owned Rolex GMT Master II 126710GRNR,w-3559,True,"126710GRNR,ebay,GMT Master II,lmny-feed,naked,Pre-Owned Watches,Rolex,Watches"
3566,0,ARCHIVED,ROLEX,Pre-Owned Rolex Yacht-Master II 116688,w-3566,True,"116688,ebay,lmny-feed,papers-only,Pre-Owned Watches,Rolex,Watches,Yacht-Master II"
3573,0,ARCHIVED,ROLEX,Pre-Owned Rolex Datejust 116264,w-3573,True,"116264,Datejust,ebay,lmny-feed,papers-only,Pre-Owned Watches,Rolex,Watches"
3575,0,ARCHIVED,ROLEX,Pre-Owned Rolex Datejust 6827,w-3575,True,"6827,Datejust,ebay,lmny-feed,naked,Pre-Owned Watches,Rolex,Watches"
3576,0,ARCHIVED,ROLEX,Pre-Owned Rolex GMT Master II 116710LN,w-3576,True,"116710LN,ebay,GMT Master II,lmny-feed,naked,Pre-Owned Watches,Rolex,Watches"
3585,0,ARCHIVED,CARTIER,Pre-Owned Cartier Santos WSSA0018,w-3585,True,"Cartier,ebay,lmny-feed,papers-only,Pre-Owned Watches,Santos,Watches,WSSA0018"
3586,0,ARCHIVED,CARTIER,Pre-Owned Cartier Santos WSSA0018,w-3586,True,"Cartier,ebay,lmny-feed,papers-only,Pre-Owned Watches,Santos,Watches,WSSA0018"
3587,0,ARCHIVED,CARTIER,Pre-Owned Cartier Santos WSSA0018,w-3587,True,"Cartier,ebay,lmny-feed,papers-only,Pre-Owned Watches,Santos,Watches,WSSA0018"
3599,0,ARCHIVED,ROLEX,Pre-Owned Rolex Submariner Date 126618LB,w-3599,True,"126618LB,ebay,lmny-feed,papers-only,Pre-Owned Watches,Rolex,Submariner Date,Watches"
3603,0,ARCHIVED,ROLEX,Pre-Owned Rolex Datejust 116231,w-3603,True,"116231,Datejust,ebay,lmny-feed,papers-only,Pre-Owned Watches,Rolex,Watches"
3610,0,ARCHIVED,ROLEX,Pre-Owned Rolex GMT Master II 126710GRNR,w-3610,True,"126710GRNR,ebay,GMT Master II,lmny-feed,papers-only,Pre-Owned Watches,Rolex,Watches"
3611,0,ARCHIVED,ROLEX,Pre-Owned Rolex GMT Master II 126710BLNR,w-3611,True,"126710BLNR,ebay,GMT Master II,lmny-feed,papers-only,Pre-Owned Watches,Rolex,Watches"
3622,0,ARCHIVED,ROLEX,Pre-Owned Rolex Datejust 178341,w-3622,True,"178341,Datejust,ebay,lmny-feed,papers-only,Pre-Owned Watches,Rolex,Watches"
3623,0,ARCHIVED,ROLEX,Pre-Owned Rolex Datejust 278271,w-3623,True,"278271,Datejust,ebay,lmny-feed,papers-only,Pre-Owned Watches,Rolex,Watches"
3624,0,ARCHIVED,ROLEX,Pre-Owned Rolex Datejust 178241,w-3624,True,"178241,Datejust,ebay,lmny-feed,papers-only,Pre-Owned Watches,Rolex,Watches"
3625,0,ARCHIVED,ROLEX,Pre-Owned Rolex Datejust 178271,w-3625,True,"178271,Datejust,ebay,lmny-feed,papers-only,Pre-Owned Watches,Rolex,Watches"
3626,0,ARCHIVED,ROLEX,Pre-Owned Rolex Lady Date Just 279171,w-3626,True,"279171,ebay,Lady Date Just,lmny-feed,papers-only,Pre-Owned Watches,Rolex,Watches"
3628,0,ARCHIVED,ROLEX,Pre-Owned Rolex Datejust 178271,w-3628,True,"178271,Datejust,ebay,lmny-feed,papers-only,Pre-Owned Watches,Rolex,Watches"
3629,0,ARCHIVED,ROLEX,Pre-Owned Rolex Lady Date Just 279171,w-3629,True,"279171,ebay,Lady Date Just,lmny-feed,papers-only,Pre-Owned Watches,Rolex,Watches"
3640,0,ARCHIVED,ROLEX,Pre-Owned Rolex Daytona 116503,w-3640,True,"116503,Daytona,ebay,full-set,lmny-feed,Pre-Owned Watches,Rolex,Watches"
3649,0,ARCHIVED,ROLEX,Unworn Rolex Day-Date 228238,w-3649,True,"228238,Day-Date,ebay,lmny-feed,papers-only,Rolex,Unworn Watches,Watches"
3655,0,ARCHIVED,ROLEX,Pre-Owned Rolex Explorer II 216570,w-3655,False,"216570,Explorer II,full-set,lmny-feed,Pre-Owned Watches,Rolex,Watches"
3663,0,ARCHIVED,ROLEX,Pre-Owned Rolex GMT Master II 126710BLNR,w-3663,True,"126710BLNR,ebay,GMT Master II,lmny-feed,papers-only,Pre-Owned Watches,Rolex,Watches"
3668,0,ARCHIVED,ROLEX,Pre-Owned Rolex Datejust 126331,w-3668,True,"126331,Datejust,ebay,lmny-feed,naked,Pre-Owned Watches,Rolex,Watches"
3674,0,ARCHIVED,ROLEX,Pre-Owned Rolex Datejust 126331,w-3674,True,"126331,Datejust,ebay,lmny-feed,papers-only,Pre-Owned Watches,Rolex,Watches"
3676,0,ARCHIVED,ROLEX,Pre-Owned Rolex Datejust 126333,w-3676,True,"126333,Datejust,ebay,lmny-feed,papers-only,Pre-Owned Watches,Rolex,Watches"
3677,0,ARCHIVED,ROLEX,Pre-Owned Rolex Datejust 126331,w-3677,False,"126331,Datejust,lmny-feed,papers-only,Pre-Owned Watches,Rolex,Watches"
3680,0,ARCHIVED,ROLEX,Pre-Owned Rolex Datejust 126334,w-3680,True,"126334,Datejust,ebay,full-set,lmny-feed,Pre-Owned Watches,Rolex,Watches"
3683,0,ARCHIVED,ROLEX,Pre-Owned Rolex Datejust 178271,w-3683,True,"178271,Datejust,ebay,lmny-feed,papers-only,Pre-Owned Watches,Rolex,Watches"
3684,0,ARCHIVED,ROLEX,Pre-Owned Rolex Datejust 178271,w-3684,True,"178271,Datejust,ebay,lmny-feed,papers-only,Pre-Owned Watches,Rolex,Watches"
3685,0,ARCHIVED,ROLEX,Pre-Owned Rolex Datejust 178271,w-3685,True,"178271,Datejust,ebay,lmny-feed,papers-only,Pre-Owned Watches,Rolex,Watches"
3686,0,ARCHIVED,ROLEX,Pre-Owned Rolex Submariner Date 126619LB,w-3686,True,"126619LB,ebay,lmny-feed,papers-only,Pre-Owned Watches,Rolex,Submariner Date,Watches"
3687,1,ARCHIVED,ROLEX,Unworn Rolex Submariner Date 126610LN,w-3687,False,"126610LN,full-set,lmny-feed,Rolex,Submariner Date,Unworn Watches,Watches"
3689,0,ARCHIVED,ROLEX,Pre-Owned Rolex Datejust 126333,w-3689,True,"126333,Datejust,ebay,lmny-feed,papers-only,Pre-Owned Watches,Rolex,Watches"
3690,0,ARCHIVED,ROLEX,Pre-Owned Rolex Datejust 126331,w-3690,True,"126331,Datejust,ebay,lmny-feed,papers-only,Pre-Owned Watches,Rolex,Watches"
3695,0,ARCHIVED,ROLEX,Pre-Owned Rolex Datejust 116231,w-3695,True,"116231,Datejust,ebay,lmny-feed,papers-only,Pre-Owned Watches,Rolex,Watches"
3696,0,ARCHIVED,ROLEX,Pre-Owned Rolex Datejust 116231,w-3696,True,"116231,Datejust,ebay,lmny-feed,papers-only,Pre-Owned Watches,Rolex,Watches"
3701,0,ARCHIVED,ROLEX,Pre-Owned Rolex Datejust 126331,w-3701,True,"126331,Datejust,ebay,lmny-feed,papers-only,Pre-Owned Watches,Rolex,Watches"
3702,0,ARCHIVED,ROLEX,Rolex Datejust 178341,w-3702,True,"178341,Datejust,ebay,lmny-feed,papers-only,Rolex,SLIDER,Watches"
3704,0,ARCHIVED,ROLEX,ROLEX EXPLORER II 226570,w-3704,False,"lmny-feed,papers-only,RETAIL READY,ROLEX"
3705,0,ARCHIVED,ROLEX,ROLEX EXPLORER II 226570,w-3705,False,"lmny-feed,papers-only,RETAIL READY,ROLEX"
3708,0,ARCHIVED,ROLEX,Pre-Owned Rolex Yachtmaster 126622,w-3708,True,"126622,ebay,lmny-feed,papers-only,Pre-Owned Watches,Rolex,Watches,Yachtmaster"
3709,0,ARCHIVED,ROLEX,Pre-Owned Rolex Submariner Date 116613LB,w-3709,False,"116613LB,lmny-feed,papers-only,Pre-Owned Watches,Rolex,Submariner Date,Watches"
3711,0,ARCHIVED,ROLEX,Pre-Owned Rolex Sky Dweller 336933,w-3711,True,"336933,ebay,lmny-feed,papers-only,Pre-Owned Watches,Rolex,Sky Dweller,Watches"
3712,0,ARCHIVED,ROLEX,Pre-Owned Rolex Datejust 278273,w-3712,True,"278273,Datejust,ebay,lmny-feed,papers-only,Pre-Owned Watches,Rolex,Watches"
3713,0,ARCHIVED,ROLEX,Pre-Owned Rolex Day-Date 228238,w-3713,False,"228238,Day-Date,full-set,lmny-feed,Pre-Owned Watches,Rolex,Watches"
3727,0,ARCHIVED,ROLEX,Pre-Owned Rolex Oyster Perpetual 116034,w-3727,True,"116034,ebay,lmny-feed,naked,Oyster Perpetual,Pre-Owned Watches,Rolex,Watches"
3728,0,ARCHIVED,ROLEX,Pre-Owned Rolex Air-King 114200,w-3728,True,"114200,Air-King,ebay,lmny-feed,naked,Pre-Owned Watches,Rolex,Watches"
3729,0,ARCHIVED,ROLEX,Pre-Owned Rolex Datejust 116264,w-3729,True,"116264,Datejust,ebay,lmny-feed,naked,Pre-Owned Watches,Rolex,Watches"
3730,0,ARCHIVED,ROLEX,Pre-Owned Rolex Datejust 116264,w-3730,True,"116264,Datejust,ebay,lmny-feed,naked,Pre-Owned Watches,Rolex,Watches"
3731,0,ARCHIVED,ROLEX,Pre-Owned Rolex Oyster Perpetual 116000,w-3731,True,"116000,ebay,lmny-feed,naked,Oyster Perpetual,Pre-Owned Watches,Rolex,Watches"
3732,0,ARCHIVED,ROLEX,Pre-Owned Rolex Yachtmaster 126622,w-3732,True,"126622,ebay,lmny-feed,papers-only,Pre-Owned Watches,Rolex,Watches,Yachtmaster"
3733,0,ARCHIVED,ROLEX,Pre-Owned Rolex Lady Date Just 279173,w-3733,True,"279173,ebay,Lady Date Just,lmny-feed,naked,Pre-Owned Watches,Rolex,Watches"
3739,0,ARCHIVED,ROLEX,Pre-Owned Rolex Yachtmaster 16622,w-3739,False,"16622,full-set,lmny-feed,Pre-Owned Watches,Rolex,Watches,Yachtmaster"
3793,0,ARCHIVED,ROLEX,Pre-Owned Rolex Datejust 126303,w-3793,True,"126303,Datejust,ebay,lmny-feed,papers-only,Pre-Owned Watches,Rolex,Watches"
3800,0,ARCHIVED,ROLEX,Pre-Owned Rolex Submariner No Date 124060,w-3800,True,"124060,ebay,lmny-feed,papers-only,Pre-Owned Watches,Rolex,Submariner No Date,Watches"
3803,0,ARCHIVED,ROLEX,Pre-Owned Rolex GMT Master II 126713GRNR,w-3803,True,"126713GRNR,ebay,GMT Master II,lmny-feed,papers-only,Pre-Owned Watches,Rolex,Watches"
3808,0,ARCHIVED,ROLEX,Pre-Owned Rolex GMT Master II 126713GRNR,w-3808,True,"126713GRNR,ebay,GMT Master II,lmny-feed,papers-only,Pre-Owned Watches,Rolex,Watches"
3809,0,ARCHIVED,ROLEX,Pre-Owned Rolex Datejust 278274,w-3809,True,"278274,Datejust,ebay,lmny-feed,papers-only,Pre-Owned Watches,Rolex,Watches"
3813,0,ARCHIVED,ROLEX,Pre-Owned Rolex Sea Dweller 126660,w-3813,True,"126660,ebay,lmny-feed,papers-only,Pre-Owned Watches,Rolex,Sea Dweller,Watches"
3825,0,ARCHIVED,ROLEX,Pre-Owned Rolex GMT Master II 126713GRNR,w-3825,True,"126713GRNR,ebay,GMT Master II,lmny-feed,papers-only,Pre-Owned Watches,Rolex,Watches"
3826,0,ARCHIVED,AUDEMARS PIGUET,Pre-Owned Audemars Piguet Royal Oak Selfwinding 15500ST,w-3826,True,"15500ST,Audemars Piguet,ebay,lmny-feed,naked,Pre-Owned Watches,Royal Oak Selfwinding,Watches"
3829,0,ARCHIVED,ROLEX,Pre-Owned Rolex Datejust 126334,w-3829,True,"126334,Datejust,ebay,lmny-feed,papers-only,Pre-Owned Watches,Rolex,Watches"
3830,0,ARCHIVED,ROLEX,Pre-Owned Rolex Datejust 126334,w-3830,True,"126334,Datejust,ebay,lmny-feed,papers-only,Pre-Owned Watches,Rolex,Watches"
3832,0,ARCHIVED,ROLEX,Pre-Owned Rolex Datejust 126334,w-3832,True,"126334,Datejust,ebay,lmny-feed,papers-only,Pre-Owned Watches,Rolex,Watches"
3833,0,ARCHIVED,ROLEX,Pre-Owned Rolex Datejust 178271,w-3833,True,"178271,Datejust,ebay,lmny-feed,papers-only,Pre-Owned Watches,Rolex,Watches"
3834,0,ARCHIVED,ROLEX,Pre-Owned Rolex Datejust 178271,w-3834,True,"178271,Datejust,ebay,lmny-feed,papers-only,Pre-Owned Watches,Rolex,Watches"
3839,0,ARCHIVED,ROLEX,Unworn Rolex Oyster Perpetual 126000,w-3839,False,"126000,lmny-feed,Oyster Perpetual,papers-only,Rolex,Unworn Watches,Watches"
3843,0,ARCHIVED,ROLEX,Unworn Rolex GMT Master II 126711CHNR,w-3843,True,"126711CHNR,ebay,full-set,GMT Master II,lmny-feed,Rolex,Unworn Watches,Watches"
3873,0,ARCHIVED,ROLEX,Pre-Owned Rolex Daytona 116509,w-3873,True,"116509,Daytona,ebay,lmny-feed,papers-only,Pre-Owned Watches,Rolex,Watches"
3876,0,ARCHIVED,ROLEX,Pre-Owned Rolex Datejust II 116333,w-3876,True,"116333,Datejust II,ebay,lmny-feed,papers-only,Pre-Owned Watches,Rolex,Watches"
3883,0,ARCHIVED,ROLEX,Pre-Owned Rolex Datejust 178384,w-3883,True,"178384,Datejust,ebay,lmny-feed,papers-only,Pre-Owned Watches,Rolex,Watches"
3884,-1,ARCHIVED,ROLEX,Pre-Owned Rolex Sky Dweller 326933,w-3884,True,"326933,ebay,lmny-feed,naked,Pre-Owned Watches,Rolex,Sky Dweller,Watches"
3885,0,ARCHIVED,ROLEX,Pre-Owned Rolex Datejust 126331,w-3885,True,"126331,Datejust,ebay,lmny-feed,papers-only,Pre-Owned Watches,Rolex,Watches"
3889,0,ARCHIVED,ROLEX,Pre-Owned Rolex Submariner No Date 124060,w-3889,True,"124060,ebay,lmny-feed,papers-only,Pre-Owned Watches,Rolex,Submariner No Date,Watches"
3890,0,ARCHIVED,ROLEX,Pre-Owned Rolex Datejust 126331,w-3890,False,"126331,Datejust,lmny-feed,papers-only,Pre-Owned Watches,Rolex,Watches"
3892,0,ARCHIVED,ROLEX,Pre-Owned Rolex Sky Dweller 336933,w-3892,True,"336933,ebay,lmny-feed,naked,Pre-Owned Watches,Rolex,Sky Dweller,Watches"
3897,0,ARCHIVED,ROLEX,Pre-Owned Rolex Daytona 116503,w-3897,True,"116503,Daytona,ebay,lmny-feed,papers-only,Pre-Owned Watches,Rolex,Watches"
3900,0,ARCHIVED,ROLEX,Pre-Owned Rolex Submariner Date 126610LV,w-3900,True,"126610LV,ebay,lmny-feed,papers-only,Pre-Owned Watches,Rolex,Submariner Date,Watches"
3901,0,ARCHIVED,ROLEX,Pre-Owned Rolex Sky Dweller 326933,w-3901,False,"326933,lmny-feed,papers-only,Pre-Owned Watches,Rolex,Sky Dweller,Watches"
3904,0,ARCHIVED,ROLEX,Pre-Owned Rolex Lady Date Just 179171,w-3904,True,"179171,ebay,Lady Date Just,lmny-feed,papers-only,Pre-Owned Watches,Rolex,Watches"
3905,0,ARCHIVED,ROLEX,Pre-Owned Rolex Datejust 178274,w-3905,True,"178274,Datejust,ebay,lmny-feed,naked,Pre-Owned Watches,Rolex,Watches"
3907,0,ARCHIVED,ROLEX,Pre-Owned Rolex Datejust 68273,w-3907,True,"68273,Datejust,ebay,lmny-feed,naked,Pre-Owned Watches,Rolex,Watches"
3908,0,ARCHIVED,ROLEX,Pre-Owned Rolex Datejust 116231,w-3908,True,"116231,Datejust,ebay,lmny-feed,papers-only,Pre-Owned Watches,Rolex,Watches"
3909,0,ARCHIVED,ROLEX,Pre-Owned Rolex Datejust 116233,w-3909,True,"116233,Datejust,ebay,lmny-feed,papers-only,Pre-Owned Watches,Rolex,Watches"
3910,0,ARCHIVED,ROLEX,Unworn Rolex Submariner Date 126610LN,w-3910,True,"126610LN,ebay,full-set,lmny-feed,Rolex,Submariner Date,Unworn Watches,Watches"
3913,0,ARCHIVED,ROLEX,Unworn Rolex Datejust 126300,w-3913,True,"126300,Datejust,ebay,lmny-feed,papers-only,Rolex,Unworn Watches,Watches"
3914,0,ARCHIVED,ROLEX,Pre-Owned Rolex Datejust 126334,w-3914,True,"126334,Datejust,ebay,full-set,lmny-feed,Pre-Owned Watches,Rolex,Watches"
3915,0,ARCHIVED,ROLEX,Pre-Owned Rolex Datejust 116231,w-3915,True,"116231,Datejust,ebay,lmny-feed,papers-only,Pre-Owned Watches,Rolex,Watches"
3918,0,ARCHIVED,ROLEX,Pre-Owned Rolex Datejust 116233,w-3918,True,"116233,Datejust,ebay,lmny-feed,papers-only,Pre-Owned Watches,Rolex,Watches"
3920,0,ARCHIVED,ROLEX,Rolex Datejust 116238,w-3920,True,"116238,Datejust,ebay,lmny-feed,papers-only,RETAIL READY,Rolex,Watches"
3922,0,ARCHIVED,ROLEX,Rolex Datejust 116238,w-3922,True,"116238,Datejust,ebay,lmny-feed,papers-only,RETAIL READY,Rolex,Watches"
3927,0,ARCHIVED,ROLEX,Pre-Owned Rolex Datejust 126300,w-3927,True,"126300,Datejust,ebay,lmny-feed,papers-only,Pre-Owned Watches,Rolex,Watches"
3931,0,ARCHIVED,ROLEX,Pre-Owned Rolex Oyster Perpetual 134300,w-3931,True,"134300,ebay,lmny-feed,Oyster Perpetual,papers-only,Pre-Owned Watches,Rolex,Watches"
3932,0,ARCHIVED,ROLEX,Unworn Rolex Datejust 278274,w-3932,True,"278274,Datejust,ebay,lmny-feed,papers-only,Rolex,Unworn Watches,Watches"
3933,0,ARCHIVED,ROLEX,Pre-Owned Rolex Datejust 126334,w-3933,True,"126334,Datejust,ebay,lmny-feed,papers-only,Pre-Owned Watches,Rolex,Watches"
3934,0,ARCHIVED,ROLEX,Pre-Owned Rolex Submariner Date 126610LV,w-3934,True,"126610LV,ebay,lmny-feed,papers-only,Pre-Owned Watches,Rolex,Submariner Date,Watches"
3942,0,ARCHIVED,ROLEX,Pre-Owned Rolex Daytona 116505,w-3942,True,"116505,Daytona,ebay,lmny-feed,papers-only,Pre-Owned Watches,Rolex,Watches"
3946,0,ARCHIVED,ROLEX,Pre-Owned Rolex Day-Date 18239G,w-3946,True,"18239G,Day-Date,ebay,lmny-feed,naked,Pre-Owned Watches,Rolex,Watches"
3949,0,ARCHIVED,ROLEX,Unworn Rolex Sky Dweller 336935,w-3949,True,"336935,ebay,full-set,lmny-feed,Rolex,Sky Dweller,Unworn Watches,Watches"
3953,0,ARCHIVED,ROLEX,Unworn Rolex Datejust 126334,w-3953,False,"126334,Datejust,lmny-feed,papers-only,Rolex,Unworn Watches,Watches"
3955,0,ARCHIVED,ROLEX,Pre-Owned Rolex Submariner Date 126610LV,w-3955,True,"126610LV,ebay,lmny-feed,papers-only,Pre-Owned Watches,Rolex,Submariner Date,Watches"
3956,0,ARCHIVED,ROLEX,Pre-Owned Rolex Daytona 116520,w-3956,True,"116520,Daytona,ebay,lmny-feed,papers-only,Pre-Owned Watches,Rolex,Watches"
3957,1,ARCHIVED,AUDEMARS PIGUET,Pre-Owned Audemars Piguet Royal Oak 15097OR,w-3957,False,"15097OR,Audemars Piguet,lmny-feed,naked,Pre-Owned Watches,Royal Oak,Watches"
3958,0,ARCHIVED,ROLEX,Pre-Owned Rolex Lady Date Just 69173G,w-3958,True,"69173G,ebay,Lady Date Just,lmny-feed,papers-only,Pre-Owned Watches,Rolex,Watches"
3960,0,ARCHIVED,ROLEX,Pre-Owned Rolex Datejust 68273,w-3960,True,"68273,Datejust,ebay,lmny-feed,naked,Pre-Owned Watches,Rolex,Watches"
3961,0,ARCHIVED,ROLEX,Pre-Owned Rolex Datejust 16220,w-3961,False,"16220,Datejust,lmny-feed,naked,Pre-Owned Watches,Rolex,Watches"
3962,0,ARCHIVED,ROLEX,Pre-Owned Rolex Datejust 69139G,w-3962,True,"69139G,Datejust,ebay,lmny-feed,naked,Pre-Owned Watches,Rolex,Watches"
3964,0,ARCHIVED,ROLEX,Pre-Owned Rolex Lady Date Just 68273,w-3964,True,"68273,ebay,Lady Date Just,lmny-feed,naked,Pre-Owned Watches,Rolex,Watches"
3965,1,ARCHIVED,ROLEX,Pre-Owned Rolex Datejust 16220,w-3965,False,"16220,Datejust,lmny-feed,naked,Pre-Owned Watches,Rolex,Watches"
3966,0,ARCHIVED,ROLEX,Pre-Owned Rolex Datejust 68273,w-3966,True,"68273,Datejust,ebay,lmny-feed,papers-only,Pre-Owned Watches,Rolex,Watches"
3968,1,ARCHIVED,ROLEX,Pre-Owned Rolex Datejust 16220,w-3968,False,"16220,Datejust,lmny-feed,naked,Pre-Owned Watches,Rolex,Watches"
3970,0,ARCHIVED,ROLEX,Pre-Owned Rolex Lady Date Just 179171,w-3970,True,"179171,ebay,Lady Date Just,lmny-feed,papers-only,Pre-Owned Watches,Rolex,Watches"
3971,0,ARCHIVED,ROLEX,Unworn Rolex Lady Date Just 279174,w-3971,True,"279174,ebay,full-set,Lady Date Just,lmny-feed,Rolex,Unworn Watches,Watches"
3977,0,ARCHIVED,ROLEX,Pre-Owned Rolex Yachtmaster 16622,w-3977,True,"16622,ebay,lmny-feed,papers-only,Pre-Owned Watches,Rolex,Watches,Yachtmaster"
3986,0,ARCHIVED,ROLEX,Pre-Owned Rolex Datejust 16233,w-3986,True,"16233,Datejust,ebay,lmny-feed,naked,Pre-Owned Watches,Rolex,Watches"
4082,0,ARCHIVED,ROLEX,Pre-Owned Rolex Datejust 126334,w-4082,False,"126334,Datejust,full-set,lmny-feed,Pre-Owned Watches,Rolex,Watches"
4084,0,ARCHIVED,ROLEX,Pre-Owned Rolex Sea Dweller 116660,w-4084,True,"116660,ebay,full-set,lmny-feed,Pre-Owned Watches,Rolex,Sea Dweller,Watches"
4089,0,ARCHIVED,ROLEX,Pre-Owned Rolex Day-Date 228238,w-4089,True,"228238,Day-Date,ebay,lmny-feed,papers-only,Pre-Owned Watches,Rolex,Watches"
4098,0,ARCHIVED,ROLEX,Pre-Owned Rolex Submariner Date 126618LB,w-4098,True,"126618LB,ebay,full-set,lmny-feed,Pre-Owned Watches,Rolex,Submariner Date,Watches"
4100,0,ARCHIVED,ROLEX,Pre-Owned Rolex Daytona 116500LN,w-4100,True,"116500LN,Daytona,ebay,lmny-feed,papers-only,Pre-Owned Watches,Rolex,Watches"
4114,0,ARCHIVED,ROLEX,Pre-Owned Rolex GMT Master II 126713GRNR,w-4114,True,"126713GRNR,ebay,GMT Master II,lmny-feed,papers-only,Pre-Owned Watches,Rolex,Watches"
4116,0,ARCHIVED,ROLEX,Pre-Owned Rolex Day-Date 228238,w-4116,True,"228238,Day-Date,ebay,lmny-feed,papers-only,Pre-Owned Watches,Rolex,Watches"
6162,0,ARCHIVED,PATEK PHILIPPE,Pre-Owned Patek Philippe Aquanaut 5167/1A,w-6162,False,"5167/1A,Aquanaut,lmny-feed,papers-only,Patek Philippe,Pre-Owned Watches,Watches"
6184,0,ARCHIVED,ROLEX,Pre-Owned Rolex Daytona 116588SACO,w-6184,False,"116588SACO,Daytona,lmny-feed,papers-only,Pre-Owned Watches,Rolex,Watches"
6188,0,ARCHIVED,PATEK PHILIPPE,Unworn Patek Philippe Calatrava 6119R-001,w-6188,False,"6119R-001,Calatrava,lmny-feed,papers-only,Patek Philippe,Unworn Watches,Watches"
8117,0,ARCHIVED,AUDEMARS PIGUET,Pre-Owned Audemars Piguet Royal Oak Offshore 26040ST.OO.D002CA.0,w-8117,True,"26040ST.OO.D002CA.0,Audemars Piguet,ebay,lmny-feed,naked,Pre-Owned Watches,Royal Oak Offshore,Watches"
8463,0,ARCHIVED,ROLEX,Rolex Day-Date Oysterquartz 19028,w-8463,True,"19028,Day-Date Oysterquartz,ebay,lmny-feed,naked,Rolex,SLIDER,Watches"
8572,0,ARCHIVED,ROLEX,Pre-Owned Rolex Daytona 116523,w-8572,True,"116523,Daytona,ebay,lmny-feed,papers-only,Pre-Owned Watches,Rolex,Watches"
8701,0,ARCHIVED,ROLEX,ROLEX PRECISION 6694,w-8701,False,"lmny-feed,naked,ROLEX,SLIDER"
8705,0,ARCHIVED,ROLEX,Pre-Owned Rolex Datejust 1601,w-8705,True,"1601,Datejust,ebay,lmny-feed,naked,Pre-Owned Watches,Rolex,Watches"
8706,1,ARCHIVED,ROLEX,Pre-Owned Rolex Datejust 1601,w-8706,False,"1601,Datejust,lmny-feed,naked,Pre-Owned Watches,Rolex,Watches"
8708,1,ARCHIVED,ROLEX,Rolex Datejust 16030,w-8708,False,"16030,Datejust,lmny-feed,naked,RETAIL READY,Rolex,Watches"
8709,0,ARCHIVED,ROLEX,Pre-Owned Rolex Datejust 1600,w-8709,False,"1600,Datejust,lmny-feed,naked,Pre-Owned Watches,Rolex,Watches"
8714,0,ARCHIVED,ROLEX,Pre-Owned Rolex Datejust 1601,w-8714,True,"1601,Datejust,ebay,lmny-feed,naked,Pre-Owned Watches,Rolex,Watches"
8718,0,ARCHIVED,ROLEX,Pre-Owned Rolex Datejust 1601,w-8718,False,"1601,Datejust,lmny-feed,naked,Pre-Owned Watches,Rolex,Watches"
8719,0,ARCHIVED,ROLEX,Pre-Owned Rolex Datejust 1601,w-8719,False,"1601,Datejust,lmny-feed,naked,Pre-Owned Watches,Rolex,Watches"
8720,0,ARCHIVED,ROLEX,Pre-Owned Rolex Datejust 1601,w-8720,True,"1601,Datejust,ebay,lmny-feed,naked,Pre-Owned Watches,Rolex,Watches"
8724,0,ARCHIVED,ROLEX,Rolex Precision 6694,w-8724,True,"6694,ebay,lmny-feed,papers-only,Precision,RETAIL READY,Rolex,Watches"
8728,0,ARCHIVED,ROLEX,ROLEX DATEJUST 1603,w-8728,False,"lmny-feed,naked,RETAIL READY,ROLEX"
8749,0,ARCHIVED,ROLEX,Pre-Owned Rolex Precision 6694,w-8749,False,"6694,lmny-feed,naked,Pre-Owned Watches,Precision,Rolex,Watches"
8759,-1,ARCHIVED,ROLEX,ROLEX DATEJUST 16030,w-8759,False,"lmny-feed,naked,RETAIL READY,ROLEX"
8760,0,ARCHIVED,ROLEX,Pre-Owned Rolex Oyster Perpetual Date 6924,w-8760,True,"6924,ebay,lmny-feed,naked,Oyster Perpetual Date,Pre-Owned Watches,Rolex,Watches"
8762,0,ARCHIVED,ROLEX,Pre-Owned Rolex Datejust 126333,w-8762,True,"126333,Datejust,ebay,lmny-feed,naked,Pre-Owned Watches,Rolex,Watches"
8768,0,ARCHIVED,PATEK PHILIPPE,Pre-Owned Patek Philippe Golden Ellipse 3586/1,w-8768,True,"3586/1,ebay,Golden Ellipse,lmny-feed,naked,Patek Philippe,Pre-Owned Watches,Watches"
8780,0,ARCHIVED,ROLEX,Pre-Owned Rolex Datejust 1603,w-8780,True,"1603,Datejust,ebay,lmny-feed,naked,Pre-Owned Watches,Rolex,Watches"
8783,0,ARCHIVED,ROLEX,Rolex Datejust 1603,w-8783,True,"1603,Datejust,ebay,lmny-feed,naked,RETAIL READY,Rolex,Watches"
8784,0,ARCHIVED,ROLEX,ROLEX DATEJUST 16220,w-8784,False,"lmny-feed,naked,ROLEX,SLIDER"
8800,0,ARCHIVED,ROLEX,Pre-Owned Rolex Datejust 16234,w-8800,True,"16234,Datejust,ebay,lmny-feed,naked,Pre-Owned Watches,Rolex,Watches"
8805,0,ARCHIVED,ROLEX,Rolex Datejust 1603,w-8805,True,"1603,Datejust,ebay,lmny-feed,naked,RETAIL READY,Rolex,Watches"
8808,0,ARCHIVED,ROLEX,Pre-Owned Rolex Datejust 1601,w-8808,True,"1601,Datejust,ebay,lmny-feed,naked,Pre-Owned Watches,Rolex,Watches"
8831,1,ARCHIVED,ROLEX,Pre-Owned Rolex Oyster Precision 6426,w-8831,False,"6426,lmny-feed,naked,Oyster Precision,Pre-Owned Watches,Rolex,Watches"
8847,0,ARCHIVED,ROLEX,Rolex Datejust 16013,w-8847,True,"16013,Datejust,ebay,lmny-feed,naked,RETAIL READY,Rolex,Watches"
8862,0,ARCHIVED,ROLEX,Rolex Datejust 1603,w-8862,True,"1603,Datejust,ebay,lmny-feed,naked,Rolex,SLIDER,Watches"
8867,0,ARCHIVED,ROLEX,Pre-Owned Rolex Precision 6423,w-8867,True,"6423,ebay,lmny-feed,naked,Pre-Owned Watches,Precision,Rolex,Watches"
8872,0,ARCHIVED,ROLEX,Pre-Owned Rolex Datejust 1625,w-8872,True,"1625,Datejust,ebay,lmny-feed,naked,Pre-Owned Watches,Rolex,Watches"
8874,0,ARCHIVED,ROLEX,Rolex Datejust 16030,w-8874,True,"16030,Datejust,ebay,lmny-feed,naked,RETAIL READY,Rolex,Watches"
8875,0,ARCHIVED,ROLEX,Pre-Owned Rolex Datejust 1601,w-8875,True,"1601,Datejust,ebay,lmny-feed,naked,Pre-Owned Watches,Rolex,Watches"
8876,0,ARCHIVED,ROLEX,Pre-Owned Rolex Oyster Perpetual 6718,w-8876,False,"6718,lmny-feed,naked,Oyster Perpetual,Pre-Owned Watches,Rolex,Watches"
8883,0,ARCHIVED,ROLEX,Pre-Owned Rolex Datejust 1601,w-8883,False,"1601,Datejust,lmny-feed,naked,Pre-Owned Watches,Rolex,Watches"
8884,0,ARCHIVED,ROLEX,ROLEX DATEJUST 1603,w-8884,False,"lmny-feed,naked,RETAIL READY,ROLEX"
8885,0,ARCHIVED,ROLEX,Pre-Owned Rolex Datejust 1601,w-8885,True,"1601,Datejust,ebay,lmny-feed,naked,Pre-Owned Watches,Rolex,Watches"
8886,0,ARCHIVED,ROLEX,Pre-Owned Rolex Datejust 1601,w-8886,True,"1601,Datejust,ebay,lmny-feed,naked,Pre-Owned Watches,Rolex,Watches"
8890,0,ARCHIVED,ROLEX,Pre-Owned Rolex Oyster Precision 6426,w-8890,True,"6426,ebay,lmny-feed,naked,Oyster Precision,Pre-Owned Watches,Rolex,Watches"
8893,0,ARCHIVED,ROLEX,ROLEX DATEJUST 1600,w-8893,False,"lmny-feed,naked,ROLEX,SLIDER"
8904,0,ARCHIVED,ROLEX,Pre-Owned Rolex Oyster Precision 6426,w-8904,True,"6426,ebay,lmny-feed,naked,Oyster Precision,Pre-Owned Watches,Rolex,Watches"
8910,0,ARCHIVED,ROLEX,Rolex Oyster Precision 6426,w-8910,True,"6426,ebay,lmny-feed,naked,Oyster Precision,RETAIL READY,Rolex,Watches"
8911,0,ARCHIVED,ROLEX,Pre-Owned Rolex Datejust 1601,w-8911,False,"1601,Datejust,lmny-feed,naked,Pre-Owned Watches,Rolex,Watches"
8913,0,ARCHIVED,ROLEX,ROLEX OYSTER PRECISION 6426,w-8913,False,"lmny-feed,naked,ROLEX,SLIDER"
8914,0,ARCHIVED,ROLEX,Pre-Owned Rolex Precision 6430,w-8914,True,"6430,ebay,lmny-feed,naked,Pre-Owned Watches,Precision,Rolex,Watches"
8932,0,ARCHIVED,ROLEX,Pre-Owned Rolex Datejust 16013,w-8932,True,"16013,Datejust,ebay,lmny-feed,naked,Pre-Owned Watches,Rolex,Watches"
8933,0,ARCHIVED,ROLEX,Rolex Datejust 1601,w-8933,True,"1601,Datejust,ebay,lmny-feed,naked,RETAIL READY,Rolex,Watches"
8937,0,ARCHIVED,ROLEX,Pre-Owned Rolex Datejust 1601,w-8937,False,"1601,Datejust,lmny-feed,naked,Pre-Owned Watches,Rolex,Watches"
8940,1,ARCHIVED,ROLEX,Pre-Owned Rolex Datejust 1603,w-8940,False,"1603,Datejust,lmny-feed,naked,Pre-Owned Watches,Rolex,Watches"
8942,0,ARCHIVED,ROLEX,Pre-Owned Rolex Datejust 16233,w-8942,True,"16233,Datejust,ebay,lmny-feed,naked,Pre-Owned Watches,Rolex,Watches"
8943,0,ARCHIVED,ROLEX,Pre-Owned Rolex Datejust 16014,w-8943,True,"16014,Datejust,ebay,lmny-feed,naked,Pre-Owned Watches,Rolex,Watches"
8944,0,ARCHIVED,ROLEX,Pre-Owned Rolex Datejust 16014,w-8944,False,"16014,Datejust,lmny-feed,naked,Pre-Owned Watches,Rolex,Watches"
8945,0,ARCHIVED,ROLEX,Pre-Owned Rolex Datejust 16014,w-8945,True,"16014,Datejust,ebay,lmny-feed,naked,Pre-Owned Watches,Rolex,Watches"
8955,0,ARCHIVED,ROLEX,Rolex Datejust 16013,w-8955,True,"16013,Datejust,ebay,lmny-feed,naked,Rolex,SLIDER,Watches"
8958,0,ARCHIVED,ROLEX,ROLEX DATEJUST 16013,w-8958,False,"lmny-feed,naked,PRE OWNED,ROLEX"
8963,0,ARCHIVED,ROLEX,Pre-Owned Rolex Datejust 1601,w-8963,True,"1601,Datejust,ebay,lmny-feed,naked,Pre-Owned Watches,Rolex,Watches"
8970,0,ARCHIVED,ROLEX,ROLEX DATEJUST 16014,w-8970,False,"lmny-feed,naked,ROLEX,SLIDER"
8973,0,ARCHIVED,ROLEX,ROLEX DATEJUST 16014,w-8973,False,"lmny-feed,naked,ROLEX,SLIDER"
8978,0,ARCHIVED,ROLEX,Pre-Owned Rolex Datejust 1601,w-8978,True,"1601,Datejust,ebay,lmny-feed,naked,Pre-Owned Watches,Rolex,Watches"
8992,0,ARCHIVED,CARTIER,Cartier Santos WHSA0027,w-8992,True,"Cartier,ebay,lmny-feed,naked,Santos,SLIDER,Watches,WHSA0027"
9008,0,ARCHIVED,ROLEX,Pre-Owned Rolex Datejust 126331,w-9008,True,"126331,Datejust,ebay,lmny-feed,papers-only,Pre-Owned Watches,Rolex,Watches"
9081,0,ARCHIVED,ROLEX,Pre-Owned Rolex Sky Dweller 326934,w-9081,True,"326934,ebay,lmny-feed,papers-only,Pre-Owned Watches,Rolex,Sky Dweller,Watches"
9087,0,ARCHIVED,ROLEX,Pre-Owned Rolex Datejust 68273,w-9087,True,"68273,Datejust,ebay,lmny-feed,naked,Pre-Owned Watches,Rolex,Watches"
9094,0,ARCHIVED,ROLEX,Pre-Owned Rolex Oyster Perpetual 6294,w-9094,True,"6294,ebay,lmny-feed,naked,Oyster Perpetual,Pre-Owned Watches,Rolex,Watches"
9095,0,ARCHIVED,ROLEX,Pre-Owned Rolex Datejust 6519,w-9095,True,"6519,Datejust,ebay,lmny-feed,naked,Pre-Owned Watches,Rolex,Watches"
9097,0,ARCHIVED,ROLEX,Pre-Owned Rolex Datejust 1601,w-9097,True,"1601,Datejust,ebay,lmny-feed,naked,Pre-Owned Watches,Rolex,Watches"
9098,0,ARCHIVED,ROLEX,Pre-Owned Rolex Datejust 1601,w-9098,True,"1601,Datejust,ebay,lmny-feed,naked,Pre-Owned Watches,Rolex,Watches"
9100,0,ARCHIVED,ROLEX,Pre-Owned Rolex Datejust 1601,w-9100,False,"1601,Datejust,lmny-feed,naked,Pre-Owned Watches,Rolex,Watches"
9101,0,ARCHIVED,ROLEX,Pre-Owned Rolex Datejust 1601,w-9101,True,"1601,Datejust,ebay,lmny-feed,naked,Pre-Owned Watches,Rolex,Watches"
9103,0,ARCHIVED,ROLEX,Pre-Owned Rolex Datejust 1601,w-9103,True,"1601,Datejust,ebay,lmny-feed,naked,Pre-Owned Watches,Rolex,Watches"
9143,0,ARCHIVED,ROLEX,Pre-Owned Rolex Datejust 126300,w-9143,True,"126300,Datejust,ebay,lmny-feed,papers-only,Pre-Owned Watches,Rolex,Watches"
9188,0,ARCHIVED,ROLEX,Pre-Owned Rolex Oyster Perpetual Date 1500,w-9188,False,"1500,lmny-feed,naked,Oyster Perpetual Date,Pre-Owned Watches,Rolex,Watches"
9191,0,ARCHIVED,ROLEX,Pre-Owned Rolex Oyster Perpetual Date 1500,w-9191,False,"1500,lmny-feed,naked,Oyster Perpetual Date,Pre-Owned Watches,Rolex,Watches"
9193,1,ARCHIVED,ROLEX,Pre-Owned Rolex Oyster Perpetual Date 1500,w-9193,False,"1500,lmny-feed,naked,Oyster Perpetual Date,Pre-Owned Watches,Rolex,Watches"
9194,0,ARCHIVED,ROLEX,Pre-Owned Rolex Datejust 1603,w-9194,True,"1603,Datejust,ebay,lmny-feed,naked,Pre-Owned Watches,Rolex,Watches"
9195,0,ARCHIVED,ROLEX,Pre-Owned Rolex Precision 6694BK,w-9195,False,"6694BK,lmny-feed,naked,Pre-Owned Watches,Precision,Rolex,Watches"
9196,0,ARCHIVED,ROLEX,Pre-Owned Rolex Oyster Perpetual Date 1500,w-9196,False,"1500,lmny-feed,naked,Oyster Perpetual Date,Pre-Owned Watches,Rolex,Watches"
9197,0,ARCHIVED,ROLEX,Pre-Owned Rolex Precision 6694,w-9197,False,"6694,lmny-feed,naked,Pre-Owned Watches,Precision,Rolex,Watches"
9198,0,ARCHIVED,ROLEX,Pre-Owned Rolex Precision 6694WH,w-9198,True,"6694WH,ebay,lmny-feed,naked,Pre-Owned Watches,Precision,Rolex,Watches"
9207,0,ARCHIVED,ROLEX,Pre-Owned Rolex GMT Master II 16710,w-9207,True,"16710,ebay,GMT Master II,lmny-feed,papers-only,Pre-Owned Watches,Rolex,Watches"
9248,0,ARCHIVED,AUDEMARS PIGUET,Pre-Owned Audemars Piguet Jules 15120OR.OO.A088CR.01,w-9248,True,"15120OR.OO.A088CR.01,Audemars Piguet,ebay,Jules,lmny-feed,papers-only,Pre-Owned Watches,Watches"
9250,0,ARCHIVED,AUDEMARS PIGUET,Pre-Owned Audemars Piguet Millenary 15320BC.OO.D002CR.01,w-9250,True,"15320BC.OO.D002CR.01,Audemars Piguet,ebay,lmny-feed,Millenary,naked,Pre-Owned Watches,Watches"
9251,0,ARCHIVED,AUDEMARS PIGUET,Pre-Owned Audemars Piguet Millenary 15325BC.OO.D102CR.01,w-9251,True,"15325BC.OO.D102CR.01,Audemars Piguet,ebay,lmny-feed,Millenary,naked,Pre-Owned Watches,Watches"
9252,0,ARCHIVED,AUDEMARS PIGUET,Pre-Owned Audemars Piguet Millenary 15320BC.OO.D002CR.01,w-9252,True,"15320BC.OO.D002CR.01,Audemars Piguet,ebay,lmny-feed,Millenary,naked,Pre-Owned Watches,Watches"
9253,0,ARCHIVED,AUDEMARS PIGUET,Pre-Owned Audemars Piguet Jules 15171BC.ZZ.A002CR.01,w-9253,True,"15171BC.ZZ.A002CR.01,Audemars Piguet,ebay,Jules,lmny-feed,naked,Pre-Owned Watches,Watches"
9254,0,ARCHIVED,AUDEMARS PIGUET,Pre-Owned Audemars Piguet Jules 15120BC.OO.A002CR.01,w-9254,True,"15120BC.OO.A002CR.01,Audemars Piguet,ebay,Jules,lmny-feed,papers-only,Pre-Owned Watches,Watches"
9285,0,ARCHIVED,ROLEX,Pre-Owned Rolex Submariner Date 16613,w-9285,True,"16613,ebay,lmny-feed,naked,Pre-Owned Watches,Rolex,Submariner Date,Watches"
9329,0,ARCHIVED,ROLEX,ROLEX DATEJUST 126234,w-9329,False,"full-set,lmny-feed,ROLEX,SLIDER"
9375,0,ARCHIVED,ROLEX,Pre-Owned Rolex Oyster Perpetual Date 6917SV,w-9375,False,"6917SV,lmny-feed,naked,Oyster Perpetual Date,Pre-Owned Watches,Rolex,Watches"
9377,0,ARCHIVED,ROLEX,Pre-Owned Rolex Lady Date Just 6917SV,w-9377,False,"6917SV,Lady Date Just,lmny-feed,naked,Pre-Owned Watches,Rolex,Watches"
9378,0,ARCHIVED,ROLEX,Pre-Owned Rolex Lady Date Just 6917SV,w-9378,False,"6917SV,Lady Date Just,lmny-feed,naked,Pre-Owned Watches,Rolex,Watches"
9379,0,ARCHIVED,ROLEX,Pre-Owned Rolex Precision 6694SV,w-9379,True,"6694SV,ebay,lmny-feed,naked,Pre-Owned Watches,Precision,Rolex,Watches"
9383,0,ARCHIVED,ROLEX,Pre-Owned Rolex Oyster Perpetual Date 6919SV,w-9383,False,"6919SV,lmny-feed,naked,Oyster Perpetual Date,Pre-Owned Watches,Rolex,Watches"
9384,0,ARCHIVED,ROLEX,Pre-Owned Rolex Oyster Perpetual Date 6517SV,w-9384,False,"6517SV,lmny-feed,naked,Oyster Perpetual Date,Pre-Owned Watches,Rolex,Watches"
9385,0,ARCHIVED,ROLEX,Pre-Owned Rolex Oyster Perpetual 6718SV,w-9385,False,"6718SV,lmny-feed,naked,Oyster Perpetual,Pre-Owned Watches,Rolex,Watches"
9396,0,ARCHIVED,ROLEX,Pre-Owned Rolex Oyster Perpetual Date 6524BL,w-9396,False,"6524BL,lmny-feed,naked,Oyster Perpetual Date,Pre-Owned Watches,Rolex,Watches"
9460,0,ARCHIVED,ROLEX,ROLEX DATEJUST II 116333,w-9460,False,"lmny-feed,papers-only,RETAIL READY,ROLEX"
9461,0,ARCHIVED,ROLEX,Pre-Owned Rolex Datejust II 116333,w-9461,False,"116333,Datejust II,lmny-feed,papers-only,Pre-Owned Watches,Rolex,Watches"
9465,0,ARCHIVED,ROLEX,Pre-Owned Rolex Datejust II 116300,w-9465,True,"116300,Datejust II,ebay,lmny-feed,naked,Pre-Owned Watches,Rolex,Watches"
9470,0,ARCHIVED,ROLEX,Pre-Owned Rolex Datejust II 116333,w-9470,True,"116333,Datejust II,ebay,lmny-feed,papers-only,Pre-Owned Watches,Rolex,Watches"
9471,0,ARCHIVED,ROLEX,Pre-Owned Rolex Datejust 6827,w-9471,True,"6827,Datejust,ebay,lmny-feed,naked,Pre-Owned Watches,Rolex,Watches"
9473,0,ARCHIVED,ROLEX,Pre-Owned Rolex Datejust 126300,w-9473,True,"126300,Datejust,ebay,lmny-feed,papers-only,Pre-Owned Watches,Rolex,Watches"
9501,0,ARCHIVED,ROLEX,Unworn Rolex Oyster Perpetual 124300,w-9501,True,"124300,ebay,lmny-feed,Oyster Perpetual,papers-only,Rolex,Unworn Watches,Watches"
9525,0,ARCHIVED,ROLEX,Rolex Submariner Date 116610LN,w-9525,True,"116610LN,ebay,lmny-feed,naked,RETAIL READY,Rolex,Submariner Date,Watches"
9553,0,ARCHIVED,ROLEX,Pre-Owned Rolex Yachtmaster 16623,w-9553,True,"16623,ebay,lmny-feed,papers-only,Pre-Owned Watches,Rolex,Watches,Yachtmaster"
9556,0,ARCHIVED,ROLEX,Rolex Datejust 126333,w-9556,True,"126333,Datejust,ebay,lmny-feed,papers-only,Rolex,SLIDER,Watches"
9574,0,ARCHIVED,ROLEX,Pre-Owned Rolex Datejust 116233,w-9574,True,"116233,Datejust,ebay,lmny-feed,papers-only,Pre-Owned Watches,Rolex,Watches"
9577,0,ARCHIVED,ROLEX,Pre-Owned Rolex Oyster Perpetual Date 6519,w-9577,False,"6519,lmny-feed,naked,Oyster Perpetual Date,Pre-Owned Watches,Rolex,Watches"
9584,0,ARCHIVED,ROLEX,Pre-Owned Rolex Datejust 16013,w-9584,False,"16013,Datejust,lmny-feed,naked,Pre-Owned Watches,Rolex,Watches"
9585,0,ARCHIVED,ROLEX,Pre-Owned Rolex Datejust 1601,w-9585,True,"1601,Datejust,ebay,lmny-feed,naked,Pre-Owned Watches,Rolex,Watches"
9586,0,ARCHIVED,ROLEX,Pre-Owned Rolex Datejust 6824,w-9586,True,"6824,Datejust,ebay,lmny-feed,naked,Pre-Owned Watches,Rolex,Watches"
9590,0,ARCHIVED,ROLEX,Pre-Owned Rolex Datejust 16013,w-9590,True,"16013,Datejust,ebay,lmny-feed,naked,Pre-Owned Watches,Rolex,Watches"
9591,0,ARCHIVED,ROLEX,Pre-Owned Rolex Datejust 16013,w-9591,True,"16013,Datejust,ebay,lmny-feed,naked,Pre-Owned Watches,Rolex,Watches"
9594,0,ARCHIVED,ROLEX,Pre-Owned Rolex Datejust 16013,w-9594,True,"16013,Datejust,ebay,lmny-feed,naked,Pre-Owned Watches,Rolex,Watches"
9595,0,ARCHIVED,ROLEX,Pre-Owned Rolex Datejust 16013,w-9595,True,"16013,Datejust,ebay,lmny-feed,naked,Pre-Owned Watches,Rolex,Watches"
9597,0,ARCHIVED,ROLEX,Pre-Owned Rolex Datejust 16014,w-9597,True,"16014,Datejust,ebay,lmny-feed,papers-only,Pre-Owned Watches,Rolex,Watches"
9598,0,ARCHIVED,ROLEX,Pre-Owned Rolex Datejust 1601,w-9598,False,"1601,Datejust,lmny-feed,naked,Pre-Owned Watches,Rolex,Watches"
9692,1,ARCHIVED,ROLEX,Pre-Owned Rolex GMT Master II 126711CHNR,w-9692,False,"126711CHNR,GMT Master II,lmny-feed,papers-only,Pre-Owned Watches,Rolex,Watches"
9771,0,ARCHIVED,ROLEX,Pre-Owned Rolex Sky Dweller 326938,w-9771,True,"326938,ebay,lmny-feed,papers-only,Pre-Owned Watches,Rolex,Sky Dweller,Watches"
9786,0,ARCHIVED,ROLEX,Pre-Owned Rolex Day-Date 228238,w-9786,True,"228238,Day-Date,ebay,lmny-feed,papers-only,Pre-Owned Watches,Rolex,Watches"
9817,0,ARCHIVED,ROLEX,Unworn Rolex Day-Date 228235,w-9817,True,"228235,Day-Date,ebay,lmny-feed,papers-only,Rolex,Unworn Watches,Watches"
9846,0,ARCHIVED,ROLEX,Pre-Owned Rolex Yacht-Master II 116680,w-9846,True,"116680,ebay,lmny-feed,papers-only,Pre-Owned Watches,Rolex,Watches,Yacht-Master II"
9852,0,ARCHIVED,ROLEX,Pre-Owned Rolex Day-Date 18248,w-9852,False,"18248,Day-Date,lmny-feed,naked,Pre-Owned Watches,Rolex,Watches"
9859,0,ARCHIVED,ROLEX,Pre-Owned Rolex Datejust 126333,w-9859,True,"126333,Datejust,ebay,lmny-feed,papers-only,Pre-Owned Watches,Rolex,Watches"
9868,0,ARCHIVED,ROLEX,Pre-Owned Rolex Sky Dweller 326934,w-9868,True,"326934,ebay,lmny-feed,papers-only,Pre-Owned Watches,Rolex,Sky Dweller,Watches"
9912,0,ARCHIVED,AUDEMARS PIGUET,Pre-Owned Audemars Piguet Royal Oak Offshore 26570OR,w-9912,True,"26570OR,Audemars Piguet,ebay,lmny-feed,naked,Pre-Owned Watches,Royal Oak Offshore,Watches"
9915,0,ARCHIVED,ROLEX,Rolex Sea Dweller 126600,w-9915,True,"126600,ebay,full-set,lmny-feed,Rolex,Sea Dweller,SLIDER,Watches"
9946,0,ARCHIVED,ROLEX,Pre-Owned Rolex Oyster Perpetual 124300,w-9946,True,"124300,ebay,lmny-feed,Oyster Perpetual,papers-only,Pre-Owned Watches,Rolex,Watches"
9968,0,ARCHIVED,ROLEX,Pre-Owned Rolex Datejust 116233,w-9968,True,"116233,Datejust,ebay,lmny-feed,naked,Pre-Owned Watches,Rolex,Watches"
9970,0,ARCHIVED,ROLEX,Rolex Datejust 116231,w-9970,True,"116231,Datejust,ebay,lmny-feed,papers-only,Rolex,SLIDER,Watches"
9971,0,ARCHIVED,ROLEX,Rolex Datejust 178271,w-9971,True,"178271,Datejust,ebay,lmny-feed,papers-only,Rolex,SLIDER,Watches"
9972,0,ARCHIVED,ROLEX,Pre-Owned Rolex Datejust 116201,w-9972,True,"116201,Datejust,ebay,lmny-feed,naked,Pre-Owned Watches,Rolex,Watches"
9986,0,ARCHIVED,ROLEX,Pre-Owned Rolex Datejust 178341,w-9986,True,"178341,Datejust,ebay,lmny-feed,papers-only,Pre-Owned Watches,Rolex,Watches"
9987,0,ARCHIVED,ROLEX,ROLEX LADY DATE JUST 279171,w-9987,False,"lmny-feed,papers-only,ROLEX,SLIDER"
P3554,0,ARCHIVED,ROLEX,ROLEX DATEJUST 126334,w-p3554,False,"lmny-feed,papers-only,ROLEX,SLIDER"
P5203,0,ARCHIVED,AUDEMARS PIGUET,Pre-Owned Audemars Piguet Royal Oak 56175SP,w-p5203,False,"56175SP,Audemars Piguet,lmny-feed,naked,Pre-Owned Watches,Royal Oak,Watches"
P5276,0,ARCHIVED,AUDEMARS PIGUET,Pre-Owned Audemars Piguet Royal Oak 25594SA,w-p5276,True,"25594SA,Audemars Piguet,ebay,lmny-feed,naked,Pre-Owned Watches,Royal Oak,Watches"
P5283,0,ARCHIVED,MB&F,Pre-Owned Mb&f Sequential Evo 09.ZR.OR,w-p5283,True,"09.ZR.OR,ebay,full-set,lmny-feed,Mb&f,other-watch-brand,Pre-Owned Watches,Sequential Evo,Watches"
P5334,0,ARCHIVED,PATEK PHILIPPE,PATEK PHILIPPE AQUANAUT 5167A-001,w-p5334,False,"lmny-feed,papers-only,PATEK PHILIPPE,SLIDER"
P5360,0,ARCHIVED,ROLEX,Pre-Owned Rolex Yachtmaster 226658,w-p5360,False,"226658,lmny-feed,papers-only,Pre-Owned Watches,Rolex,Watches,Yachtmaster"
R3006,1,ARCHIVED,ROLEX,Rolex Datejust 126331,w-r3006,False,"126331,Datejust,lmny-feed,papers-only,RETAIL READY,Rolex,Watches"
RW3055,1,ARCHIVED,ROLEX,Pre-Owned Rolex Submariner Date 116610LV,w-rw3055,False,"116610LV,lmny-feed,papers-only,Pre-Owned Watches,Rolex,Submariner Date,Watches"
RW3057,1,ARCHIVED,ROLEX,Pre-Owned Rolex Submariner No Date 124060,w-rw3057,False,"124060,lmny-feed,papers-only,Pre-Owned Watches,Rolex,Submariner No Date,Watches"
RW3063,1,ARCHIVED,ROLEX,Pre-Owned Rolex Yachtmaster 126622,w-rw3063,False,"126622,lmny-feed,papers-only,Pre-Owned Watches,Rolex,Watches,Yachtmaster"
RW3068,0,ARCHIVED,ROLEX,Pre-Owned Rolex Sea Dweller 126660,w-rw3068,False,"126660,lmny-feed,papers-only,Pre-Owned Watches,Rolex,Sea Dweller,Watches"
RW3069,1,ARCHIVED,ROLEX,Pre-Owned Rolex Datejust 126331,w-rw3069,False,"126331,Datejust,lmny-feed,papers-only,Pre-Owned Watches,Rolex,Watches"
RW3071,0,ARCHIVED,ROLEX,Pre-Owned Rolex GMT Master II 126710BLNR,w-rw3071,False,"126710BLNR,GMT Master II,lmny-feed,papers-only,Pre-Owned Watches,Rolex,Watches"
RW3072,0,ARCHIVED,ROLEX,Pre-Owned Rolex Submariner No Date 124060,w-rw3072,True,"124060,ebay,lmny-feed,papers-only,Pre-Owned Watches,Rolex,Submariner No Date,Watches"
T3505,1,ARCHIVED,PATEK PHILIPPE,Unworn Patek Philippe Calatrava 6119R,w-t3505,False,"6119R,Calatrava,full-set,lmny-feed,Patek Philippe,Unworn Watches,Watches"
T3581,0,ARCHIVED,ROLEX,Rolex Submariner Date 116610LV,w-t3581,True,"116610LV,ebay,lmny-feed,papers-only,RETAIL READY,Rolex,Submariner Date,Watches"
T3599,0,ARCHIVED,ROLEX,Unworn Rolex Lady Date Just 279174,w-t3599,False,"279174,Lady Date Just,lmny-feed,papers-only,Rolex,Unworn Watches,Watches"
T3603,0,ARCHIVED,ROLEX,Pre-Owned Rolex Datejust 126331,w-t3603,False,"126331,Datejust,lmny-feed,papers-only,Pre-Owned Watches,Rolex,Watches"
T3627,1,ARCHIVED,ROLEX,Rolex Day-Date 228238,w-t3627,False,"228238,Day-Date,lmny-feed,papers-only,Rolex,SLIDER,Watches"
T3638,1,ARCHIVED,ROLEX,Rolex Submariner Date 126610LN,w-t3638,False,"126610LN,lmny-feed,papers-only,RETAIL READY,Rolex,Submariner Date,Watches"
T3644,0,ARCHIVED,ROLEX,ROLEX OYSTER PERPETUAL 134300,w-t3644,False,"lmny-feed,papers-only,ROLEX,UNWORN"
T3654,0,ARCHIVED,ROLEX,ROLEX YACHTMASTER 116622,w-t3654,False,"lmny-feed,papers-only,RETAIL READY,ROLEX"
T3655,0,ARCHIVED,ROLEX,Pre-Owned Rolex Submariner Date 126613LN,w-t3655,False,"126613LN,lmny-feed,papers-only,Pre-Owned Watches,Rolex,Submariner Date,Watches"
T3656,0,ARCHIVED,ROLEX,Pre-Owned Rolex Explorer II 16570,w-t3656,True,"16570,ebay,Explorer II,lmny-feed,papers-only,Pre-Owned Watches,Rolex,Watches"
T3658,1,ARCHIVED,VACHERON-CONSTANTIN,Unworn Vacheron-Constantin Overseas 7920V/210A-B546,w-t3658,False,"7920V/210A-B546,full-set,lmny-feed,other-watch-brand,Overseas,Unworn Watches,Vacheron-Constantin,Watches"
T3668,1,ARCHIVED,ROLEX,Unworn Rolex Datejust 126231,w-t3668,False,"126231,Datejust,lmny-feed,papers-only,Rolex,Unworn Watches,Watches"
T3681,0,ARCHIVED,ROLEX,Unworn Rolex Datejust 126234,w-t3681,False,"126234,Datejust,lmny-feed,papers-only,Rolex,Unworn Watches,Watches"
T3692,1,ARCHIVED,ROLEX,Rolex GMT Master II 116710BLNR,w-t3692,False,"116710BLNR,GMT Master II,lmny-feed,papers-only,RETAIL READY,Rolex,Watches"
T3696,0,ARCHIVED,ROLEX,Pre-Owned Rolex GMT Master II 126710BLNR,w-t3696,False,"126710BLNR,GMT Master II,lmny-feed,papers-only,Pre-Owned Watches,Rolex,Watches"
T3697,1,ARCHIVED,ROLEX,Rolex Daytona 116500LN,w-t3697,False,"116500LN,Daytona,lmny-feed,papers-only,RETAIL READY,Rolex,Watches"
T3704,0,ARCHIVED,ROLEX,Pre-Owned Rolex Submariner Date 16613,w-t3704,False,"16613,lmny-feed,papers-only,Pre-Owned Watches,Rolex,Submariner Date,Watches"
T3707,1,ARCHIVED,ROLEX,Rolex Daytona 126500LN,w-t3707,False,"126500LN,Daytona,lmny-feed,papers-only,Rolex,SUPER MINT,Watches"
T3714,1,ARCHIVED,ROLEX,Unworn Rolex GMT Master II 126713GRNR,w-t3714,False,"126713GRNR,GMT Master II,lmny-feed,papers-only,Rolex,Unworn Watches,Watches"
T3725,1,ARCHIVED,ROLEX,Rolex Daytona 126500LN,w-t3725,False,"126500LN,Daytona,lmny-feed,papers-only,Rolex,SLIDER,Watches"
T3726,0,ARCHIVED,ROLEX,ROLEX GMT MASTER II 126713GRNR,w-t3726,False,"lmny-feed,papers-only,ROLEX,SLIDER"
T3727,0,ARCHIVED,ROLEX,ROLEX GMT MASTER II 126713GRNR,w-t3727,False,"lmny-feed,papers-only,ROLEX,SLIDER"
T3731,1,ARCHIVED,ROLEX,Unworn Rolex Land-Dweller 127334,w-t3731,False,"127334,Land-Dweller,lmny-feed,papers-only,Rolex,Unworn Watches,Watches"
T3736,-1,ARCHIVED,ROLEX,ROLEX MILGAUSS 116400GV,w-t3736,False,"lmny-feed,papers-only,RETAIL READY,ROLEX"
U1036,0,ARCHIVED,ROLEX,Rolex Submariner Date 116613LB,w-u1036,True,"116613LB,ebay,lmny-feed,papers-only,Rolex,SLIDER,Submariner Date,Watches"
U1039,0,ARCHIVED,ROLEX,Pre-Owned Rolex Datejust 126333,w-u1039,True,"126333,Datejust,ebay,lmny-feed,papers-only,Pre-Owned Watches,Rolex,Watches"
U1064,0,ARCHIVED,ROLEX,Pre-Owned Rolex Datejust 126300,w-u1064,True,"126300,Datejust,ebay,full-set,lmny-feed,Pre-Owned Watches,Rolex,Watches"
U1074,0,ARCHIVED,ROLEX,Pre-Owned Rolex Oyster Perpetual 124300,w-u1074,True,"124300,ebay,lmny-feed,Oyster Perpetual,papers-only,Pre-Owned Watches,Rolex,Watches"
U1089,0,ARCHIVED,ROLEX,Pre-Owned Rolex Sky Dweller 336934,w-u1089,True,"336934,ebay,lmny-feed,papers-only,Pre-Owned Watches,Rolex,Sky Dweller,Watches"
U1098,0,ARCHIVED,ROLEX,Pre-Owned Rolex Submariner Date 126610LV,w-u1098,True,"126610LV,ebay,lmny-feed,papers-only,Pre-Owned Watches,Rolex,Submariner Date,Watches"
U1099,1,ARCHIVED,ROLEX,Pre-Owned Rolex Sea Dweller 16600,w-u1099,False,"16600,lmny-feed,naked,Pre-Owned Watches,Rolex,Sea Dweller,Watches"
U1155,1,ARCHIVED,ROLEX,Pre-Owned Rolex GMT Master II 116710BLNR,w-u1155,False,"116710BLNR,GMT Master II,lmny-feed,papers-only,Pre-Owned Watches,Rolex,Watches"
U1160,0,ARCHIVED,ROLEX,Pre-Owned Rolex Datejust 126303,w-u1160,True,"126303,Datejust,ebay,full-set,lmny-feed,Pre-Owned Watches,Rolex,Watches"
U1162,0,ARCHIVED,ROLEX,Pre-Owned Rolex Sky Dweller 336934,w-u1162,True,"336934,ebay,lmny-feed,naked,Pre-Owned Watches,Rolex,Sky Dweller,Watches"
U1175,0,ARCHIVED,AUDEMARS PIGUET,Pre-Owned Audemars Piguet Royal Oak 266331OR00D35CR.01,w-u1175,True,"266331OR00D35CR.01,Audemars Piguet,ebay,lmny-feed,papers-only,Pre-Owned Watches,Royal Oak,Watches"
U3209,0,ARCHIVED,ROLEX,Pre-Owned Rolex Precision 6694,w-u3209,False,"6694,lmny-feed,media-missing,naked,Pre-Owned Watches,Precision,Rolex,Watches"
U7075,0,ARCHIVED,ROLEX,Pre-Owned Rolex Submariner Date 126613LN,w-u7075,True,"126613LN,ebay,lmny-feed,papers-only,Pre-Owned Watches,Rolex,Submariner Date,Watches"
U87577,0,ARCHIVED,ROLEX,Pre-Owned Rolex Datejust 16264,w-u87577,False,"16264,Datejust,lmny-feed,media-missing,naked,Pre-Owned Watches,Rolex,Watches"
U8935,0,ARCHIVED,ROLEX,ROLEX DATEJUST 1601,w-u8935,False,"lmny-feed,media-missing,naked,RETAIL READY,ROLEX"
U9084,0,ARCHIVED,ROLEX,Pre-Owned Rolex Oyster Perpetual Date 6917,w-u9084,False,"6917,lmny-feed,media-missing,naked,Oyster Perpetual Date,Pre-Owned Watches,Rolex,Watches"
U9376,0,ARCHIVED,ROLEX,Pre-Owned Rolex Oyster Perpetual Date 6917SV,w-u9376,False,"6917SV,lmny-feed,media-missing,naked,Oyster Perpetual Date,Pre-Owned Watches,Rolex,Watches"
U9709,1,ARCHIVED,ROLEX,Unworn Rolex Datejust 126333,w-u9709,False,"126333,Datejust,lmny-feed,papers-only,Rolex,Unworn Watches,Watches"
3734,0,ARCHIVED,ROLEX,Pre-Owned Rolex Datejust II 126300,w-3734,True,"126300,Datejust II,ebay,lmny-feed,papers-only,Pre-Owned Watches,Rolex,Watches"
3926,0,ARCHIVED,ROLEX,Pre-Owned Rolex Sky Dweller 336935,w-3926,True,"336935,ebay,lmny-feed,papers-only,Pre-Owned Watches,Rolex,Sky Dweller,Watches"
U1156,0,ARCHIVED,ROLEX,Pre-Owned Rolex GMT Master II 116710BLNR,w-u1156,False,"116710BLNR,GMT Master II,lmny-feed,papers-only,Pre-Owned Watches,Rolex,Watches"
U1168,0,ARCHIVED,ROLEX,ROLEX OYSTER PERPETUAL 15200,w-u1168,False,"EXCELLENT,lmny-feed,media-missing,papers-only,ROLEX"
U1169,0,ARCHIVED,ROLEX,Pre-Owned Rolex Sea Dweller 126600,w-u1169,True,"126600,ebay,lmny-feed,naked,Pre-Owned Watches,Rolex,Sea Dweller,Watches"
U1187,0,ARCHIVED,ROLEX,Pre-Owned Rolex Sea Dweller 116660,w-u1187,False,"116660,lmny-feed,naked,Pre-Owned Watches,Rolex,Sea Dweller,Watches"
U1158,0,ARCHIVED,ROLEX,Pre-Owned Rolex GMT Master II 116710BLNR,w-u1158,False,"116710BLNR,GMT Master II,lmny-feed,papers-only,Pre-Owned Watches,Rolex,Watches"
U1159,0,ARCHIVED,ROLEX,Unworn Rolex Sea Dweller 126600,w-u1159,True,"126600,ebay,full-set,lmny-feed,Rolex,Sea Dweller,Unworn Watches,Watches"
4117,0,ARCHIVED,ROLEX,Pre-Owned Rolex Datejust 69178,w-4117,True,"69178,Datejust,ebay,lmny-feed,naked,Pre-Owned Watches,Rolex,Watches"
4120,0,ARCHIVED,ROLEX,Pre-Owned Rolex Day-Date 118205,w-4120,True,"118205,Day-Date,ebay,lmny-feed,naked,Pre-Owned Watches,Rolex,Watches"
P5362,0,ARCHIVED,ROLEX,Pre-Owned Rolex Yachtmaster 126655,w-p5362,False,"126655,lmny-feed,media-missing,papers-only,Pre-Owned Watches,Rolex,Watches,Yachtmaster"
P5363,0,ARCHIVED,ROLEX,Unworn Rolex GMT Master II 126710GRNR,w-p5363,False,"126710GRNR,GMT Master II,lmny-feed,media-missing,papers-only,Rolex,Unworn Watches,Watches"
P5364,0,ARCHIVED,ROLEX,Pre-Owned Rolex Yachtmaster 126622,w-p5364,False,"126622,lmny-feed,papers-only,Pre-Owned Watches,Rolex,Watches,Yachtmaster"
U1176,0,ARCHIVED,ROLEX,Pre-Owned Rolex Day-Date 228238RBR,w-u1176,True,"228238RBR,Day-Date,ebay,lmny-feed,naked,Pre-Owned Watches,Rolex,Watches"
U3953,0,ARCHIVED,ROLEX,Unworn Rolex Datejust 126334,w-u3953,False,"126334,Datejust,lmny-feed,media-missing,papers-only,Rolex,Unworn Watches,Watches"
4134,1,ARCHIVED,ROLEX,Pre-Owned Rolex Submariner Date 116613LB,w-4134,False,"116613LB,lmny-feed,papers-only,Pre-Owned Watches,Rolex,Submariner Date,Watches"
4121,0,ARCHIVED,ROLEX,Pre-Owned Rolex Submariner Date 116613LB,w-4121,False,"116613LB,lmny-feed,papers-only,Pre-Owned Watches,Rolex,Submariner Date,Watches"
4122,0,ARCHIVED,ROLEX,Pre-Owned Rolex Submariner Date 116613LB,w-4122,False,"116613LB,lmny-feed,papers-only,Pre-Owned Watches,Rolex,Submariner Date,Watches"
4123,0,ARCHIVED,ROLEX,Pre-Owned Rolex Submariner Date 116613LB,w-4123,True,"116613LB,ebay,lmny-feed,papers-only,Pre-Owned Watches,Rolex,Submariner Date,Watches"
4125,0,ARCHIVED,ROLEX,Rolex Sea Dweller 116660,w-4125,True,"116660,ebay,EXCELLLENT,lmny-feed,papers-only,Rolex,Sea Dweller,Watches"
4133,0,ARCHIVED,ROLEX,Pre-Owned Rolex Submariner Date 116613LB,w-4133,True,"116613LB,ebay,lmny-feed,papers-only,Pre-Owned Watches,Rolex,Submariner Date,Watches"
4153,0,ARCHIVED,ROLEX,Pre-Owned Rolex Sea Dweller 16600,w-4153,False,"16600,lmny-feed,naked,Pre-Owned Watches,Rolex,Sea Dweller,Watches"
4154,0,ARCHIVED,ROLEX,Pre-Owned Rolex Sea Dweller 16600,w-4154,True,"16600,ebay,lmny-feed,naked,Pre-Owned Watches,Rolex,Sea Dweller,Watches"
4155,0,ARCHIVED,ROLEX,Pre-Owned Rolex Sea Dweller 116660,w-4155,True,"116660,ebay,lmny-feed,papers-only,Pre-Owned Watches,Rolex,Sea Dweller,Watches"
4156,0,ARCHIVED,ROLEX,Pre-Owned Rolex Sea Dweller 116660,w-4156,False,"116660,lmny-feed,naked,Pre-Owned Watches,Rolex,Sea Dweller,Watches"
4157,0,ARCHIVED,ROLEX,Pre-Owned Rolex Sea Dweller 116660,w-4157,False,"116660,lmny-feed,naked,Pre-Owned Watches,Rolex,Sea Dweller,Watches"
4158,0,ARCHIVED,ROLEX,Pre-Owned Rolex Explorer II 16570,w-4158,True,"16570,ebay,Explorer II,lmny-feed,papers-only,Pre-Owned Watches,Rolex,Watches"
4159,0,ARCHIVED,ROLEX,Pre-Owned Rolex Oyster Perpetual 124300,w-4159,False,"124300,lmny-feed,Oyster Perpetual,papers-only,Pre-Owned Watches,Rolex,Watches"
4160,1,ARCHIVED,ROLEX,Pre-Owned Rolex Oyster Perpetual 124300,w-4160,False,"124300,lmny-feed,Oyster Perpetual,papers-only,Pre-Owned Watches,Rolex,Watches"
4161,0,ARCHIVED,ROLEX,Pre-Owned Rolex Oyster Perpetual 124300,w-4161,False,"124300,lmny-feed,Oyster Perpetual,papers-only,Pre-Owned Watches,Rolex,Watches"
4163,0,ARCHIVED,ROLEX,Pre-Owned Rolex Day-Date 228235,w-4163,True,"228235,Day-Date,ebay,lmny-feed,papers-only,Pre-Owned Watches,Rolex,Watches"
T3749,1,ARCHIVED,ROLEX,Rolex Datejust 126234,w-t3749,False,"126234,Datejust,lmny-feed,papers-only,RETAIL READY,Rolex,Watches"
U3921,0,ARCHIVED,ROLEX,Pre-Owned Rolex Day-Date II 218239,w-u3921,False,"218239,Day-Date II,lmny-feed,papers-only,Pre-Owned Watches,Rolex,Watches"
4152,1,ARCHIVED,ROLEX,Pre-Owned Rolex Sea Dweller 16600,w-4152,False,"16600,lmny-feed,naked,Pre-Owned Watches,Rolex,Sea Dweller,Watches"
P5365,0,ARCHIVED,ROLEX,Rolex Oyster Perpetual 126000,w-p5365,True,"126000,ebay,lmny-feed,Oyster Perpetual,papers-only,PREOWNED,Rolex,Watches"
T3739,0,ARCHIVED,ROLEX,Pre-Owned Rolex GMT Master II 126711CHNR,w-t3739,False,"126711CHNR,GMT Master II,lmny-feed,papers-only,Pre-Owned Watches,Rolex,Watches"
T3742,1,ARCHIVED,ROLEX,ROLEX DATEJUST 126234,w-t3742,False,"lmny-feed,papers-only,RETAIL READY,ROLEX"
T3743,1,ARCHIVED,ROLEX,Rolex Datejust 126331,w-t3743,False,"126331,Datejust,lmny-feed,papers-only,Rolex,SLIDER,Watches"
P5378,0,ARCHIVED,ROLEX,ROLEX DAY-DATE 228238,w-p5378,False,"lmny-feed,papers-only,ROLEX,SLIDER"
J10493,0,ARCHIVED,Cartier,Pre-Owned Cartier Tank Asymmetric 18K White Gold Diamond Ladies Ref 2786 Watch,bv-cartier-tank-asymmetric-18k-white-gold-diamond-ladies-ref-2786-watch-j10493,False,"antique-estate,backvault-feed,Cartier,designer-jewelry,Pre-Owned Watches,Watch,Watches"
J10355,0,ARCHIVED,Van Cleef & Arpels,Pre-Owned Van Cleef & Arpels Cadenas 18K Yellow Gold Diamond Five Row Bracelet Watch,bv-van-cleef-arpels-cadenas-18k-yellow-gold-diamond-five-row-ladies-bracelet-watch-j10355,False,"antique-estate,backvault-feed,designer-jewelry,Pre-Owned Watches,Van Cleef & Arpels,Watch,Watches"
RR9291,0,ARCHIVED,Cartier,Pre-Owned Cartier Trinity 18K Tri Color Trinity Round Dial 27mm 1990's Diamond Women Watch,bv-cartier-trinity-18k-tri-color-trinity-round-dial-27mm-1990s-diamond-ladies-watch-rr9291,False,"antique-estate,backvault-feed,Cartier,designer-jewelry,Pre-Owned Watches,Watch,Watches"
RR2954,0,ARCHIVED,Hermès,Pre-Owned Hermès Stainless Steel Kelly Pm Double Tour Gold Tone Blue Women Watch,bv-hermes-stainless-steel-kelly-pm-double-tour-gold-tone-blue-watch-rr2954,False,"antique-estate,backvault-feed,designer-jewelry,Hermès,Pre-Owned Watches,Watch,Watches"
RR2613,0,ARCHIVED,Hermès,Pre-Owned Hermès Stainless Steel Mother Of Pearl Dial Women Watch,bv-hermes-stainless-steel-mother-of-pearl-dial-watch-rr2613,False,"antique-estate,backvault-feed,designer-jewelry,Hermès,Pre-Owned Watches,Watch,Watches"
RR5823,1,ARCHIVED,Van Cleef & Arpels,Pre-Owned Van Cleef & Arpels 1940's 18K Yellow Gold Vintage Retro Diamond Wrist Women Watch,van-cleef-1940s-rr5823,False,"antique-estate,backvault-feed,designer-jewelry,Pre-Owned Watches,Van Cleef & Arpels,Vintage,Watch,Watches"
4164,0,ARCHIVED,CARTIER,Pre-Owned Cartier Calibre W7100007,w-4164,True,"Calibre,Cartier,ebay,lmny-feed,papers-only,Pre-Owned Watches,W7100007,Watches"
U4156,0,ARCHIVED,ROLEX,Pre-Owned Rolex Sea Dweller 116660,w-u4156,False,"116660,lmny-feed,papers-only,Pre-Owned Watches,Rolex,Sea Dweller,Watches"
4162,0,ARCHIVED,CARTIER,Pre-Owned Cartier Pasha WJ120151,w-4162,True,"Cartier,ebay,lmny-feed,papers-only,Pasha,Pre-Owned Watches,Watches,WJ120151"
4166,1,ARCHIVED,ROLEX,Pre-Owned Rolex Datejust 126334,w-4166,False,"126334,Datejust,lmny-feed,papers-only,Pre-Owned Watches,Rolex,Watches"
4167,0,ARCHIVED,ROLEX,Pre-Owned Rolex Sky Dweller 336934,w-4167,True,"336934,ebay,lmny-feed,papers-only,Pre-Owned Watches,Rolex,Sky Dweller,Watches"
4168,0,ARCHIVED,ROLEX,Unworn Rolex Datejust 126234,w-4168,True,"126234,Datejust,ebay,lmny-feed,papers-only,Rolex,Unworn Watches,Watches"
4169,0,ARCHIVED,ROLEX,Unworn Rolex Sky Dweller 336938,w-4169,True,"336938,ebay,lmny-feed,papers-only,Rolex,Sky Dweller,Unworn Watches,Watches"
4170,0,ARCHIVED,ROLEX,Unworn Rolex Sky Dweller 336934,w-4170,True,"336934,ebay,lmny-feed,papers-only,Rolex,Sky Dweller,Unworn Watches,Watches"
4171,0,ARCHIVED,ROLEX,Unworn Rolex Datejust 126334,w-4171,True,"126334,Datejust,ebay,lmny-feed,papers-only,Rolex,Unworn Watches,Watches"
P5366,0,ARCHIVED,PATEK PHILIPPE,PATEK PHILIPPE AQUANAUT 5168G,w-p5366,False,"lmny-feed,papers-only,PATEK PHILIPPE,SLIDER"
3715,0,ARCHIVED,ROLEX,Pre-Owned Rolex Day-Date 228238,w-3715,False,"228238,Day-Date,lmny-feed,papers-only,Pre-Owned Watches,Rolex,Watches"
4165,0,ARCHIVED,ROLEX,Unworn Rolex Datejust 126334,w-4165,True,"126334,Datejust,ebay,lmny-feed,papers-only,Rolex,Unworn Watches,Watches"
U4094,0,ARCHIVED,ROLEX,Unworn Rolex Datejust 126334,w-u4094,True,"126334,Datejust,ebay,full-set,lmny-feed,Rolex,Unworn Watches,Watches"
4172,0,ARCHIVED,ROLEX,Pre-Owned Rolex Yacht-Master II 116689,w-4172,True,"116689,ebay,lmny-feed,naked,Pre-Owned Watches,Rolex,Watches,Yacht-Master II"
U1217,0,ARCHIVED,ROLEX,Pre-Owned Rolex Datejust 126333,w-u1217,True,"126333,Datejust,ebay,lmny-feed,naked,Pre-Owned Watches,Rolex,Watches"
U1218,0,ARCHIVED,ROLEX,Pre-Owned Rolex Sky Dweller 336933,w-u1218,True,"336933,ebay,full-set,lmny-feed,Pre-Owned Watches,Rolex,Sky Dweller,Watches"
4178,0,ARCHIVED,ROLEX,Pre-Owned Rolex Milgauss 116400GV,w-4178,False,"116400GV,lmny-feed,Milgauss,papers-only,Pre-Owned Watches,Rolex,Watches"
4183,0,ARCHIVED,ROLEX,Pre-Owned Rolex GMT Master II 126711CHNR,w-4183,True,"126711CHNR,ebay,GMT Master II,lmny-feed,papers-only,Pre-Owned Watches,Rolex,Watches"
U9329,0,ARCHIVED,ROLEX,ROLEX DATEJUST 126234,w-u9329,False,"full-set,lmny-feed,ROLEX,SLIDER"
U1227,0,ARCHIVED,ROLEX,Pre-Owned Rolex Daydate 228238,w-u1227,True,"228238,Daydate,ebay,lmny-feed,papers-only,Pre-Owned Watches,Rolex,Watches"
9189,0,ARCHIVED,ROLEX,Pre-Owned Rolex Datejust 6694,w-9189,False,"6694,Datejust,lmny-feed,naked,Pre-Owned Watches,Rolex,Watches"
U8759,0,ARCHIVED,ROLEX,Rolex Datejust 16030,w-u8759,True,"16030,Datejust,ebay,lmny-feed,naked,RETAIL READY,Rolex,Watches"
RW3093,1,ARCHIVED,ROLEX,Pre-Owned Rolex Submariner Date 116610LV,w-rw3093,False,"116610LV,lmny-feed,papers-only,Pre-Owned Watches,Rolex,Submariner Date,Watches"
4266,0,ARCHIVED,ROLEX,Pre-Owned Rolex Yachtmaster 126655,w-4266,True,"126655,ebay,lmny-feed,naked,Pre-Owned Watches,Rolex,Watches,Yachtmaster"
U3687,1,ARCHIVED,ROLEX,Unworn Rolex Submariner Date 126610LN,w-u3687,False,"126610LN,full-set,lmny-feed,Rolex,Submariner Date,Unworn Watches,Watches"
U4166,1,ARCHIVED,ROLEX,Pre-Owned Rolex Datejust 126334,w-u4166,False,"126334,Datejust,lmny-feed,papers-only,Pre-Owned Watches,Rolex,Watches"
4282,0,ARCHIVED,CARTIER,Pre-Owned Cartier Roadster W62017V3,w-4282,True,"Cartier,ebay,lmny-feed,naked,Pre-Owned Watches,Roadster,W62017V3,Watches"
4283,0,ARCHIVED,ROLEX,Pre-Owned Rolex Datejust II 116300,w-4283,True,"116300,Datejust II,ebay,lmny-feed,naked,Pre-Owned Watches,Rolex,Watches"
4285,0,ARCHIVED,ROLEX,Pre-Owned Rolex Explorer II 16570,w-4285,True,"16570,ebay,Explorer II,lmny-feed,naked,Pre-Owned Watches,Rolex,Watches"
4286,0,ARCHIVED,ROLEX,Pre-Owned Rolex Datejust 16233,w-4286,True,"16233,Datejust,ebay,lmny-feed,naked,Pre-Owned Watches,Rolex,Watches"
4321,0,ARCHIVED,ROLEX,Pre-Owned Rolex GMT Master II 116710BLNR,w-4321,True,"116710BLNR,ebay,GMT Master II,lmny-feed,papers-only,Pre-Owned Watches,Rolex,Watches"
