handle,found,id,title,vendor,product_type,status,sku,qty,has_ebay,ebay_condition,tags
cartier-love-18k-rose-gold-6-diamond-small-model-size-16-bracelet-j10214,true,gid://shopify/Product/7509950431303,Pre-Owned Cartier Love 18K Rose Gold 6 Diamond Small Model Size 16 Bracelet,Cartier,Bracelet,ACTIVE,J10214,1,true,3000,18K Rose Gold|Authentic|Bracelet|Cartier|ebay|Estate Jewelry|Luxury Jewelry|Pre-Owned|Rose Gold|Round|Vintage
tiffany-co-victoria-platinum-diamond-and-sapphire-pendant-j10398,true,gid://shopify/Product/7509954330695,Pre-Owned Tiffany & Co. Victoria Platinum Diamond And Sapphire Pendant,Tiffany & Co.,Pendant,ACTIVE,J10398,1,true,3000,Authentic|ebay|Estate Jewelry|Luxury Jewelry|Marquise|Pendant|Platinum|Pre-Owned|Tiffany & Co.|Vintage
cartier-18k-tri-color-bullseye-tricolor-pendant-rr9099,true,gid://shopify/Product/7509948891207,Pre-Owned Cartier 18K Tri Color Bullseye Tricolor Pendant,Cartier,Pendant,ACTIVE,RR9099,1,true,3000,18K Rose Gold|Authentic|Cartier|ebay|Estate Jewelry|Luxury Jewelry|Pendant|Pre-Owned|Rose Gold|Vintage
cartier-love-18k-rose-gold-size-18-bracelet-j10230,true,gid://shopify/Product/7509948530759,Pre-Owned Cartier Love 18K Rose Gold Size 18 Bracelet,Cartier,Bracelet,ACTIVE,J10230,1,true,3000,18K Rose Gold|Authentic|Bracelet|Cartier|ebay|Estate Jewelry|Luxury Jewelry|Pre-Owned|Rose Gold|Vintage
cartier-love-18k-rose-gold-mini-pave-diamond-ring-j10185,true,gid://shopify/Product/7509947383879,Pre-Owned Cartier Love 18K Rose Gold Mini Pave Diamond Ring,Cartier,Ring,ACTIVE,J10185,1,true,3000,18K Rose Gold|Authentic|Cartier|ebay|Estate Jewelry|Luxury Jewelry|Pre-Owned|Ring|Rose Gold|Round|Vintage
cartier-juste-un-clou-18k-rose-gold-diamond-ring-j10183,true,gid://shopify/Product/7509947252807,Pre-Owned Cartier Juste Un Clou 18K Rose Gold Diamond Ring,Cartier,Ring,ACTIVE,J10183,1,true,3000,18K Rose Gold|Authentic|Cartier|ebay|Estate Jewelry|Luxury Jewelry|Pre-Owned|Ring|Rose Gold|Vintage
cartier-love-18k-white-gold-mini-diamond-ring-j10180,true,gid://shopify/Product/7509947121735,Pre-Owned Cartier Love 18K White Gold Mini Diamond Ring,Cartier,Ring,ACTIVE,J10180,1,true,3000,18K White Gold|Authentic|Cartier|ebay|Estate Jewelry|Luxury Jewelry|Pre-Owned|Ring|Round|Vintage|White Gold
cartier-love-18k-white-gold-classic-ring-j10176,true,gid://shopify/Product/7509946925127,Pre-Owned Cartier Love 18K White Gold Classic Ring,Cartier,Ring,ACTIVE,J10176,1,true,3000,18K White Gold|Authentic|Cartier|ebay|Estate Jewelry|Luxury Jewelry|Pre-Owned|Ring|Vintage|White Gold
cartier-love-18k-yellow-gold-3-diamond-size-54-ring-j10173,true,gid://shopify/Product/7509946761287,"Pre-Owned Cartier Love 18K Yellow Gold 3 Diamond, Size 54 Ring",Cartier,Ring,ACTIVE,J10173,1,true,3000,18K Yellow Gold|Authentic|Cartier|ebay|Estate Jewelry|Luxury Jewelry|Pre-Owned|Ring|Round|Vintage|Yellow Gold
cartier-juste-un-clou-18k-white-gold-diamond-tip-ring-j10171,true,gid://shopify/Product/7509946630215,Pre-Owned Cartier Juste Un Clou 18K White Gold Diamond Tip Ring,Cartier,Ring,ACTIVE,J10171,1,true,3000,18K White Gold|Authentic|Cartier|ebay|Estate Jewelry|Luxury Jewelry|Pre-Owned|Ring|Vintage|White Gold
cartier-trinity-18k-tri-color-diamond-pave-ring-j10170,true,gid://shopify/Product/7509946499143,Pre-Owned Cartier Trinity 18K Tri Color Diamond Pave Ring,Cartier,Ring,ACTIVE,J10170,1,true,3000,Authentic|Cartier|ebay|Estate Jewelry|Luxury Jewelry|Pre-Owned|Ring|Vintage
cartier-love-18k-white-gold-3-diamond-ring-j10168,true,gid://shopify/Product/7509946335303,Pre-Owned Cartier Love 18K White Gold 3 Diamond Ring,Cartier,Ring,ACTIVE,J10168,1,true,3000,18K White Gold|Authentic|Cartier|ebay|Estate Jewelry|Luxury Jewelry|Pre-Owned|Ring|Vintage|White Gold
cartier-love-18k-rose-gold-bangle-size-17-bracelet-j10208,true,gid://shopify/Product/7509938274375,Pre-Owned Cartier Love 18K Rose Gold Bangle Size 17 Bracelet,Cartier,Bracelet,ACTIVE,J10208,1,true,3000,18K Rose Gold|Authentic|Bracelet|Cartier|ebay|Estate Jewelry|Luxury Jewelry|Pre-Owned|Rose Gold|Vintage
cartier-love-18k-white-gold-love-size-18-bracelet-rr9205,true,gid://shopify/Product/7509938405447,Pre-Owned Cartier Love 18K White Gold Love Size 18 Bracelet,Cartier,Bracelet,ACTIVE,RR9205,1,true,3000,18K White Gold|Authentic|Bracelet|Cartier|ebay|Estate Jewelry|Luxury Jewelry|Pre-Owned|Vintage|White Gold
cartier-18k-white-gold-pave-diamond-heart-necklace-rr9853,true,gid://shopify/Product/7509938667591,Pre-Owned Cartier 18K White Gold Pave Diamond Heart Necklace,Cartier,Necklace,ACTIVE,RR9853,1,true,3000,18K White Gold|Authentic|Cartier|ebay|Estate Jewelry|Luxury Jewelry|Necklace|Pre-Owned|Vintage|White Gold
chopard-18k-yellow-gold-happy-diamond-round-1-20cttw-stud-earrings-j10036,true,gid://shopify/Product/7509961277511,Pre-Owned Chopard 18K Yellow Gold Happy Diamond Round 1.20cttw Stud Earrings,Chopard,Earrings,ACTIVE,J10036,1,true,3000,18K Yellow Gold|Authentic|Chopard|Earrings|ebay|Estate Jewelry|Luxury Jewelry|Pre-Owned|Vintage|Yellow Gold
cartier-18k-white-gold-love-black-ceramic-eu-49-ring-rr9687,true,gid://shopify/Product/7509940076615,Pre-Owned Cartier 18K White Gold Love Black Ceramic EU 49 Ring,Cartier,Ring,ACTIVE,RR9687,1,true,3000,18K White Gold|Authentic|Cartier|ebay|Estate Jewelry|Luxury Jewelry|Pre-Owned|Ring|Vintage|White Gold
tiffany-co-legacy-platinum-1-50cttw-round-diamond-ring-rr9202,true,gid://shopify/Product/7509951840327,Pre-Owned Tiffany & Co. Legacy Platinum 1.50cttw Round Diamond Ring,Tiffany & Co.,Ring,ACTIVE,RR9202,1,true,3000,Authentic|ebay|Estate Jewelry|Luxury Jewelry|Platinum|Pre-Owned|Ring|Round|Tiffany & Co.|Vintage
cartier-14k-yellow-gold-1881-coin-e-pluribus-money-clip-rr9527,true,gid://shopify/Product/7509940764743,Pre-Owned Cartier 14K Yellow Gold 1881 Coin E Pluribus Money Clip,Cartier,Clip,ACTIVE,RR9527,1,true,3000,14K Yellow Gold|Authentic|Cartier|Clip|ebay|Estate Jewelry|Luxury Jewelry|Pre-Owned|Vintage|Yellow Gold
cartier-18k-yellow-gold-barbell-cuff-links-rr9408,true,gid://shopify/Product/7509941092423,Pre-Owned Cartier 18K Yellow Gold Barbell Cuff Links,Cartier,Cufflinks,ACTIVE,RR9408,1,true,3000,18K Yellow Gold|Authentic|Cartier|Cufflinks|ebay|Estate Jewelry|Luxury Jewelry|Pre-Owned|Vintage|Yellow Gold
tiffany-co-18k-white-gold-diamond-petals-key-pendant-rr7975,true,gid://shopify/Product/7509952036935,Pre-Owned Tiffany & Co. 18K White Gold Diamond Petals Key Pendant,Tiffany & Co.,Pendant,ACTIVE,RR7975,1,true,3000,18K White Gold|Authentic|ebay|Estate Jewelry|Luxury Jewelry|Pendant|Pre-Owned|Tiffany & Co.|Vintage|White Gold
hermes-5-leather-bracelets-rr9182,true,gid://shopify/Product/7509960917063,Pre-Owned Hermes 5 Leather Bracelets,Hermès,Bracelet,ACTIVE,RR9182,1,true,3000,Authentic|Bracelet|ebay|Estate Jewelry|Hermès|Luxury Jewelry|Pre-Owned|Vintage
cartier-18k-white-gold-panthere-maillon-ring-rr8985,true,gid://shopify/Product/7509941813319,Pre-Owned Cartier 18K White Gold Panthere Maillon Ring,Cartier,Ring,ACTIVE,RR8985,1,true,3000,18K White Gold|Authentic|Cartier|ebay|Estate Jewelry|Luxury Jewelry|Pre-Owned|Ring|Vintage|White Gold
cartier-18k-white-gold-diamant-leger-de-diamond-cluster-ring-rr8911,true,gid://shopify/Product/7509941911623,Pre-Owned Cartier 18K White Gold Diamant Leger De Diamond Cluster Ring,Cartier,Ring,ACTIVE,RR8911,1,true,3000,18K White Gold|Authentic|Cartier|ebay|Estate Jewelry|Luxury Jewelry|Pre-Owned|Ring|Vintage|White Gold
cartier-18k-white-gold-cartier-inde-mysterieuse-diamond-ring-rr8753,true,gid://shopify/Product/7509942075463,Pre-Owned Cartier 18K White Gold Cartier Inde Mystérieuse Diamond Ring,Cartier,Ring,ACTIVE,RR8753,1,true,3000,18K White Gold|Authentic|Cartier|ebay|Estate Jewelry|Luxury Jewelry|Pre-Owned|Ring|Round|Vintage|White Gold
tiffany-co-18k-yellow-gold-cummings-positive-negative-earrings-rr8417,true,gid://shopify/Product/7509952397383,Pre-Owned Tiffany & Co. 18K Yellow Gold Cummings Positive & Negative Earrings,Tiffany & Co.,Earrings,ACTIVE,RR8417,1,true,3000,18K Yellow Gold|Authentic|Earrings|ebay|Estate Jewelry|Luxury Jewelry|Pre-Owned|Tiffany & Co.|Vintage|Yellow Gold
bvlgari-18k-white-gold-parentesi-gemstone-and-diamond-chain-bracelet-rr8020,true,gid://shopify/Product/7509936144455,Pre-Owned Bvlgari 18K White Gold Parentesi Gemstone And Diamond Chain Bracelet,Bvlgari,Bracelet,ACTIVE,RR8020,1,true,3000,18K White Gold|Authentic|Bracelet|Bvlgari|ebay|Estate Jewelry|Luxury Jewelry|Pre-Owned|Vintage|White Gold
bvlgari-18k-white-gold-mother-of-pearl-illusion-diamond-cocktail-ring-rr7989,true,gid://shopify/Product/7509936209991,Pre-Owned Bvlgari 18K White Gold Mother Of Pearl Illusion Diamond Cocktail Ring,Bvlgari,Ring,ACTIVE,RR7989,1,true,3000,18K White Gold|Authentic|Bvlgari|ebay|Estate Jewelry|Luxury Jewelry|Pre-Owned|Ring|Vintage|White Gold
chopard-18k-white-gold-good-fortune-diamond-round-pendant-rr7494,true,gid://shopify/Product/7509961539655,Pre-Owned Chopard 18K White Gold Good Fortune Diamond Round Pendant,Chopard,Pendant,ACTIVE,RR7494,1,true,3000,18K White Gold|Authentic|Chopard|ebay|Estate Jewelry|Luxury Jewelry|Pendant|Pre-Owned|Vintage|White Gold
chopard-18k-yellow-gold-pave-heart-shape-floating-diamond-ring-rr7462,true,gid://shopify/Product/7509961572423,Pre-Owned Chopard 18K Yellow Gold Pave Heart Shape Floating Diamond Ring,Chopard,Ring,ACTIVE,RR7462,1,true,3000,18K Yellow Gold|Authentic|Chopard|ebay|Estate Jewelry|Heart|Luxury Jewelry|Pre-Owned|Ring|Vintage|Yellow Gold
cartier-art-deco-18k-yellow-gold-lipstick-gold-black-enamel-jewelry-rr4065,true,gid://shopify/Product/7509944827975,Pre-Owned Cartier Art Deco 18K Yellow Gold Lipstick - Gold & Black Enamel Jewelry,Cartier,Jewelry,ACTIVE,RR4065,1,true,3000,18K Yellow Gold|Authentic|Cartier|ebay|Estate Jewelry|Jewelry|Luxury Jewelry|Pre-Owned|Vintage|Yellow Gold
tiffany-co-schlumberger-platinum-18k-yellow-gold-blue-enamel-cuff-links-rr5796,true,gid://shopify/Product/7509953019975,Pre-Owned Tiffany & Co. Schlumberger Platinum & 18K Yellow Gold Blue Enamel Cuff Links,Tiffany & Co.,Cufflinks,ACTIVE,RR5796,1,true,3000,18K Yellow Gold|Authentic|Cufflinks|ebay|Estate Jewelry|Luxury Jewelry|Pre-Owned|Tiffany & Co.|Vintage|Yellow Gold
tiffany-co-schlumberger-18k-yellow-gold-blue-enamel-heart-motif-earrings-rr5591,true,gid://shopify/Product/7509953118279,Pre-Owned Tiffany & Co. Schlumberger 18K Yellow Gold Blue Enamel Heart Motif Earrings,Tiffany & Co.,Earrings,ACTIVE,RR5591,1,true,3000,18K Yellow Gold|Authentic|Earrings|ebay|Estate Jewelry|Luxury Jewelry|Pre-Owned|Tiffany & Co.|Vintage|Yellow Gold
