product_id,csv_handle,sku,vendor,title,keep_handle,action
gid://shopify/Product/7509950431303,cartier-love-18k-rose-gold-6-diamond-small-model-size-16-bracelet-j10214,J10214,Cartier,Pre-Owned Cartier Love 18K Rose Gold 6 Diamond Small Model Size 16 Bracelet,bv-cartier-love-18k-rose-gold-6-diamond-small-model-size-16-bracelet-j10214,remove-ebay-tag
gid://shopify/Product/7509954330695,tiffany-co-victoria-platinum-diamond-and-sapphire-pendant-j10398,J10398,Tiffany & Co.,Pre-Owned Tiffany & Co. Victoria Platinum Diamond And Sapphire Pendant,bv-tiffany-co-victoria-platinum-diamond-and-sapphire-pendant-j10398,remove-ebay-tag
gid://shopify/Product/7509948891207,cartier-18k-tri-color-bullseye-tricolor-pendant-rr9099,RR9099,Cartier,Pre-Owned Cartier 18K Tri Color Bullseye Tricolor Pendant,bv-cartier-18k-tri-color-bullseye-tricolor-pendant-rr9099,remove-ebay-tag
gid://shopify/Product/7509948530759,cartier-love-18k-rose-gold-size-18-bracelet-j10230,J10230,Cartier,Pre-Owned Cartier Love 18K Rose Gold Size 18 Bracelet,bv-cartier-love-18k-rose-gold-size-18-bracelet-j10230,remove-ebay-tag
gid://shopify/Product/7509947383879,cartier-love-18k-rose-gold-mini-pave-diamond-ring-j10185,J10185,Cartier,Pre-Owned Cartier Love 18K Rose Gold Mini Pave Diamond Ring,bv-cartier-love-18k-rose-gold-mini-pave-diamond-ring-j10185,remove-ebay-tag
gid://shopify/Product/7509947252807,cartier-juste-un-clou-18k-rose-gold-diamond-ring-j10183,J10183,Cartier,Pre-Owned Cartier Juste Un Clou 18K Rose Gold Diamond Ring,bv-cartier-juste-un-clou-18k-rose-gold-diamond-ring-j10183,remove-ebay-tag
gid://shopify/Product/7509947121735,cartier-love-18k-white-gold-mini-diamond-ring-j10180,J10180,Cartier,Pre-Owned Cartier Love 18K White Gold Mini Diamond Ring,bv-cartier-love-18k-white-gold-mini-diamond-ring-j10180,remove-ebay-tag
gid://shopify/Product/7509946925127,cartier-love-18k-white-gold-classic-ring-j10176,J10176,Cartier,Pre-Owned Cartier Love 18K White Gold Classic Ring,bv-cartier-love-18k-white-gold-classic-ring-j10176,remove-ebay-tag
gid://shopify/Product/7509946761287,cartier-love-18k-yellow-gold-3-diamond-size-54-ring-j10173,J10173,Cartier,"Pre-Owned Cartier Love 18K Yellow Gold 3 Diamond, Size 54 Ring",bv-cartier-love-18k-yellow-gold-3-diamond-size-54-ring-j10173,remove-ebay-tag
gid://shopify/Product/7509946630215,cartier-juste-un-clou-18k-white-gold-diamond-tip-ring-j10171,J10171,Cartier,Pre-Owned Cartier Juste Un Clou 18K White Gold Diamond Tip Ring,bv-cartier-juste-un-clou-18k-white-gold-diamond-tip-ring-j10171,remove-ebay-tag
gid://shopify/Product/7509946499143,cartier-trinity-18k-tri-color-diamond-pave-ring-j10170,J10170,Cartier,Pre-Owned Cartier Trinity 18K Tri Color Diamond Pave Ring,bv-cartier-trinity-18k-tri-color-diamond-pave-ring-j10170,remove-ebay-tag
gid://shopify/Product/7509946335303,cartier-love-18k-white-gold-3-diamond-ring-j10168,J10168,Cartier,Pre-Owned Cartier Love 18K White Gold 3 Diamond Ring,bv-cartier-love-18k-white-gold-3-diamond-ring-j10168,remove-ebay-tag
gid://shopify/Product/7509938274375,cartier-love-18k-rose-gold-bangle-size-17-bracelet-j10208,J10208,Cartier,Pre-Owned Cartier Love 18K Rose Gold Bangle Size 17 Bracelet,bv-cartier-love-18k-rose-gold-bangle-size-17-bracelet-j10208,remove-ebay-tag
gid://shopify/Product/7509938405447,cartier-love-18k-white-gold-love-size-18-bracelet-rr9205,RR9205,Cartier,Pre-Owned Cartier Love 18K White Gold Love Size 18 Bracelet,bv-cartier-love-18k-white-gold-love-size-18-bracelet-rr9205,remove-ebay-tag
gid://shopify/Product/7509938667591,cartier-18k-white-gold-pave-diamond-heart-necklace-rr9853,RR9853,Cartier,Pre-Owned Cartier 18K White Gold Pave Diamond Heart Necklace,bv-cartier-18k-white-gold-pave-diamond-heart-necklace-rr9853,remove-ebay-tag
gid://shopify/Product/7509961277511,chopard-18k-yellow-gold-happy-diamond-round-1-20cttw-stud-earrings-j10036,J10036,Chopard,Pre-Owned Chopard 18K Yellow Gold Happy Diamond Round 1.20cttw Stud Earrings,bv-chopard-18k-yellow-gold-happy-diamond-round-1-20cttw-stud-earrings-j10036,remove-ebay-tag
gid://shopify/Product/7509940076615,cartier-18k-white-gold-love-black-ceramic-eu-49-ring-rr9687,RR9687,Cartier,Pre-Owned Cartier 18K White Gold Love Black Ceramic EU 49 Ring,bv-cartier-18k-white-gold-love-black-ceramic-eu-49-ring-rr9687,remove-ebay-tag
gid://shopify/Product/7509951840327,tiffany-co-legacy-platinum-1-50cttw-round-diamond-ring-rr9202,RR9202,Tiffany & Co.,Pre-Owned Tiffany & Co. Legacy Platinum 1.50cttw Round Diamond Ring,bv-tiffany-co-legacy-platinum-1-50cttw-round-diamond-ring-rr9202,remove-ebay-tag
gid://shopify/Product/7509940764743,cartier-14k-yellow-gold-1881-coin-e-pluribus-money-clip-rr9527,RR9527,Cartier,Pre-Owned Cartier 14K Yellow Gold 1881 Coin E Pluribus Money Clip,bv-cartier-14k-yellow-gold-1881-coin-e-pluribus-money-clip-rr9527,remove-ebay-tag
gid://shopify/Product/7509941092423,cartier-18k-yellow-gold-barbell-cuff-links-rr9408,RR9408,Cartier,Pre-Owned Cartier 18K Yellow Gold Barbell Cuff Links,bv-cartier-18k-yellow-gold-barbell-cuff-links-rr9408,remove-ebay-tag
gid://shopify/Product/7509952036935,tiffany-co-18k-white-gold-diamond-petals-key-pendant-rr7975,RR7975,Tiffany & Co.,Pre-Owned Tiffany & Co. 18K White Gold Diamond Petals Key Pendant,bv-tiffany-co-18k-white-gold-diamond-petals-key-pendant-rr7975,remove-ebay-tag
gid://shopify/Product/7509960917063,hermes-5-leather-bracelets-rr9182,RR9182,Hermès,Pre-Owned Hermes 5 Leather Bracelets,bv-hermes-5-leather-bracelets-rr9182,remove-ebay-tag
gid://shopify/Product/7509941813319,cartier-18k-white-gold-panthere-maillon-ring-rr8985,RR8985,Cartier,Pre-Owned Cartier 18K White Gold Panthere Maillon Ring,bv-cartier-18k-white-gold-panthere-maillon-ring-rr8985,remove-ebay-tag
gid://shopify/Product/7509941911623,cartier-18k-white-gold-diamant-leger-de-diamond-cluster-ring-rr8911,RR8911,Cartier,Pre-Owned Cartier 18K White Gold Diamant Leger De Diamond Cluster Ring,bv-cartier-18k-white-gold-diamant-leger-de-diamond-cluster-ring-rr8911,remove-ebay-tag
gid://shopify/Product/7509942075463,cartier-18k-white-gold-cartier-inde-mysterieuse-diamond-ring-rr8753,RR8753,Cartier,Pre-Owned Cartier 18K White Gold Cartier Inde Mystérieuse Diamond Ring,bv-cartier-18k-white-gold-cartier-inde-mysterieuse-diamond-ring-rr8753,remove-ebay-tag
gid://shopify/Product/7509952397383,tiffany-co-18k-yellow-gold-cummings-positive-negative-earrings-rr8417,RR8417,Tiffany & Co.,Pre-Owned Tiffany & Co. 18K Yellow Gold Cummings Positive & Negative Earrings,bv-tiffany-co-18k-yellow-gold-cummings-positive-negative-earrings-rr8417,remove-ebay-tag
gid://shopify/Product/7509936144455,bvlgari-18k-white-gold-parentesi-gemstone-and-diamond-chain-bracelet-rr8020,RR8020,Bvlgari,Pre-Owned Bvlgari 18K White Gold Parentesi Gemstone And Diamond Chain Bracelet,bv-bvlgari-18k-white-gold-parentesi-gemstone-and-diamond-chain-bracelet-rr8020,remove-ebay-tag
gid://shopify/Product/7509936209991,bvlgari-18k-white-gold-mother-of-pearl-illusion-diamond-cocktail-ring-rr7989,RR7989,Bvlgari,Pre-Owned Bvlgari 18K White Gold Mother Of Pearl Illusion Diamond Cocktail Ring,bv-bvlgari-18k-white-gold-mother-of-pearl-illusion-diamond-cocktail-ring-rr7989,remove-ebay-tag
gid://shopify/Product/7509961539655,chopard-18k-white-gold-good-fortune-diamond-round-pendant-rr7494,RR7494,Chopard,Pre-Owned Chopard 18K White Gold Good Fortune Diamond Round Pendant,bv-chopard-18k-white-gold-good-fortune-diamond-round-pendant-rr7494,remove-ebay-tag
gid://shopify/Product/7509961572423,chopard-18k-yellow-gold-pave-heart-shape-floating-diamond-ring-rr7462,RR7462,Chopard,Pre-Owned Chopard 18K Yellow Gold Pave Heart Shape Floating Diamond Ring,bv-chopard-18k-yellow-gold-pave-heart-shape-floating-diamond-ring-rr7462,remove-ebay-tag
gid://shopify/Product/7509944827975,cartier-art-deco-18k-yellow-gold-lipstick-gold-black-enamel-jewelry-rr4065,RR4065,Cartier,Pre-Owned Cartier Art Deco 18K Yellow Gold Lipstick - Gold & Black Enamel Jewelry,bv-cartier-art-deco-18k-yellow-gold-lipstick-gold-black-enamel-jewelry-rr4065,remove-ebay-tag
gid://shopify/Product/7509953019975,tiffany-co-schlumberger-platinum-18k-yellow-gold-blue-enamel-cuff-links-rr5796,RR5796,Tiffany & Co.,Pre-Owned Tiffany & Co. Schlumberger Platinum & 18K Yellow Gold Blue Enamel Cuff Links,bv-tiffany-co-schlumberger-platinum-18k-yellow-gold-blue-enamel-cuff-links-rr5796,remove-ebay-tag
gid://shopify/Product/7509953118279,tiffany-co-schlumberger-18k-yellow-gold-blue-enamel-heart-motif-earrings-rr5591,RR5591,Tiffany & Co.,Pre-Owned Tiffany & Co. Schlumberger 18K Yellow Gold Blue Enamel Heart Motif Earrings,bv-tiffany-co-schlumberger-18k-yellow-gold-blue-enamel-heart-motif-earrings-rr5591,remove-ebay-tag
