sku,source,desiredShopifyARCHIVED,desiredMarketplaceDisabled
T3505,TLV WATCHES LLC,ARCHIVED,DISABLED
T3489,TLV WATCHES LLC,ARCHIVED,DISABLED
T3708,TLV WATCHES LLC,ARCHIVED,DISABLED
T3691,TLV WATCHES LLC,ARCHIVED,DISABLED
T3659,TLV WATCHES LLC,ARCHIVED,DISABLED
T3713,TLV WATCHES LLC,ARCHIVED,DISABLED
T3760,TLV WATCHES LLC,ARCHIVED,DISABLED
T3748,TLV WATCHES LLC,ARCHIVED,DISABLED
T3732,TLV WATCHES LLC,ARCHIVED,DISABLED
T3718,TLV WATCHES LLC,ARCHIVED,DISABLED
T3669,TLV WATCHES LLC,ARCHIVED,DISABLED
T3709,TLV WATCHES LLC,ARCHIVED,DISABLED
T3757,TLV WATCHES LLC,ARCHIVED,DISABLED
T3735,TLV WATCHES LLC,ARCHIVED,DISABLED
T3595,TLV WATCHES LLC,ARCHIVED,DISABLED
T3753,TLV WATCHES LLC,ARCHIVED,DISABLED
T3688,TLV WATCHES LLC,ARCHIVED,DISABLED
T3734,TLV WATCHES LLC,ARCHIVED,DISABLED
T3740,TLV WATCHES LLC,ARCHIVED,DISABLED
T3741,TLV WATCHES LLC,ARCHIVED,DISABLED
T3652,TLV WATCHES LLC,ARCHIVED,DISABLED
T3673,TLV WATCHES LLC,ARCHIVED,DISABLED
T3712,TLV WATCHES LLC,ARCHIVED,DISABLED
T3431,TLV WATCHES LLC,ARCHIVED,DISABLED
T3653,TLV WATCHES LLC,ARCHIVED,DISABLED
T3693,TLV WATCHES LLC,ARCHIVED,DISABLED
T3492,TLV WATCHES LLC,ARCHIVED,DISABLED
T3682,TLV WATCHES LLC,ARCHIVED,DISABLED
T3687,TLV WATCHES LLC,ARCHIVED,DISABLED
T3614,TLV WATCHES LLC,ARCHIVED,DISABLED
T3514,TLV WATCHES LLC,ARCHIVED,DISABLED
T3755,TLV WATCHES LLC,ARCHIVED,DISABLED
T3633,TLV WATCHES LLC,ARCHIVED,DISABLED
T3759,TLV WATCHES LLC,ARCHIVED,DISABLED
T3702,TLV WATCHES LLC,ARCHIVED,DISABLED
T3724,TLV WATCHES LLC,ARCHIVED,DISABLED
T3676,TLV WATCHES LLC,ARCHIVED,DISABLED
T3678,TLV WATCHES LLC,ARCHIVED,DISABLED
T3487,TLV WATCHES LLC,ARCHIVED,DISABLED
T3555,TLV WATCHES LLC,ARCHIVED,DISABLED
T3683,TLV WATCHES LLC,ARCHIVED,DISABLED
T3639,TLV WATCHES LLC,ARCHIVED,DISABLED
T3677,TLV WATCHES LLC,ARCHIVED,DISABLED
T3650,TLV WATCHES LLC,ARCHIVED,DISABLED
T3662,TLV WATCHES LLC,ARCHIVED,DISABLED
T3663,TLV WATCHES LLC,ARCHIVED,DISABLED
T3549,TLV WATCHES LLC,ARCHIVED,DISABLED
T3590,TLV WATCHES LLC,ARCHIVED,DISABLED
T3572,TLV WATCHES LLC,ARCHIVED,DISABLED
T3690,TLV WATCHES LLC,ARCHIVED,DISABLED
T3717,TLV WATCHES LLC,ARCHIVED,DISABLED
T3610,TLV WATCHES LLC,ARCHIVED,DISABLED
T3609,TLV WATCHES LLC,ARCHIVED,DISABLED
T3608,TLV WATCHES LLC,ARCHIVED,DISABLED
T3666,TLV WATCHES LLC,ARCHIVED,DISABLED
T3604,TLV WATCHES LLC,ARCHIVED,DISABLED
T3607,TLV WATCHES LLC,ARCHIVED,DISABLED
T3649,TLV WATCHES LLC,ARCHIVED,DISABLED
T3744,TLV WATCHES LLC,ARCHIVED,DISABLED
T3745,TLV WATCHES LLC,ARCHIVED,DISABLED
T3737,TLV WATCHES LLC,ARCHIVED,DISABLED
T3559,TLV WATCHES LLC,ARCHIVED,DISABLED
T3513,TLV WATCHES LLC,ARCHIVED,DISABLED
6197,VIVID WATCHES LLC,ARCHIVED,DISABLED
6198,VIVID WATCHES LLC,ARCHIVED,DISABLED

