sku,source,batch,priorListStatus,desiredShopifyARCHIVED,desiredMarketplaceDisabled
T3505,TLV WATCHES LLC,current_branch_snapshot,end_list,ARCHIVED,DISABLED
T3489,TLV WATCHES LLC,current_branch_snapshot,keeper_override,ARCHIVED,DISABLED
T3708,TLV WATCHES LLC,current_branch_snapshot,keeper_override,ARCHIVED,DISABLED
T3691,TLV WATCHES LLC,current_branch_snapshot,keeper_override,ARCHIVED,DISABLED
T3659,TLV WATCHES LLC,current_branch_snapshot,keeper_override,ARCHIVED,DISABLED
T3713,TLV WATCHES LLC,current_branch_snapshot,keeper_override,ARCHIVED,DISABLED
T3760,TLV WATCHES LLC,current_branch_snapshot,neither,ARCHIVED,DISABLED
T3748,TLV WATCHES LLC,current_branch_snapshot,keeper_override,ARCHIVED,DISABLED
T3732,TLV WATCHES LLC,current_branch_snapshot,keeper_override,ARCHIVED,DISABLED
T3718,TLV WATCHES LLC,current_branch_snapshot,keeper_override,ARCHIVED,DISABLED
T3669,TLV WATCHES LLC,current_branch_snapshot,keeper_override,ARCHIVED,DISABLED
T3709,TLV WATCHES LLC,current_branch_snapshot,keeper_override,ARCHIVED,DISABLED
T3757,TLV WATCHES LLC,current_branch_snapshot,neither,ARCHIVED,DISABLED
T3735,TLV WATCHES LLC,current_branch_snapshot,keeper_override,ARCHIVED,DISABLED
T3595,TLV WATCHES LLC,current_branch_snapshot,keeper_override,ARCHIVED,DISABLED
T3753,TLV WATCHES LLC,current_branch_snapshot,neither,ARCHIVED,DISABLED
T3688,TLV WATCHES LLC,current_branch_snapshot,keeper_override,ARCHIVED,DISABLED
T3734,TLV WATCHES LLC,current_branch_snapshot,keeper_override,ARCHIVED,DISABLED
T3740,TLV WATCHES LLC,current_branch_snapshot,keeper_override,ARCHIVED,DISABLED
T3741,TLV WATCHES LLC,current_branch_snapshot,keeper_override,ARCHIVED,DISABLED
T3652,TLV WATCHES LLC,current_branch_snapshot,keeper_override,ARCHIVED,DISABLED
T3673,TLV WATCHES LLC,current_branch_snapshot,keeper_override,ARCHIVED,DISABLED
T3712,TLV WATCHES LLC,current_branch_snapshot,keeper_override,ARCHIVED,DISABLED
T3431,TLV WATCHES LLC,current_branch_snapshot,keeper_override,ARCHIVED,DISABLED
T3653,TLV WATCHES LLC,current_branch_snapshot,keeper_override,ARCHIVED,DISABLED
T3693,TLV WATCHES LLC,current_branch_snapshot,keeper_override,ARCHIVED,DISABLED
T3492,TLV WATCHES LLC,current_branch_snapshot,keeper_override,ARCHIVED,DISABLED
T3682,TLV WATCHES LLC,current_branch_snapshot,keeper_override,ARCHIVED,DISABLED
T3687,TLV WATCHES LLC,current_branch_snapshot,keeper_override,ARCHIVED,DISABLED
T3614,TLV WATCHES LLC,current_branch_snapshot,keeper_override,ARCHIVED,DISABLED
T3514,TLV WATCHES LLC,current_branch_snapshot,end_list,ARCHIVED,DISABLED
T3755,TLV WATCHES LLC,current_branch_snapshot,neither,ARCHIVED,DISABLED
T3633,TLV WATCHES LLC,current_branch_snapshot,keeper_override,ARCHIVED,DISABLED
T3759,TLV WATCHES LLC,current_branch_snapshot,neither,ARCHIVED,DISABLED
T3702,TLV WATCHES LLC,current_branch_snapshot,keeper_override,ARCHIVED,DISABLED
T3724,TLV WATCHES LLC,current_branch_snapshot,keeper_override,ARCHIVED,DISABLED
T3676,TLV WATCHES LLC,current_branch_snapshot,keeper_override,ARCHIVED,DISABLED
T3678,TLV WATCHES LLC,current_branch_snapshot,keeper_override,ARCHIVED,DISABLED
T3487,TLV WATCHES LLC,current_branch_snapshot,keeper_override,ARCHIVED,DISABLED
T3555,TLV WATCHES LLC,current_branch_snapshot,keeper_override,ARCHIVED,DISABLED
T3683,TLV WATCHES LLC,current_branch_snapshot,keeper_override,ARCHIVED,DISABLED
T3639,TLV WATCHES LLC,current_branch_snapshot,keeper_override,ARCHIVED,DISABLED
T3677,TLV WATCHES LLC,current_branch_snapshot,keeper_override,ARCHIVED,DISABLED
T3650,TLV WATCHES LLC,current_branch_snapshot,keeper_override,ARCHIVED,DISABLED
T3662,TLV WATCHES LLC,current_branch_snapshot,keeper_override,ARCHIVED,DISABLED
T3663,TLV WATCHES LLC,current_branch_snapshot,keeper_override,ARCHIVED,DISABLED
T3549,TLV WATCHES LLC,current_branch_snapshot,keeper_override,ARCHIVED,DISABLED
T3590,TLV WATCHES LLC,current_branch_snapshot,keeper_override,ARCHIVED,DISABLED
T3572,TLV WATCHES LLC,current_branch_snapshot,keeper_override,ARCHIVED,DISABLED
T3690,TLV WATCHES LLC,current_branch_snapshot,keeper_override,ARCHIVED,DISABLED
T3717,TLV WATCHES LLC,current_branch_snapshot,keeper_override,ARCHIVED,DISABLED
T3610,TLV WATCHES LLC,current_branch_snapshot,keeper_override,ARCHIVED,DISABLED
T3609,TLV WATCHES LLC,current_branch_snapshot,keeper_override,ARCHIVED,DISABLED
T3608,TLV WATCHES LLC,current_branch_snapshot,keeper_override,ARCHIVED,DISABLED
T3666,TLV WATCHES LLC,current_branch_snapshot,keeper_override,ARCHIVED,DISABLED
T3604,TLV WATCHES LLC,current_branch_snapshot,keeper_override,ARCHIVED,DISABLED
T3607,TLV WATCHES LLC,current_branch_snapshot,keeper_override,ARCHIVED,DISABLED
T3649,TLV WATCHES LLC,current_branch_snapshot,keeper_override,ARCHIVED,DISABLED
T3744,TLV WATCHES LLC,current_branch_snapshot,keeper_override,ARCHIVED,DISABLED
T3745,TLV WATCHES LLC,current_branch_snapshot,keeper_override,ARCHIVED,DISABLED
T3737,TLV WATCHES LLC,current_branch_snapshot,keeper_override,ARCHIVED,DISABLED
T3559,TLV WATCHES LLC,current_branch_snapshot,keeper_override,ARCHIVED,DISABLED
T3513,TLV WATCHES LLC,current_branch_snapshot,keeper_override,ARCHIVED,DISABLED
6197,VIVID WATCHES LLC,current_branch_snapshot,keeper_override,ARCHIVED,DISABLED
6198,VIVID WATCHES LLC,current_branch_snapshot,keeper_override,ARCHIVED,DISABLED
T3420,TLV WATCHES LLC,historical_TLV,end_list,ARCHIVED,DISABLED
T3428,TLV WATCHES LLC,historical_TLV,end_list,ARCHIVED,DISABLED
T3536,TLV WATCHES LLC,historical_TLV,end_list,ARCHIVED,DISABLED
T3579,TLV WATCHES LLC,historical_TLV,end_list,ARCHIVED,DISABLED
T3581,TLV WATCHES LLC,historical_TLV,end_list,ARCHIVED,DISABLED
T3599,TLV WATCHES LLC,historical_TLV,end_list,ARCHIVED,DISABLED
T3603,TLV WATCHES LLC,historical_TLV,end_list,ARCHIVED,DISABLED
T3606,TLV WATCHES LLC,historical_TLV,keeper_override,ARCHIVED,DISABLED
T3627,TLV WATCHES LLC,historical_TLV,end_list,ARCHIVED,DISABLED
T3638,TLV WATCHES LLC,historical_TLV,end_list,ARCHIVED,DISABLED
T3644,TLV WATCHES LLC,historical_TLV,end_list,ARCHIVED,DISABLED
T3654,TLV WATCHES LLC,historical_TLV,end_list,ARCHIVED,DISABLED
T3655,TLV WATCHES LLC,historical_TLV,end_list,ARCHIVED,DISABLED
T3656,TLV WATCHES LLC,historical_TLV,end_list,ARCHIVED,DISABLED
T3658,TLV WATCHES LLC,historical_TLV,end_list,ARCHIVED,DISABLED
T3668,TLV WATCHES LLC,historical_TLV,end_list,ARCHIVED,DISABLED
T3674,TLV WATCHES LLC,historical_TLV,end_list,ARCHIVED,DISABLED
T3681,TLV WATCHES LLC,historical_TLV,end_list,ARCHIVED,DISABLED
T3685,TLV WATCHES LLC,historical_TLV,end_list,ARCHIVED,DISABLED
T3692,TLV WATCHES LLC,historical_TLV,end_list,ARCHIVED,DISABLED
T3696,TLV WATCHES LLC,historical_TLV,end_list,ARCHIVED,DISABLED
T3697,TLV WATCHES LLC,historical_TLV,end_list,ARCHIVED,DISABLED
T3700,TLV WATCHES LLC,historical_TLV,keeper_override,ARCHIVED,DISABLED
T3704,TLV WATCHES LLC,historical_TLV,end_list,ARCHIVED,DISABLED
T3707,TLV WATCHES LLC,historical_TLV,end_list,ARCHIVED,DISABLED
T3714,TLV WATCHES LLC,historical_TLV,end_list,ARCHIVED,DISABLED
T3715,TLV WATCHES LLC,historical_TLV,keeper_override,ARCHIVED,DISABLED
T3716,TLV WATCHES LLC,historical_TLV,keeper_override,ARCHIVED,DISABLED
T3725,TLV WATCHES LLC,historical_TLV,end_list,ARCHIVED,DISABLED
T3726,TLV WATCHES LLC,historical_TLV,end_list,ARCHIVED,DISABLED
T3727,TLV WATCHES LLC,historical_TLV,end_list,ARCHIVED,DISABLED
T3729,TLV WATCHES LLC,historical_TLV,keeper_override,ARCHIVED,DISABLED
T3731,TLV WATCHES LLC,historical_TLV,end_list,ARCHIVED,DISABLED
T3736,TLV WATCHES LLC,historical_TLV,end_list,ARCHIVED,DISABLED
T3738,TLV WATCHES LLC,historical_TLV,keeper_override,ARCHIVED,DISABLED
T3739,TLV WATCHES LLC,historical_TLV,end_list,ARCHIVED,DISABLED
T3742,TLV WATCHES LLC,historical_TLV,end_list,ARCHIVED,DISABLED
T3743,TLV WATCHES LLC,historical_TLV,end_list,ARCHIVED,DISABLED
T3749,TLV WATCHES LLC,historical_TLV,end_list,ARCHIVED,DISABLED

