product_id,status,title
gid://shopify/Product/7655538917447,Archived,Rolex Datejust 126334
gid://shopify/Product/7655538851911,Archived,Pre-Owned Rolex Oyster Perpetual 124300
gid://shopify/Product/7655538819143,Archived,Pre-Owned Rolex Daydate 228238
gid://shopify/Product/7655538786375,Archived,Rolex Milgauss 116400GV
gid://shopify/Product/7655538720839,Archived,Rolex Daytona 126500LN
gid://shopify/Product/7647722176583,Archived,Unworn Rolex Submariner Date 909010LN
gid://shopify/Product/7647721979975,Archived,Unworn Rolex Submariner Date 909010LN
gid://shopify/Product/7638074851399,Archived,Rolex Explorer II 226570
gid://shopify/Product/7631787393095,Archived,Rolex Datejust 126331
gid://shopify/Product/7631787360327,Archived,ROLEX DATEJUST 126234
gid://shopify/Product/7631787294791,Archived,Rolex Explorer II 226570
gid://shopify/Product/7631787163719,Archived,Pre-Owned Rolex GMT Master II 126711CHNR
gid://shopify/Product/7631430877255,Archived,Rolex Datejust 126234
gid://shopify/Product/7631386083399,Archived,Rolex Datejust 126334
gid://shopify/Product/7626081861703,Archived,Rolex Daytona 126515LN
gid://shopify/Product/7626081828935,Archived,Pre-Owned Rolex Submariner No Date 124060
gid://shopify/Product/7626081796167,Archived,ROLEX MILGAUSS 116400GV
gid://shopify/Product/7626081763399,Archived,Rolex Daytona 116500LN
gid://shopify/Product/7626081730631,Archived,Unworn Rolex Explorer II 226570
gid://shopify/Product/7626081697863,Archived,Unworn Rolex Datejust 126334
gid://shopify/Product/7626081632327,Archived,Unworn Rolex Land-Dweller 127334
gid://shopify/Product/7626081599559,Archived,Rolex Yachtmaster 126622
gid://shopify/Product/7626081534023,Archived,ROLEX GMT MASTER II 126713GRNR
gid://shopify/Product/7626081501255,Archived,ROLEX GMT MASTER II 126713GRNR
gid://shopify/Product/7626081468487,Archived,Rolex Daytona 126500LN
gid://shopify/Product/7626081435719,Archived,Pre-Owned Rolex Sky Dweller 326935
gid://shopify/Product/7626081402951,Archived,Rolex Datejust 126334
gid://shopify/Product/7626081370183,Archived,Rolex Submariner Date 126610LN
gid://shopify/Product/7626081337415,Archived,Pre-Owned Rolex Submariner No Date 124060
gid://shopify/Product/7626081304647,Archived,Unworn Rolex Datejust 126234
gid://shopify/Product/7626081239111,Archived,Unworn Rolex GMT Master II 126713GRNR
gid://shopify/Product/7626081206343,Archived,Pre-Owned Rolex GMT Master II 126710BLNR
gid://shopify/Product/7626081173575,Archived,Unworn Rolex Datejust 278274
gid://shopify/Product/7626081140807,Archived,Unworn Rolex Datejust 126231
gid://shopify/Product/7626081108039,Archived,Rolex Daytona 126500LN
gid://shopify/Product/7626081075271,Archived,Pre-Owned Rolex Submariner Date 16613
gid://shopify/Product/7626081042503,Archived,Rolex Oyster Perpetual 277200
gid://shopify/Product/7626081009735,Archived,Rolex Daytona 116500LN
gid://shopify/Product/7626080976967,Archived,Pre-Owned Rolex GMT Master II 126710BLNR
gid://shopify/Product/7626080944199,Archived,Unworn Rolex GMT Master II 126720VTNR
gid://shopify/Product/7626080911431,Archived,Rolex GMT Master II 116710BLNR
gid://shopify/Product/7626080878663,Archived,Unworn Rolex Datejust 126234
gid://shopify/Product/7626080845895,Archived,Rolex Submariner Date 116613LN
gid://shopify/Product/7626080813127,Archived,Unworn Rolex Daytona 126500LN
gid://shopify/Product/7626080780359,Archived,Unworn Rolex Lady Date Just 279173
gid://shopify/Product/7626080747591,Archived,Unworn Rolex Sky Dweller 336934
gid://shopify/Product/7626080714823,Archived,Rolex Lady Date Just 279171
gid://shopify/Product/7626080682055,Archived,Unworn Rolex Datejust 126234
gid://shopify/Product/7626080649287,Archived,Rolex Sky Dweller 336934
gid://shopify/Product/7626080616519,Archived,Unworn Rolex Sky Dweller 336934
gid://shopify/Product/7626080583751,Archived,Pre-Owned Rolex GMT Master II 126710BLNR
gid://shopify/Product/7626080550983,Archived,Unworn Rolex Datejust 278274
gid://shopify/Product/7626080518215,Archived,Unworn Rolex Datejust 126231
gid://shopify/Product/7626080485447,Archived,Pre-Owned Rolex Submariner Date 126618LB
gid://shopify/Product/7626080452679,Archived,Pre-Owned Rolex Submariner Date 116610LN
gid://shopify/Product/7626080419911,Archived,Pre-Owned Rolex Submariner Date 116610LN
gid://shopify/Product/7626080387143,Archived,Rolex Datejust 126333
gid://shopify/Product/7626080354375,Archived,Unworn Vacheron-Constantin Overseas 7920V/210A-B546
gid://shopify/Product/7626080321607,Archived,Pre-Owned Rolex Explorer II 16570
gid://shopify/Product/7626080288839,Archived,Pre-Owned Rolex Submariner Date 126613LN
gid://shopify/Product/7626080256071,Archived,ROLEX YACHTMASTER 116622
gid://shopify/Product/7626080223303,Archived,Unworn Rolex Sky Dweller 336934
gid://shopify/Product/7626080190535,Archived,Unworn Rolex Submariner Date 909010LN
gid://shopify/Product/7626080157767,Archived,ROLEX OYSTER PERPETUAL 134300
gid://shopify/Product/7626080124999,Archived,Rolex Submariner Date 126610LN
gid://shopify/Product/7626080092231,Archived,Rolex Oyster Perpetual 116000
gid://shopify/Product/7626080059463,Archived,Rolex Day-Date 228238
gid://shopify/Product/7626080026695,Archived,Unworn Rolex Lady Date Just 279174
gid://shopify/Product/7626079993927,Archived,Pre-Owned Rolex Submariner Date 16610
gid://shopify/Product/7626079961159,Archived,Pre-Owned Rolex Datejust 126233
gid://shopify/Product/7626079928391,Archived,Pre-Owned Rolex Submariner Date 16610
gid://shopify/Product/7626079895623,Archived,Pre-Owned Rolex Datejust 126331
gid://shopify/Product/7626079862855,Archived,Unworn Rolex Lady Date Just 279174
gid://shopify/Product/7626079830087,Archived,Pre-Owned Rolex Daytona 116520
gid://shopify/Product/7626079797319,Archived,Rolex Submariner Date 116610LV
gid://shopify/Product/7626079764551,Archived,Rolex Submariner Date 116610LV
gid://shopify/Product/7626079731783,Archived,Rolex Submariner Date 116610LV
gid://shopify/Product/7626079699015,Archived,Unworn Rolex Sky Dweller 336934
gid://shopify/Product/7626079666247,Archived,Rolex Submariner Date 116610LN
gid://shopify/Product/7626079633479,Archived,Unworn Patek Philippe Calatrava 6119R
gid://shopify/Product/7626079600711,Archived,Rolex Lady Date Just 179174
gid://shopify/Product/7626079567943,Archived,Rolex Datejust 116234
gid://shopify/Product/7626073571399,Archived,Unworn Rolex Daytona 126515LN
gid://shopify/Product/7620181426247,Archived,Pre-Owned Rolex Submariner Date 126613LB
gid://shopify/Product/7619083337799,Archived,Pre-Owned Rolex Datejust 126334
gid://shopify/Product/7619083108423,Archived,Rolex Datejust 126334
gid://shopify/Product/7619082911815,Archived,Rolex Submariner Date 126613LB
gid://shopify/Product/7619082780743,Archived,Rolex Submariner Date 126613LB
gid://shopify/Product/7618178285639,Archived,Rolex GMT Master II 126710BLRO
gid://shopify/Product/7617396375623,Archived,Pre-Owned Rolex Oyster Perpetual 114300
gid://shopify/Product/7617395818567,Archived,Pre-Owned Rolex Submariner No Date 114060
gid://shopify/Product/7617395327047,Archived,Pre-Owned Rolex Sky Dweller 336934
gid://shopify/Product/7617394769991,Archived,Unworn Rolex GMT Master II 126710GRNR
gid://shopify/Product/7617394114631,Archived,Rolex GMT Master II 116713LN
gid://shopify/Product/7617393492039,Archived,Pre-Owned Rolex Sky Dweller 336934
gid://shopify/Product/7617392902215,Archived,Rolex Submariner Date 126613LB
gid://shopify/Product/7617392345159,Archived,Rolex Submariner No Date 124060
gid://shopify/Product/7617391820871,Archived,ROLEX GMT MASTER II 126710BLNR
gid://shopify/Product/7617391263815,Archived,Pre-Owned Rolex Lady Date Just 69178
gid://shopify/Product/7617390739527,Archived,Rolex Submariner No Date 124060
gid://shopify/Product/7617390084167,Archived,Rolex Sky Dweller 336934
gid://shopify/Product/7617389559879,Archived,ROLEX GMT MASTER II 126710BLNR
gid://shopify/Product/7617388937287,Archived,ROLEX OYSTER PERPETUAL 114300
gid://shopify/Product/7617353220167,Archived,Unworn Audemars Piguet Royal Oak Selfwinding 26240BA.OO.1320BA.02

