sku,item_id,title,duplicate_evidence
RR7571,366649318201,Pre-Owned Van Cleef & Arpels Façade 18K Yellow Gold Vintage Women Watch,same_nonblank_sku
RR7571,366649317685,Pre-Owned Van Cleef & Arpels Façade 18K Yellow Gold Vintage Women Watch,same_nonblank_sku
J10355,366649318209,Pre-Owned Van Cleef & Arpels Cadenas 18K Yellow Gold Diamond Five Row Ladies Bra,same_nonblank_sku
J10355,366649020294,Pre-Owned Van Cleef & Arpels Cadenas 18K Yellow Gold Diamond Five Row Bracelet W,same_nonblank_sku
RR5823,366653595297,Pre-Owned Van Cleef & Arpels 1940's 18K Yellow Gold Vintage Retro Diamond Wrist,same_nonblank_sku
RR5823,366649317714,Pre-Owned Van Cleef & Arpels 1940's 18K Yellow Gold Vintage Retro Diamond Wrist,same_nonblank_sku
RR7666,366649318197,Pre-Owned Van Cleef & Arpels 18K Yellow Gold Diamond Cover Open Link Watch,same_nonblank_sku
RR7666,366649317688,Pre-Owned Van Cleef & Arpels 18K Yellow Gold Diamond Cover Open Link Watch,same_nonblank_sku
J10077,366649318168,Pre-Owned Van Cleef & Arpels 18K Yellow Gold Bouton D'or Medium Model Diamond Di,same_nonblank_sku
J10077,366649233308,Pre-Owned Van Cleef & Arpels 18K Yellow Gold Bouton D'or Medium Model Diamond Di,same_nonblank_sku
RR9229,366649318178,Pre-Owned Van Cleef & Arpels 18K Yellow Gold 32mm Charm Diamond Bezel Alligator,same_nonblank_sku
RR9229,366649317675,Pre-Owned Van Cleef & Arpels 18K Yellow Gold 32mm Charm Diamond Bezel Alligator,same_nonblank_sku
RR9406,366649318174,Pre-Owned Van Cleef & Arpels 18K Rose Gold Charms Carnelian Dial 38mm Double Row,same_nonblank_sku
RR9406,366649020281,Pre-Owned Van Cleef & Arpels 18K Rose Gold Charms Carnelian Dial 38mm Double Row,same_nonblank_sku
RR9688,366649318250,Pre-Owned Chopard Platinum Deco Diamond And Green Emerald Women Watch,same_nonblank_sku
RR9688,366649233332,Pre-Owned Chopard Platinum Deco Diamond And Green Emerald Women Watch,same_nonblank_sku
J10484,366649089060,Pre-Owned Chopard 18K Yellow Gold Diamond Grid Ref 2044 Manual Wind Onyx Ladies,same_nonblank_sku
J10484,366649020284,Pre-Owned Chopard 18K Yellow Gold Diamond Grid Ref 2044 Manual Wind Onyx Ladies,same_nonblank_sku
RR8379,366649233396,Pre-Owned Chopard 18K Yellow Gold 1970's Bark Finish Lapis Dial 1970's Wrist Wom,same_nonblank_sku
RR8379,366649089046,Pre-Owned Chopard 18K Yellow Gold 1970's Bark Finish Lapis Dial 1970's Wrist Wom,same_nonblank_sku
RR4616,366650107616,Pre-Owned Chopard 18K White Gold Classique Femme Secret Compartment Diamond Wome,same_nonblank_sku
RR4616,366649089030,Pre-Owned Chopard 18K White Gold Classique Femme Secret Compartment Diamond Wome,same_nonblank_sku
RR9291,366649318117,Pre-Owned Cartier Trinity 18K Tri Color Trinity Round Dial 27mm 1990's Diamond W,same_nonblank_sku
RR9291,366649233342,Pre-Owned Cartier Trinity 18K Tri Color Trinity Round Dial 27mm 1990's Diamond W,same_nonblank_sku
J10493,366649318157,Pre-Owned Cartier Tank Asymmetric 18K White Gold Diamond Ladies Ref 2786 Watch,same_nonblank_sku
J10493,366649020280,Pre-Owned Cartier Tank Asymmetric 18K White Gold Diamond Ladies Ref 2786 Watch,same_nonblank_sku
J10492,366649318148,Pre-Owned Cartier Pasha 18K Yellow Gold 38mm Ref.1989 Leather Accents Watch,same_nonblank_sku
J10492,366649020288,Pre-Owned Cartier Pasha 18K Yellow Gold 38mm Ref.1989 Leather Accents Watch,same_nonblank_sku
J10461,366649235632,Pre-Owned Cartier Pasha 18K White Gold 32mm Dial Diamond Markers #2398 Watch,same_nonblank_sku
J10461,366648996880,Pre-Owned Cartier Pasha 18K White Gold 32mm Dial Diamond Markers #2398 Watch,same_nonblank_sku
RR8601,366649774663,"Pre-Owned Cartier 18K Yellow Gold Tank Francaise 25   Ref 1821 Women Diamond Wat",same_nonblank_sku
RR8601,366649235621,"Pre-Owned Cartier 18K Yellow Gold Tank Francaise 25   Ref 1821 Women Diamond Wat",same_nonblank_sku
RR7980,366649776143,Pre-Owned Cartier 18K White Gold Santos 100 Unisex White Gold Diamond Unisex Wat,same_nonblank_sku
RR7980,366649318123,Pre-Owned Cartier 18K White Gold Santos 100 Unisex White Gold Diamond Unisex Wat,same_nonblank_sku
RR9533,366649318144,Pre-Owned Cartier 18K White Gold Captive 35mm Diamond Dial Ref 3120 Watch,same_nonblank_sku
RR9533,366649020285,Pre-Owned Cartier 18K White Gold Captive 35mm Diamond Dial Ref 3120 Watch,same_nonblank_sku
RR9917,366649317665,Pre-Owned Cartier 18K Rose Gold Captive 55mm Diamond Bezel And Diamond Dial Watc,same_nonblank_sku
RR9917,366649235604,Pre-Owned Cartier 18K Rose Gold Captive 55mm Diamond Bezel And Diamond Dial Watc,same_nonblank_sku
J10326,366649233256,Pre-Owned Bvlgari Serpenti 18K Rose Gold Sp P35g Black Dial Diamond Bezel Ladies,same_nonblank_sku
J10326,366648997013,Pre-Owned Bvlgari Serpenti 18K Rose Gold SP P35G Black Dial Diamond Bezel Ladies,same_nonblank_sku
RR5576,366649774697,Pre-Owned Bvlgari Quadrato Tubogas Gold Diamond Dial F078 Flex Women Watch,same_nonblank_sku
RR5576,366649318065,Pre-Owned Bvlgari Quadrato Tubogas Gold Diamond Dial F078 Flex Women Watch,same_nonblank_sku
J10322,366649233268,Pre-Owned Bvlgari Quadrato Bvlgari Quadrato 22mm Square Dial F1218 Sq 22 2t Watc,same_nonblank_sku
J10322,366648997025,Pre-Owned Bvlgari Quadrato Bvlgari Quadrato 22mm Square Dial F1218 SQ 22 2T Watc,same_nonblank_sku
J10267,366649233279,Pre-Owned Bvlgari Parentesi 18K Yellow Gold Bj 01 H54486 Watch,same_nonblank_sku
J10267,366649232499,Pre-Owned Bvlgari Parentesi 18K Yellow Gold BJ 01 H54486 Watch,same_nonblank_sku
J10444,366648997022,Pre-Owned Bvlgari 18K Yellow Gold Tubogas 30mm Dial Watch,same_nonblank_sku
J10444,366648996894,Pre-Owned Bvlgari 18K Yellow Gold Tubogas 30mm Dial Watch,same_nonblank_sku
RR7039,366649774698,Pre-Owned Bvlgari 18K Yellow Gold Sq 22 2t Quadrato Tubogas Diamond Bezel Women,same_nonblank_sku
RR7039,366648997006,Pre-Owned Bvlgari 18K Yellow Gold SQ 22 2T Quadrato Tubogas Diamond Bezel Women,same_nonblank_sku
J10487,366649233221,Pre-Owned Bvlgari 18K Yellow Gold Bb 19 2t Quartz Watch,same_nonblank_sku
J10487,366648997016,Pre-Owned Bvlgari 18K Yellow Gold BB 19 2T Quartz Watch,same_nonblank_sku

