handle,product_id,title,action,on_model_kind,on_model_media_id,old_index,new_index,current_featured_id,expected_featured_id,expected_media_ids,media_count
lmny-snake-2-6-mm-ovsn260-bracelet,gid://shopify/Product/7659260149831,2.6mm Snake Chain Bracelet in 14K Yellow Gold,reorder,wrist,gid://shopify/MediaImage/26141044375623,6,0,gid://shopify/MediaImage/26138561970247,gid://shopify/MediaImage/26141044375623,gid://shopify/MediaImage/26141044375623|gid://shopify/MediaImage/26138561970247|gid://shopify/MediaImage/26138562003015|gid://shopify/MediaImage/26138562035783|gid://shopify/MediaImage/26138562068551|gid://shopify/MediaImage/26138562101319|gid://shopify/MediaImage/26141044113479,7
lmny-herringbone-4-6-mm-sf050-bracelet,gid://shopify/Product/7659259920455,4.6mm Herringbone Chain Bracelet in 14K Yellow Gold,reorder,wrist,gid://shopify/MediaImage/26141029302343,3,0,gid://shopify/MediaImage/26138561282119,gid://shopify/MediaImage/26141029302343,gid://shopify/MediaImage/26141029302343|gid://shopify/MediaImage/26138561282119|gid://shopify/MediaImage/26138561314887|gid://shopify/MediaImage/26141028810823,4
lmny-herringbone-3-8-mm-sf040-bracelet,gid://shopify/Product/7659259822151,3.8mm Herringbone Chain Bracelet in 14K Yellow Gold,skip,wrist,gid://shopify/MediaImage/26141023109191,0,0,gid://shopify/MediaImage/26141023109191,gid://shopify/MediaImage/26141023109191,gid://shopify/MediaImage/26141023109191|gid://shopify/MediaImage/26138561052743|gid://shopify/MediaImage/26138561085511|gid://shopify/MediaImage/26141023076423,4
lmny-herringbone-2-8-mm-sf030-bracelet,gid://shopify/Product/7659259723847,2.8mm Herringbone Chain Bracelet in 14K Yellow Gold,reorder,wrist,gid://shopify/MediaImage/26141018914887,4,0,gid://shopify/MediaImage/26138560757831,gid://shopify/MediaImage/26141018914887,gid://shopify/MediaImage/26141018914887|gid://shopify/MediaImage/26138560757831|gid://shopify/MediaImage/26138560790599|gid://shopify/MediaImage/26138560823367|gid://shopify/MediaImage/26141018619975,5
lmny-curb-4-4-mm-lcrb100-bracelet,gid://shopify/Product/7659259625543,4.4mm Curb Chain Bracelet in 14K Yellow Gold,reorder,wrist,gid://shopify/MediaImage/26141013770311,3,0,gid://shopify/MediaImage/26138560528455,gid://shopify/MediaImage/26141013770311,gid://shopify/MediaImage/26141013770311|gid://shopify/MediaImage/26138560528455|gid://shopify/MediaImage/26138560561223|gid://shopify/MediaImage/26141013213255,4
lmny-curb-3-6-mm-cc100-bracelet,gid://shopify/Product/7659259527239,3.6mm Curb Chain Bracelet in 14K Yellow Gold,reorder,wrist,gid://shopify/MediaImage/26141007675463,3,0,gid://shopify/MediaImage/26138560233543,gid://shopify/MediaImage/26141007675463,gid://shopify/MediaImage/26141007675463|gid://shopify/MediaImage/26138560233543|gid://shopify/MediaImage/26138560266311|gid://shopify/MediaImage/26141007642695,4
lmny-rope-3-mm-slk023-bracelet,gid://shopify/Product/7659259363399,3mm Rope Chain Bracelet in 14K Yellow Gold,reorder,wrist,gid://shopify/MediaImage/26140998434887,6,0,gid://shopify/MediaImage/26138559512647,gid://shopify/MediaImage/26140998434887,gid://shopify/MediaImage/26140998434887|gid://shopify/MediaImage/26138559512647|gid://shopify/MediaImage/26138559545415|gid://shopify/MediaImage/26138559578183|gid://shopify/MediaImage/26138559610951|gid://shopify/MediaImage/26138559643719|gid://shopify/MediaImage/26140998402119,7
lmny-paperclip-4-mm-pclip095-bracelet,gid://shopify/Product/7659259166791,4.1mm Paperclip Chain Bracelet in 14K Yellow Gold,reorder,wrist,gid://shopify/MediaImage/26140985032775,4,0,gid://shopify/MediaImage/26138558169159,gid://shopify/MediaImage/26140985032775,gid://shopify/MediaImage/26140985032775|gid://shopify/MediaImage/26138558169159|gid://shopify/MediaImage/26138558201927|gid://shopify/MediaImage/26138558234695|gid://shopify/MediaImage/26140984705095,5
lmny-paperclip-2-5-mm-pclip060-bracelet,gid://shopify/Product/7659259035719,2.5mm Paperclip Chain Bracelet in 14K Yellow Gold,reorder,wrist,gid://shopify/MediaImage/26140978806855,6,0,gid://shopify/MediaImage/26138557743175,gid://shopify/MediaImage/26140978806855,gid://shopify/MediaImage/26140978806855|gid://shopify/MediaImage/26138557743175|gid://shopify/MediaImage/26138557775943|gid://shopify/MediaImage/26138557808711|gid://shopify/MediaImage/26138557841479|gid://shopify/MediaImage/26138557874247|gid://shopify/MediaImage/26140978282567,7
lmny-cuban-5-5-mm-hmc150-bracelet,gid://shopify/Product/7659258937415,5.5mm Cuban Chain Bracelet in 14K Yellow Gold,reorder,wrist,gid://shopify/MediaImage/26140969795655,3,0,gid://shopify/MediaImage/26138557448263,gid://shopify/MediaImage/26140969795655,gid://shopify/MediaImage/26140969795655|gid://shopify/MediaImage/26138557448263|gid://shopify/MediaImage/26138557481031|gid://shopify/MediaImage/26140969304135,4
lmny-cuban-5-mm-nhmc150-bracelet,gid://shopify/Product/7659258839111,5mm Cuban Chain Bracelet in 14K Yellow Gold,reorder,wrist,gid://shopify/MediaImage/26140964061255,3,0,gid://shopify/MediaImage/26138557218887,gid://shopify/MediaImage/26140964061255,gid://shopify/MediaImage/26140964061255|gid://shopify/MediaImage/26138557218887|gid://shopify/MediaImage/26138557251655|gid://shopify/MediaImage/26140963504199,4
lmny-snake-2-6-mm-ovsn260,gid://shopify/Product/7658920247367,2.6mm Snake Chain Necklace in 14K Yellow Gold,reorder,onbody,gid://shopify/MediaImage/26141047226439,6,0,gid://shopify/MediaImage/26138562199623,gid://shopify/MediaImage/26141047226439,gid://shopify/MediaImage/26141047226439|gid://shopify/MediaImage/26138562199623|gid://shopify/MediaImage/26138562232391|gid://shopify/MediaImage/26138562265159|gid://shopify/MediaImage/26138562297927|gid://shopify/MediaImage/26138562330695|gid://shopify/MediaImage/26141046767687,7
lmny-snake-2-mm-ovsn200,gid://shopify/Product/7658920181831,2mm Snake Chain Necklace in 14K Yellow Gold,reorder,onbody,gid://shopify/MediaImage/26141041655879,5,0,gid://shopify/MediaImage/26138561806407,gid://shopify/MediaImage/26141041655879,gid://shopify/MediaImage/26141041655879|gid://shopify/MediaImage/26138561806407|gid://shopify/MediaImage/26138561839175|gid://shopify/MediaImage/26138561871943|gid://shopify/MediaImage/26138561904711|gid://shopify/MediaImage/26141041131591,6
lmny-box-2-5-mm-srbx130,gid://shopify/Product/7658920116295,2.5mm Box Chain Necklace in 14K Yellow Gold,reorder,onbody,gid://shopify/MediaImage/26141038346311,3,0,gid://shopify/MediaImage/26138561708103,gid://shopify/MediaImage/26141038346311,gid://shopify/MediaImage/26141038346311|gid://shopify/MediaImage/26138561708103|gid://shopify/MediaImage/26138561740871|gid://shopify/MediaImage/26141037854791,4
lmny-box-1-4-mm-box073,gid://shopify/Product/7658920083527,1.4mm Box Chain Necklace in 14K Yellow Gold,reorder,onbody,gid://shopify/MediaImage/26141035298887,3,0,gid://shopify/MediaImage/26138561577031,gid://shopify/MediaImage/26141035298887,gid://shopify/MediaImage/26141035298887|gid://shopify/MediaImage/26138561577031|gid://shopify/MediaImage/26138561609799|gid://shopify/MediaImage/26141034774599,4
lmny-herringbone-4-6-mm-sf050,gid://shopify/Product/7658920017991,4.6mm Herringbone Chain Necklace in 14K Yellow Gold,reorder,onbody,gid://shopify/MediaImage/26141032087623,3,0,gid://shopify/MediaImage/26138561445959,gid://shopify/MediaImage/26141032087623,gid://shopify/MediaImage/26141032087623|gid://shopify/MediaImage/26138561445959|gid://shopify/MediaImage/26138561478727|gid://shopify/MediaImage/26141031530567,4
lmny-herringbone-3-8-mm-sf040,gid://shopify/Product/7658919952455,3.8mm Herringbone Chain Necklace in 14K Yellow Gold,reorder,onbody,gid://shopify/MediaImage/26141026222151,3,0,gid://shopify/MediaImage/26138561151047,gid://shopify/MediaImage/26141026222151,gid://shopify/MediaImage/26141026222151|gid://shopify/MediaImage/26138561151047|gid://shopify/MediaImage/26138561183815|gid://shopify/MediaImage/26141025927239,4
lmny-herringbone-2-8-mm-sf030,gid://shopify/Product/7658919919687,2.8mm Herringbone Chain Necklace in 14K Yellow Gold,reorder,onbody,gid://shopify/MediaImage/26141021405255,4,0,gid://shopify/MediaImage/26138560921671,gid://shopify/MediaImage/26141021405255,gid://shopify/MediaImage/26141021405255|gid://shopify/MediaImage/26138560921671|gid://shopify/MediaImage/26138560954439|gid://shopify/MediaImage/26138560987207|gid://shopify/MediaImage/26141021143111,5
lmny-curb-4-4-mm-lcrb100,gid://shopify/Product/7658919854151,4.4mm Curb Chain Necklace in 14K Yellow Gold,reorder,onbody,gid://shopify/MediaImage/26141016326215,3,0,gid://shopify/MediaImage/26138560626759,gid://shopify/MediaImage/26141016326215,gid://shopify/MediaImage/26141016326215|gid://shopify/MediaImage/26138560626759|gid://shopify/MediaImage/26138560659527|gid://shopify/MediaImage/26141015769159,4
lmny-curb-3-6-mm-cc100,gid://shopify/Product/7658919788615,3.6mm Curb Chain Necklace in 14K Yellow Gold,reorder,onbody,gid://shopify/MediaImage/26141010526279,3,0,gid://shopify/MediaImage/26138560397383,gid://shopify/MediaImage/26141010526279,gid://shopify/MediaImage/26141010526279|gid://shopify/MediaImage/26138560397383|gid://shopify/MediaImage/26138560430151|gid://shopify/MediaImage/26141009969223,4
lmny-curb-3-2-mm-cc080,gid://shopify/Product/7658919755847,3.2mm Curb Chain Necklace in 14K Yellow Gold,reorder,onbody,gid://shopify/MediaImage/26141004398663,3,0,gid://shopify/MediaImage/26138560135239,gid://shopify/MediaImage/26141004398663,gid://shopify/MediaImage/26141004398663|gid://shopify/MediaImage/26138560135239|gid://shopify/MediaImage/26138560168007|gid://shopify/MediaImage/26141003874375,4
lmny-rope-3-mm-slk023,gid://shopify/Product/7658919690311,3mm Rope Chain Necklace in 14K Yellow Gold,reorder,onbody,gid://shopify/MediaImage/26141001351239,6,0,gid://shopify/MediaImage/26138559742023,gid://shopify/MediaImage/26141001351239,gid://shopify/MediaImage/26141001351239|gid://shopify/MediaImage/26138559742023|gid://shopify/MediaImage/26138559774791|gid://shopify/MediaImage/26138559807559|gid://shopify/MediaImage/26138559840327|gid://shopify/MediaImage/26138559873095|gid://shopify/MediaImage/26141001121863,7
lmny-rope-2-5-mm-hsr018,gid://shopify/Product/7658919624775,2.7mm Rope Chain Necklace in 14K Yellow Gold,reorder,onbody,gid://shopify/MediaImage/26140995780679,3,0,gid://shopify/MediaImage/26138559086663,gid://shopify/MediaImage/26140995780679,gid://shopify/MediaImage/26140995780679|gid://shopify/MediaImage/26138559086663|gid://shopify/MediaImage/26138559119431|gid://shopify/MediaImage/26140995256391,4
lmny-rope-2-3-mm-proy018,gid://shopify/Product/7658919592007,2.3mm Rope Chain Necklace in 14K Rose Gold,reorder,onbody,gid://shopify/MediaImage/26140992897095,3,0,gid://shopify/MediaImage/26138558955591,gid://shopify/MediaImage/26140992897095,gid://shopify/MediaImage/26140992897095|gid://shopify/MediaImage/26138558955591|gid://shopify/MediaImage/26138558988359|gid://shopify/MediaImage/26140992864327,4
lmny-rope-1-8-mm-ch014,gid://shopify/Product/7658919526471,1.8mm Rope Chain Bracelet in 14K Yellow Gold,reorder,onbody,gid://shopify/MediaImage/26140989784135,3,0,gid://shopify/MediaImage/26138558529607,gid://shopify/MediaImage/26140989784135,gid://shopify/MediaImage/26140989784135|gid://shopify/MediaImage/26138558529607|gid://shopify/MediaImage/26138558562375|gid://shopify/MediaImage/26140989521991,4
lmny-paperclip-4-mm-pclip095,gid://shopify/Product/7658919493703,4.1mm Paperclip Chain Necklace in 14K Yellow Gold,reorder,onbody,gid://shopify/MediaImage/26140986703943,4,0,gid://shopify/MediaImage/26138558398535,gid://shopify/MediaImage/26140986703943,gid://shopify/MediaImage/26140986703943|gid://shopify/MediaImage/26138558398535|gid://shopify/MediaImage/26138558431303|gid://shopify/MediaImage/26138558464071|gid://shopify/MediaImage/26140986409031,5
lmny-paperclip-2-5-mm-pclip060,gid://shopify/Product/7658919428167,2.5mm Paperclip Chain Necklace in 14K Yellow Gold,reorder,onbody,gid://shopify/MediaImage/26140981887047,6,0,gid://shopify/MediaImage/26138557972551,gid://shopify/MediaImage/26140981887047,gid://shopify/MediaImage/26140981887047|gid://shopify/MediaImage/26138557972551|gid://shopify/MediaImage/26138558005319|gid://shopify/MediaImage/26138558038087|gid://shopify/MediaImage/26138558070855|gid://shopify/MediaImage/26138558103623|gid://shopify/MediaImage/26140981362759,7
lmny-cuban-6-mm-mc180,gid://shopify/Product/7658919395399,6mm Cuban Chain Bracelet in 14K Yellow Gold,reorder,onbody,gid://shopify/MediaImage/26140975693895,3,0,gid://shopify/MediaImage/26138557644871,gid://shopify/MediaImage/26140975693895,gid://shopify/MediaImage/26140975693895|gid://shopify/MediaImage/26138557644871|gid://shopify/MediaImage/26138557677639|gid://shopify/MediaImage/26140975431751,4
lmny-cuban-5-5-mm-hmc150,gid://shopify/Product/7658919329863,5.5mm Cuban Chain Necklace in 14K Yellow Gold,reorder,onbody,gid://shopify/MediaImage/26140972843079,3,0,gid://shopify/MediaImage/26138557546567,gid://shopify/MediaImage/26140972843079,gid://shopify/MediaImage/26140972843079|gid://shopify/MediaImage/26138557546567|gid://shopify/MediaImage/26138557579335|gid://shopify/MediaImage/26140972351559,4
lmny-cuban-5-mm-nhmc150,gid://shopify/Product/7658919264327,5mm Cuban Chain Necklace in 14K Yellow Gold,reorder,onbody,gid://shopify/MediaImage/26140966748231,3,0,gid://shopify/MediaImage/26138557317191,gid://shopify/MediaImage/26140966748231,gid://shopify/MediaImage/26140966748231|gid://shopify/MediaImage/26138557317191|gid://shopify/MediaImage/26138557349959|gid://shopify/MediaImage/26140966584391,4
lmny-cuban-4-5-mm-nhmc120,gid://shopify/Product/7658919231559,4.5mm Cuban Chain Necklace in 14K Yellow Gold,reorder,onbody,gid://shopify/MediaImage/26140960358471,3,0,gid://shopify/MediaImage/26138557120583,gid://shopify/MediaImage/26140960358471,gid://shopify/MediaImage/26140960358471|gid://shopify/MediaImage/26138557120583|gid://shopify/MediaImage/26138557153351|gid://shopify/MediaImage/26140960030791,4
lmny-cuban-3-9-mm-nmc120,gid://shopify/Product/7658919166023,3.9mm Cuban Chain Necklace in 14K Yellow Gold,reorder,onbody,gid://shopify/MediaImage/26140957343815,2,0,gid://shopify/MediaImage/26138556891207,gid://shopify/MediaImage/26140957343815,gid://shopify/MediaImage/26140957343815|gid://shopify/MediaImage/26138556891207|gid://shopify/MediaImage/26140956852295,3
