competitor,kind,carat,color,clarity,marketplace_price_usd,our_matches,our_min_usd,our_median_usd,ours_vs_marketplace
marketplace_a,lab,1,D,VS1,375,111,266.0,284.0,0.76
marketplace_a,lab,1,E,VS1,375,104,267.0,285.0,0.76
marketplace_a,lab,1.01,F,SI1,380,0,,,
marketplace_a,lab,1.01,F,VS1,385,90,258.0,296.0,0.77
marketplace_a,lab,1.01,E,VS1,385,106,267.0,285.0,0.74
marketplace_a,lab,1,E,SI1,385,0,,,
marketplace_a,lab,1.02,D,VS1,385,136,266.0,284.0,0.74
marketplace_a,lab,1.1,D,VVS1,810,29,317.0,330.0,0.41
marketplace_a,lab,1.71,F,SI1,840,0,,,
marketplace_a,lab,1,F,IF,835,0,,,
marketplace_a,lab,1.75,G,SI1,845,0,,,
marketplace_a,lab,1.54,E,VS2,810,14,390.0,425.5,0.53
marketplace_a,lab,1.52,D,VS2,810,4,419.0,420.0,0.52
marketplace_a,lab,1.5,D,VS2,810,2,421.0,525.0,0.65
marketplace_a,lab,1.53,G,VS1,810,0,,,
marketplace_a,lab,1.5,G,VS1,810,0,,,
marketplace_a,lab,1.5,E,VS1,815,75,385.0,411.0,0.50
marketplace_a,lab,2.02,J,VS1,710,0,,,
marketplace_a,lab,2.05,J,VS1,720,0,,,
marketplace_a,lab,2,I,VS2,835,0,,,
marketplace_a,lab,2.08,I,SI1,855,0,,,
marketplace_a,lab,2.01,K,VVS2,950,0,,,
marketplace_a,lab,2.05,G,SI1,975,0,,,
marketplace_a,lab,2.03,F,SI1,980,0,,,
marketplace_a,lab,2,G,VS2,995,0,,,
marketplace_a,lab,2.09,G,SI1,995,0,,,
marketplace_a,natural,2,K,SI2,3245,1,5693.0,5693.0,1.75
marketplace_a,natural,2.11,K,SI1,7030,1,7818.0,7818.0,1.11
marketplace_a,natural,2.01,K,SI2,7315,1,5693.0,5693.0,0.78
marketplace_a,natural,2,J,VS2,7645,4,8550.0,10070.0,1.32
marketplace_a,natural,2.09,K,SI2,7720,1,8585.0,8585.0,1.11
marketplace_a,natural,2.01,K,VS2,7950,0,,,
marketplace_a,natural,2.01,K,SI2,8075,1,5693.0,5693.0,0.71
marketplace_a,natural,2.01,J,VS1,8090,3,9075.0,9450.0,1.17
marketplace_a,natural,2,J,VS2,8150,4,8550.0,10070.0,1.24
marketplace_a,natural,2,J,VS1,8425,3,9075.0,9450.0,1.12
marketplace_a,natural,2.01,K,SI1,8520,0,,,
marketplace_a,natural,2.01,J,SI2,8635,3,7520.0,7560.0,0.88
marketplace_a,natural,2.01,K,VS1,8805,0,,,
marketplace_a,natural,2.01,I,SI2,9000,1,11563.0,11563.0,1.28
marketplace_a,natural,2.02,G,SI2,9690,4,10918.0,11210.5,1.16
marketplace_a,natural,2.01,J,SI1,9745,3,8517.0,8625.0,0.89
marketplace_a,natural,2.01,H,SI2,9795,6,10341.0,11424.0,1.17
marketplace_a,natural,2.04,J,VS2,9975,4,8550.0,10070.0,1.01
marketplace_a,natural,2.03,J,SI1,10060,3,8517.0,8625.0,0.86
marketplace_a,natural,2.01,J,VVS2,10110,0,,,
marketplace_a,natural,2.01,H,SI2,10350,6,10341.0,11424.0,1.10
marketplace_a,natural,2,K,VS2,10650,0,,,
marketplace_a,natural,2,I,SI2,10745,1,11563.0,11563.0,1.08
marketplace_a,natural,2.02,H,SI1,11185,6,11840.0,14306.0,1.28
marketplace_a,natural,2.01,K,VS1,11265,0,,,
marketplace_a,natural,2.01,H,SI1,11365,5,12542.0,15678.0,1.38
marketplace_a,natural,2,I,VS1,11435,5,11000.0,12688.0,1.11
marketplace_b,lab,1.53,F,VS1,1018,25,369.0,485.0,0.48
marketplace_b,lab,1.51,D,VS1,1018,125,383.0,420.0,0.41
marketplace_b,lab,1.53,E,VS1,1024,85,385.0,412.0,0.40
marketplace_b,lab,1.54,F,VS1,1025,28,369.0,562.0,0.55
marketplace_b,lab,1.55,E,VS1,1037,87,385.0,412.0,0.40
marketplace_b,lab,1.55,D,VS1,1044,139,383.0,420.0,0.40
marketplace_b,lab,1.58,E,VS1,1057,27,391.0,435.0,0.41
marketplace_b,lab,1.58,D,VS1,1063,117,399.0,422.0,0.40
marketplace_b,natural,1.73,D,VVS1,18087,2,19691.0,20058.5,1.11
marketplace_b,natural,1.5,D,IF,19957,2,16973.0,18936.5,0.95
marketplace_b,natural,3,D,VS1,49906,2,51844.0,54235.0,1.09
marketplace_b,natural,1.61,E,VS1,11536,1,15073.0,15073.0,1.31
marketplace_b,natural,1.5,F,VS1,9696,7,7898.0,8766.0,0.90
marketplace_b,natural,2.5,F,VS1,38903,4,27891.0,38692.0,0.99
marketplace_b,natural,1.5,E,SI1,8513,3,5996.0,8102.0,0.95
marketplace_b,natural,2.55,D,SI1,26729,1,25116.0,25116.0,0.94
marketplace_b,natural,3.01,D,SI1,40355,3,35838.0,41348.0,1.02
