Info,Version=1.0.0,Template=fx_category_template_EBAY_US
*Action(SiteID=US|Country=US|Currency=USD|Version=1193|CC=UTF-8),CustomLabel,*Category,StoreCategory,*Title,Subtitle,Relationship,RelationshipDetails,ScheduleTime,*ConditionID,*C:Brand,*C:Department,*C:Type,C:Reference Number,C:Customized,C:Style,C:Model,C:Features,C:Movement,C:Dial Color,C:Band Color,C:Bezel Color,C:Case Color,C:Band Material,C:Display,C:Case Material,C:Water Resistance,C:Year Manufactured,C:With Original Box/Packaging,C:With Papers,C:Indices,C:Case Size,C:Watch Shape,C:Number of Jewels,C:Band/Strap,C:Country of Origin,C:Dial Pattern,C:Caseback,C:Bezel Type,C:Vintage,C:Band Width,C:Lug Width,C:Theme,C:Case Finish,C:With Manual/Booklet,C:Seller Warranty,C:With Service Records,C:Handmade,C:Case Thickness,C:Manufacturer Warranty,C:Escapement Type,C:Max Wrist Size,C:Closure,C:Handedness,C:California Prop 65 Warning,C:Unit Quantity,C:Unit Type,PicURL,GalleryType,VideoID,*Description,*Format,*Duration,*StartPrice,BuyItNowPrice,BestOfferEnabled,BestOfferAutoAcceptPrice,MinimumBestOfferPrice,*Quantity,ImmediatePayRequired,*Location,ShippingType,ShippingService-1:Option,ShippingService-1:Cost,ShippingService-2:Option,ShippingService-2:Cost,*DispatchTimeMax,PromotionalShippingDiscount,ShippingDiscountProfileID,*ReturnsAcceptedOption,ReturnsWithinOption,RefundOption,ShippingCostPaidByOption,AdditionalDetails,ShippingProfileName,ReturnProfileName,PaymentProfileName,ProductCompliancePolicyID,Regional ProductCompliancePolicies,Product Safety Pictograms,Product Safety Statements,Product Safety Component,Regulatory Document Ids,Manufacturer Name,Manufacturer AddressLine1,Manufacturer AddressLine2,Manufacturer City,Manufacturer Country,Manufacturer PostalCode,Manufacturer StateOrProvince,Manufacturer Phone,Manufacturer Email,Manufacturer ContactURL,Responsible Person 1,Responsible Person 1 Type,Responsible Person 1 AddressLine1,Responsible Person 1 AddressLine2,Responsible Person 1 City,Responsible Person 1 Country,Responsible Person 1 PostalCode,Responsible Person 1 StateOrProvince,Responsible Person 1 Phone,Responsible Person 1 Email,Responsible Person 1 ContactURL
Add,w-10026,31387,,Rolex Oyster Perpetual Date 6827 Womens Pre-Owned Watch No Box/Papers,,,,,3000,Rolex,Women,Wristwatch,6827,,,Oyster Perpetual Date,,,,,,,,,,,,No,No,,,,,,,,,,Yes,,,,,,,,,,,,,,,,,,https://cdn.shopify.com/s/files/1/1727/2565/files/10026_84a401bd-ee25-4078-90a0-17da41422fdc.jpg?v=1786082228,,,"Pre-Owned Rolex Oyster Perpetual Date 6827. Offered on its own, without box or papers.",FixedPrice,GTC,8831.00,,,,,1,,"New York, NY",,,,,,,,,,,,,,Daily Deals - 1Handling Day,14 Day Returns Accepted,eBay Managed Payments (246832199020),,,,,,,,,,,,,,,,,,,,,,,,,,,
Add,w-3119,31387,,Rolex Oysterdate 6494 Mens Pre-Owned Watch No Box/Papers,,,,,3000,Rolex,Men,Wristwatch,6494,,,Oysterdate,,,,,,,,,,,,No,No,,,,,,,,,,Yes,,,,,,,,,,,,,,,,,,https://cdn.shopify.com/s/files/1/1727/2565/files/3119_1c93a0d0-6f8b-4235-9136-75d87cc206a4.jpg?v=1786082250,,,"Pre-Owned Rolex Oysterdate 6494. Offered on its own, without box or papers.",FixedPrice,GTC,3636.00,,,,,1,,"New York, NY",,,,,,,,,,,,,,Daily Deals - 1Handling Day,14 Day Returns Accepted,eBay Managed Payments (246832199020),,,,,,,,,,,,,,,,,,,,,,,,,,,
Add,w-3131,31387,,Rolex Air-King 5700 Mens Pre-Owned Watch No Box/Papers,,,,,3000,Rolex,Men,Wristwatch,5700,,,Air-King,,,,,,,,,,,,No,No,,,,,,,,,,Yes,,,,,,,,,,,,,,,,,,https://cdn.shopify.com/s/files/1/1727/2565/files/3131_bda186fa-da70-4523-ab90-66cd8308e69a.jpg?v=1786082258,,,"Pre-Owned Rolex Air-King 5700. Offered on its own, without box or papers.",FixedPrice,GTC,4964.00,,,,,1,,"New York, NY",,,,,,,,,,,,,,Daily Deals - 1Handling Day,14 Day Returns Accepted,eBay Managed Payments (246832199020),,,,,,,,,,,,,,,,,,,,,,,,,,,
Add,w-3180,31387,,Rolex Day-Date 228348RBR Mens Pre-Owned Watch w/ Papers,,,,,3000,Rolex,Men,Wristwatch,228348RBR,,,Day-Date,,,,,,,,,,,,No,Yes,,,,,,,,,,No,,,,,,,,,,,,,,,,,,https://cdn.shopify.com/s/files/1/1727/2565/files/3180_2184db1d-c291-4530-892d-51c985fb070a.jpg?v=1786082272,,,"Pre-Owned Rolex Day-Date 228348RBR from February 2016. Offered with papers, but without the original box.",FixedPrice,GTC,78564.00,,,,,1,,"New York, NY",,,,,,,,,,,,,,Daily Deals - 1Handling Day,14 Day Returns Accepted,eBay Managed Payments (246832199020),,,,,,,,,,,,,,,,,,,,,,,,,,,
Add,w-3194,31387,,Rolex Submariner Date 126610LN Mens Pre-Owned Watch No Box/Papers,,,,,3000,Rolex,Men,Wristwatch,126610LN,,,Submariner Date,,,,,,,,,,,,No,No,,,,,,,,,,No,,,,,,,,,,,,,,,,,,https://cdn.shopify.com/s/files/1/1727/2565/files/3194_3a05b784-8661-4f6d-88e9-ca9f362cf028.jpg?v=1786082275,,,"Pre-Owned Rolex Submariner Date 126610LN. Offered on its own, without box or papers.",FixedPrice,GTC,14441.00,,,,,1,,"New York, NY",,,,,,,,,,,,,,Daily Deals - 1Handling Day,14 Day Returns Accepted,eBay Managed Payments (246832199020),,,,,,,,,,,,,,,,,,,,,,,,,,,
Add,w-3200,31387,,Rolex Lady Date Just 6919 Womens Pre-Owned Watch No Box/Papers,,,,,3000,Rolex,Women,Wristwatch,6919,,,Lady Date Just,,,,,,,,,,,,No,No,,,,,,,,,,Yes,,,,,,,,,,,,,,,,,,https://cdn.shopify.com/s/files/1/1727/2565/files/3200.jpg?v=1786082276,,,"Pre-Owned Rolex Lady Date Just 6919. Offered on its own, without box or papers.",FixedPrice,GTC,4074.00,,,,,1,,"New York, NY",,,,,,,,,,,,,,Daily Deals - 1Handling Day,14 Day Returns Accepted,eBay Managed Payments (246832199020),,,,,,,,,,,,,,,,,,,,,,,,,,,
Add,w-3201,31387,,Rolex Oyster Perpetual Lady 6919 Womens Pre-Owned Watch No Box/Papers,,,,,3000,Rolex,Women,Wristwatch,6919,,,Oyster Perpetual Lady,,,,,,,,,,,,No,No,,,,,,,,,,Yes,,,,,,,,,,,,,,,,,,https://cdn.shopify.com/s/files/1/1727/2565/files/3201_0a130aa9-6fb2-4491-944f-0f15c37b0bab.jpg?v=1786082277,,,"Pre-Owned Rolex Oyster Perpetual Lady 6919. Offered on its own, without box or papers.",FixedPrice,GTC,4074.00,,,,,1,,"New York, NY",,,,,,,,,,,,,,Daily Deals - 1Handling Day,14 Day Returns Accepted,eBay Managed Payments (246832199020),,,,,,,,,,,,,,,,,,,,,,,,,,,
Add,w-3221,31387,,Rolex Oyster Precision 6422 Mens Pre-Owned Watch No Box/Papers,,,,,3000,Rolex,Men,Wristwatch,6422,,,Oyster Precision,,,,,,,,,,,,No,No,,,,,,,,,,Yes,,,,,,,,,,,,,,,,,,https://cdn.shopify.com/s/files/1/1727/2565/files/3221_f8d16d31-5e5f-41df-923c-2cf715bd380e.jpg?v=1786082286,,,"Pre-Owned Rolex Oyster Precision 6422. Offered on its own, without box or papers.",FixedPrice,GTC,4284.00,,,,,1,,"New York, NY",,,,,,,,,,,,,,Daily Deals - 1Handling Day,14 Day Returns Accepted,eBay Managed Payments (246832199020),,,,,,,,,,,,,,,,,,,,,,,,,,,
Add,w-3224,31387,,Rolex Oyster Perpetual 6505 Unisex Pre-Owned Watch No Box/Papers,,,,,3000,Rolex,Unisex Adults,Wristwatch,6505,,,Oyster Perpetual,,,,,,,,,,,,No,No,,,,,,,,,,Yes,,,,,,,,,,,,,,,,,,https://cdn.shopify.com/s/files/1/1727/2565/files/3224.jpg?v=1786082287,,,"Pre-Owned Rolex Oyster Perpetual 6505. Offered on its own, without box or papers.",FixedPrice,GTC,4751.00,,,,,1,,"New York, NY",,,,,,,,,,,,,,Daily Deals - 1Handling Day,14 Day Returns Accepted,eBay Managed Payments (246832199020),,,,,,,,,,,,,,,,,,,,,,,,,,,
Add,w-3234,31387,,Rolex Lady Date Just 6919 Womens Good Watch No Box/Papers,,,,,3000,Rolex,Women,Wristwatch,6919,,,Lady Date Just,,,,,,,,,,,,No,No,,,,,,,,,,Yes,,,,,,,,,,,,,,,,,,https://cdn.shopify.com/s/files/1/1727/2565/files/3234_b1dd095f-2551-4e77-a3ad-2e65857dcb93.jpg?v=1786082290,,,"Pre-Owned Rolex Lady Date Just 6919. Offered on its own, without box or papers. Good condition.",FixedPrice,GTC,4074.00,,,,,1,,"New York, NY",,,,,,,,,,,,,,Daily Deals - 1Handling Day,14 Day Returns Accepted,eBay Managed Payments (246832199020),,,,,,,,,,,,,,,,,,,,,,,,,,,
Add,w-3286,31387,,AP Royal Oak Selfwinding 15510ST Mens Mint Watch Full Set Box & Papers,,,,,3000,Audemars Piguet,Men,Wristwatch,15510ST,,,Royal Oak Selfwinding,,,,,,,,,,,,Yes,Yes,,,,,,,,,,No,,,,,,,,,,,,,,,,,,https://cdn.shopify.com/s/files/1/1727/2565/files/3286_b0016df9-2b0e-4e05-bd4a-be466187b562.jpg?v=1786082297,,,Pre-Owned Audemars Piguet Royal Oak Selfwinding 15510ST. Full set with box and papers. Mint condition.,FixedPrice,GTC,51765.00,,,,,1,,"New York, NY",,,,,,,,,,,,,,Daily Deals - 1Handling Day,14 Day Returns Accepted,eBay Managed Payments (246832199020),,,,,,,,,,,,,,,,,,,,,,,,,,,
Add,w-3314,31387,,Rolex Daytona 116505 Mens Mint Watch w/ Papers,,,,,3000,Rolex,Men,Wristwatch,116505,,,Daytona,,,,,,,,,,,,No,Yes,,,,,,,,,,No,,,,,,,,,,,,,,,,,,https://cdn.shopify.com/s/files/1/1727/2565/files/3314_c6618245-406d-4f05-b24e-9ff223025f1a.jpg?v=1786082299,,,"Pre-Owned Rolex Daytona 116505 from July 2010. Offered with papers, but without the original box. Mint condition.",FixedPrice,GTC,46809.00,,,,,1,,"New York, NY",,,,,,,,,,,,,,Daily Deals - 1Handling Day,14 Day Returns Accepted,eBay Managed Payments (246832199020),,,,,,,,,,,,,,,,,,,,,,,,,,,
Add,w-3354,31387,,Rolex Lady Date Just 179171 Womens Pre-Owned Watch w/ Papers,,,,,3000,Rolex,Women,Wristwatch,179171,,,Lady Date Just,,,,,,,,,,,,No,Yes,,,,,,,,,,No,,,,,,,,,,,,,,,,,,https://cdn.shopify.com/s/files/1/1727/2565/files/3354_45c0af63-7263-4271-97f2-f67ad753e034.jpg?v=1786082309,,,"Pre-Owned Rolex Lady Date Just 179171 from September 2014. Offered with papers, but without the original box.",FixedPrice,GTC,9923.00,,,,,1,,"New York, NY",,,,,,,,,,,,,,Daily Deals - 1Handling Day,14 Day Returns Accepted,eBay Managed Payments (246832199020),,,,,,,,,,,,,,,,,,,,,,,,,,,
Add,w-3355,31387,,Rolex Datejust 178271 Unisex Good Watch No Box/Papers,,,,,3000,Rolex,Unisex Adults,Wristwatch,178271,,,Datejust,,,,,,,,,,,,No,No,,,,,,,,,,No,,,,,,,,,,,,,,,,,,https://cdn.shopify.com/s/files/1/1727/2565/files/3355_009db5f0-81e5-490b-95ce-26b338e8925d.jpg?v=1786082310,,,"Pre-Owned Rolex Datejust 178271. Offered on its own, without box or papers. Very good condition.",FixedPrice,GTC,15074.00,,,,,1,,"New York, NY",,,,,,,,,,,,,,Daily Deals - 1Handling Day,14 Day Returns Accepted,eBay Managed Payments (246832199020),,,,,,,,,,,,,,,,,,,,,,,,,,,
Add,w-3365,31387,,Rolex Datejust 116203 Unisex Pre-Owned Watch No Box/Papers,,,,,3000,Rolex,Unisex Adults,Wristwatch,116203,,,Datejust,,,,,,,,,,,,No,No,,,,,,,,,,No,,,,,,,,,,,,,,,,,,https://cdn.shopify.com/s/files/1/1727/2565/files/3365_626385e2-1b39-4a98-9515-1a3b3dc82f88.jpg?v=1786082312,,,"Pre-Owned Rolex Datejust 116203. Offered on its own, without box or papers.",FixedPrice,GTC,10622.00,,,,,1,,"New York, NY",,,,,,,,,,,,,,Daily Deals - 1Handling Day,14 Day Returns Accepted,eBay Managed Payments (246832199020),,,,,,,,,,,,,,,,,,,,,,,,,,,
Add,w-3398,31387,,Rolex Sky-Dweller 336933 Mens Pre-Owned Watch Full Set Box & Papers,,,,,3000,Rolex,Men,Wristwatch,336933,,,Sky-Dweller,,,,,,,,,,,,Yes,Yes,,,,,,,,,,No,,,,,,,,,,,,,,,,,,https://cdn.shopify.com/s/files/1/1727/2565/files/3398.jpg?v=1786082317,,,"Rolex Sky-Dweller 336933, July 2025. Full set with box and papers.",FixedPrice,GTC,24444.00,,,,,1,,"New York, NY",,,,,,,,,,,,,,Daily Deals - 1Handling Day,14 Day Returns Accepted,eBay Managed Payments (246832199020),,,,,,,,,,,,,,,,,,,,,,,,,,,
Add,w-3514,31387,,Rolex Datejust 126234 Unisex Good Watch w/ Papers,,,,,3000,Rolex,Unisex Adults,Wristwatch,126234,,,Datejust,,,,,,,,,,,,No,Yes,,,,,,,,,,No,,,,,,,,,,,,,,,,,,https://cdn.shopify.com/s/files/1/1727/2565/files/3514_ad3df931-3d9f-48bd-8778-8e12b3dea542.jpg?v=1786082343,,,"Pre-Owned Rolex Datejust 126234 from June 2020. Offered with papers, but without the original box. Good condition.",FixedPrice,GTC,12802.00,,,,,1,,"New York, NY",,,,,,,,,,,,,,Daily Deals - 1Handling Day,14 Day Returns Accepted,eBay Managed Payments (246832199020),,,,,,,,,,,,,,,,,,,,,,,,,,,
Add,w-3519,31387,,Rolex Day-Date 218235 Mens Pre-Owned Watch w/ Papers,,,,,3000,Rolex,Men,Wristwatch,218235,,,Day-Date,,,,,,,,,,,,No,Yes,,,,,,,,,,No,,,,,,,,,,,,,,,,,,https://cdn.shopify.com/s/files/1/1727/2565/files/3519_31a601b5-8d99-4a5d-995a-8f2d264b7d3a.jpg?v=1786082344,,,"Rolex Day-Date 218235, May 2014. Offered with papers, but without the original box.",FixedPrice,GTC,43937.00,,,,,1,,"New York, NY",,,,,,,,,,,,,,Daily Deals - 1Handling Day,14 Day Returns Accepted,eBay Managed Payments (246832199020),,,,,,,,,,,,,,,,,,,,,,,,,,,
Add,w-3530,31387,,Rolex Day-Date II 218235 Mens Pre-Owned Watch w/ Papers,,,,,3000,Rolex,Men,Wristwatch,218235,,,Day-Date II,,,,,,,,,,,,No,Yes,,,,,,,,,,No,,,,,,,,,,,,,,,,,,https://cdn.shopify.com/s/files/1/1727/2565/files/3530.jpg?v=1786082351,,,"Pre-Owned Rolex Day-Date II 218235 from August 2009. Offered with papers, but without the original box.",FixedPrice,GTC,43937.00,,,,,1,,"New York, NY",,,,,,,,,,,,,,Daily Deals - 1Handling Day,14 Day Returns Accepted,eBay Managed Payments (246832199020),,,,,,,,,,,,,,,,,,,,,,,,,,,
Add,w-3613,31387,,Rolex Lady Date Just 279384 Womens Excellent Watch No Box/Papers,,,,,3000,Rolex,Women,Wristwatch,279384,,,Lady Date Just,,,,,,,,,,,,No,No,,,,,,,,,,No,,,,,,,,,,,,,,,,,,https://cdn.shopify.com/s/files/1/1727/2565/files/3613_97c959f1-0a57-4571-9d0a-63b47704dcb9.jpg?v=1786082367,,,"Pre-Owned Rolex Lady Date Just 279384. Offered on its own, without box or papers. Excellent condition.",FixedPrice,GTC,19352.00,,,,,1,,"New York, NY",,,,,,,,,,,,,,Daily Deals - 1Handling Day,14 Day Returns Accepted,eBay Managed Payments (246832199020),,,,,,,,,,,,,,,,,,,,,,,,,,,
Add,w-3682,31387,,Rolex Day-Date 228239 Mens Pre-Owned Watch w/ Papers,,,,,3000,Rolex,Men,Wristwatch,228239,,,Day-Date,,,,,,,,,,,,No,Yes,,,,,,,,,,No,,,,,,,,,,,,,,,,,,https://cdn.shopify.com/s/files/1/1727/2565/files/3682_6d15c414-609e-45b1-9e65-b66c4b0e5209.jpg?v=1786082381,,,"Pre-Owned Rolex Day-Date 228239 from October 2019. Offered with papers, but without the original box.",FixedPrice,GTC,48379.00,,,,,1,,"New York, NY",,,,,,,,,,,,,,Daily Deals - 1Handling Day,14 Day Returns Accepted,eBay Managed Payments (246832199020),,,,,,,,,,,,,,,,,,,,,,,,,,,
Add,w-3838,31387,,Rolex Day-Date 228235 Mens Excellent Watch No Box/Papers,,,,,3000,Rolex,Men,Wristwatch,228235,,,Day-Date,,,,,,,,,,,,No,No,,,,,,,,,,No,,,,,,,,,,,,,,,,,,https://cdn.shopify.com/s/files/1/1727/2565/files/3838_8736ec77-8e15-4e84-93d3-e76c56beabf8.jpg?v=1786082424,,,"Pre-Owned Rolex Day-Date 228235. Offered on its own, without box or papers. Excellent condition.",FixedPrice,GTC,54345.00,,,,,1,,"New York, NY",,,,,,,,,,,,,,Daily Deals - 1Handling Day,14 Day Returns Accepted,eBay Managed Payments (246832199020),,,,,,,,,,,,,,,,,,,,,,,,,,,
Add,w-3850,31387,,Rolex Submariner No Date 114060 Mens Mint Watch w/ Papers,,,,,3000,Rolex,Men,Wristwatch,114060,,,Submariner No Date,,,,,,,,,,,,No,Yes,,,,,,,,,,No,,,,,,,,,,,,,,,,,,https://cdn.shopify.com/s/files/1/1727/2565/files/3850_056bf8fd-550c-40d6-8b04-2f4df69759b6.jpg?v=1786082429,,,"Pre-Owned Rolex Submariner No Date 114060 from December 2017. Offered with papers, but without the original box.",FixedPrice,GTC,11632.00,,,,,1,,"New York, NY",,,,,,,,,,,,,,Daily Deals - 1Handling Day,14 Day Returns Accepted,eBay Managed Payments (246832199020),,,,,,,,,,,,,,,,,,,,,,,,,,,
Add,w-3869,31387,,Rolex Day-Date 228238 Mens Excellent Watch w/ Papers,,,,,3000,Rolex,Men,Wristwatch,228238,,,Day-Date,,,,,,,,,,,,No,Yes,,,,,,,,,,No,,,,,,,,,,,,,,,,,,https://cdn.shopify.com/s/files/1/1727/2565/files/3869_16ed25ed-b8f3-44b0-94c8-ce9891403e19.jpg?v=1786082431,,,"Pre-Owned Rolex Day-Date 228238 from August 2019. Offered with papers, but without the original box. Excellent condition.",FixedPrice,GTC,47045.00,,,,,1,,"New York, NY",,,,,,,,,,,,,,Daily Deals - 1Handling Day,14 Day Returns Accepted,eBay Managed Payments (246832199020),,,,,,,,,,,,,,,,,,,,,,,,,,,
Add,w-3872,31387,,Rolex Day-Date 228345 Mens Unworn Watch w/ Papers,,,,,1500,Rolex,Men,Wristwatch,228345,,,Day-Date,,,,,,,,,,,,No,Yes,,,,,,,,,,No,,,,,,,,,,,,,,,,,,https://cdn.shopify.com/s/files/1/1727/2565/files/3872_38524d8d-c960-4b00-9c67-906e3d135523.jpg?v=1786082433,,,"Unworn Rolex Day-Date 228345 from October 2022. Offered with papers, but without the original box.",FixedPrice,GTC,77595.00,,,,,1,,"New York, NY",,,,,,,,,,,,,,Daily Deals - 1Handling Day,14 Day Returns Accepted,eBay Managed Payments (246832199020),,,,,,,,,,,,,,,,,,,,,,,,,,,
Add,w-3877,31387,,Cartier Santos WSSA0018 Unisex Pre-Owned Watch w/ Papers,,,,,3000,Cartier,Unisex Adults,Wristwatch,WSSA0018,,,Santos,,,,,,,,,,,,No,Yes,,,,,,,,,,No,,,,,,,,,,,,,,,,,,https://cdn.shopify.com/s/files/1/1727/2565/files/3877_1289638e-8ccb-4401-b817-f8afaf42eee7.jpg?v=1786082435,,,"Pre-Owned Cartier Santos WSSA0018 from December 2024. Offered with papers, but without the original box.",FixedPrice,GTC,7857.00,,,,,1,,"New York, NY",,,,,,,,,,,,,,Daily Deals - 1Handling Day,14 Day Returns Accepted,eBay Managed Payments (246832199020),,,,,,,,,,,,,,,,,,,,,,,,,,,
Add,w-3882,31387,,Rolex Day-Date 228235 Mens Pre-Owned Watch No Box/Papers,,,,,3000,Rolex,Men,Wristwatch,228235,,,Day-Date,,,,,,,,,,,,No,No,,,,,,,,,,No,,,,,,,,,,,,,,,,,,https://cdn.shopify.com/s/files/1/1727/2565/files/3882_f9202669-a1e7-4a97-84c9-fb2465647814.jpg?v=1786082436,,,"Pre-Owned Rolex Day-Date 228235. Offered on its own, without box or papers.",FixedPrice,GTC,54345.00,,,,,1,,"New York, NY",,,,,,,,,,,,,,Daily Deals - 1Handling Day,14 Day Returns Accepted,eBay Managed Payments (246832199020),,,,,,,,,,,,,,,,,,,,,,,,,,,
Add,w-3906,31387,,Rolex Datejust 116263 Unisex Pre-Owned Watch No Box/Papers,,,,,3000,Rolex,Unisex Adults,Wristwatch,116263,,,Datejust,,,,,,,,,,,,No,No,,,,,,,,,,No,,,,,,,,,,,,,,,,,,https://cdn.shopify.com/s/files/1/1727/2565/files/3906.jpg?v=1786082449,,,"Pre-Owned Rolex Datejust 116263. Offered on its own, without box or papers.",FixedPrice,GTC,10767.00,,,,,1,,"New York, NY",,,,,,,,,,,,,,Daily Deals - 1Handling Day,14 Day Returns Accepted,eBay Managed Payments (246832199020),,,,,,,,,,,,,,,,,,,,,,,,,,,
Add,w-3912,31387,,Cartier Santos W2SA0008 Unisex Good Watch No Box/Papers,,,,,3000,Cartier,Unisex Adults,Wristwatch,W2SA0008,,,Santos,,,,,,,,,,,,No,No,,,,,,,,,,No,,,,,,,,,,,,,,,,,,https://cdn.shopify.com/s/files/1/1727/2565/files/3912.jpg?v=1786082454,,,"Pre-Owned Cartier Santos W2SA0008. Offered on its own, without box or papers. Good condition.",FixedPrice,GTC,13362.00,,,,,1,,"New York, NY",,,,,,,,,,,,,,Daily Deals - 1Handling Day,14 Day Returns Accepted,eBay Managed Payments (246832199020),,,,,,,,,,,,,,,,,,,,,,,,,,,
Add,w-3967,31387,,Rolex Lady Date Just 6916 Womens Excellent Watch No Box/Papers,,,,,3000,Rolex,Women,Wristwatch,6916,,,Lady Date Just,,,,,,,,,,,,No,No,,,,,,,,,,Yes,,,,,,,,,,,,,,,,,,https://cdn.shopify.com/s/files/1/1727/2565/files/3967_72c94f06-ef08-4d94-a751-7258b358807a.jpg?v=1786082482,,,"Pre-Owned Rolex Lady Date Just 6916. Offered on its own, without box or papers. Excellent condition.",FixedPrice,GTC,3638.00,,,,,1,,"New York, NY",,,,,,,,,,,,,,Daily Deals - 1Handling Day,14 Day Returns Accepted,eBay Managed Payments (246832199020),,,,,,,,,,,,,,,,,,,,,,,,,,,
Add,w-3979,31387,,Rolex Submariner Date 126610LN Mens Excellent Watch No Box/Papers,,,,,3000,Rolex,Men,Wristwatch,126610LN,,,Submariner Date,,,,,,,,,,,,No,No,,,,,,,,,,No,,,,,,,,,,,,,,,,,,https://cdn.shopify.com/s/files/1/1727/2565/files/3979_1fded327-15f0-4cc7-a0a9-24db7624d770.jpg?v=1786082491,,,"Pre-Owned Rolex Submariner Date 126610LN. Offered on its own, without box or papers. Excellent condition.",FixedPrice,GTC,14441.00,,,,,1,,"New York, NY",,,,,,,,,,,,,,Daily Deals - 1Handling Day,14 Day Returns Accepted,eBay Managed Payments (246832199020),,,,,,,,,,,,,,,,,,,,,,,,,,,
Add,w-3994,31387,,Rolex Sky-Dweller 336938 Mens Pre-Owned Watch w/ Papers,,,,,3000,Rolex,Men,Wristwatch,336938,,,Sky-Dweller,,,,,,,,,,,,No,Yes,,,,,,,,,,No,,,,,,,,,,,,,,,,,,https://cdn.shopify.com/s/files/1/1727/2565/files/3994.jpg?v=1786082493,,,"Pre-Owned Rolex Sky-Dweller 336938 from March 2024. Offered with papers, but without the original box.",FixedPrice,GTC,63049.00,,,,,1,,"New York, NY",,,,,,,,,,,,,,Daily Deals - 1Handling Day,14 Day Returns Accepted,eBay Managed Payments (246832199020),,,,,,,,,,,,,,,,,,,,,,,,,,,
Add,w-4081,31387,,Rolex Day-Date 228239 Mens Pre-Owned Watch w/ Papers,,,,,3000,Rolex,Men,Wristwatch,228239,,,Day-Date,,,,,,,,,,,,No,Yes,,,,,,,,,,No,,,,,,,,,,,,,,,,,,https://cdn.shopify.com/s/files/1/1727/2565/files/4081.jpg?v=1786082495,,,"Pre-Owned Rolex Day-Date 228239 from February 2019. Offered with papers, but without the original box.",FixedPrice,GTC,48379.00,,,,,1,,"New York, NY",,,,,,,,,,,,,,Daily Deals - 1Handling Day,14 Day Returns Accepted,eBay Managed Payments (246832199020),,,,,,,,,,,,,,,,,,,,,,,,,,,
Add,w-4085,31387,,Rolex Oyster Perpetual 134300 Unisex Excellent Watch No Box/Papers,,,,,3000,Rolex,Unisex Adults,Wristwatch,134300,,,Oyster Perpetual,,,,,,,,,,,,No,No,,,,,,,,,,No,,,,,,,,,,,,,,,,,,https://cdn.shopify.com/s/files/1/1727/2565/files/4085_60125610-0669-4562-a685-faffc8f58765.jpg?v=1786082497,,,"Pre-Owned Rolex Oyster Perpetual 134300. Offered on its own, without box or papers. Excellent condition.",FixedPrice,GTC,10475.00,,,,,1,,"New York, NY",,,,,,,,,,,,,,Daily Deals - 1Handling Day,14 Day Returns Accepted,eBay Managed Payments (246832199020),,,,,,,,,,,,,,,,,,,,,,,,,,,
Add,w-4097,31387,,Rolex Datejust 278383RBR Womens Pre-Owned Watch Full Set Box & Papers,,,,,3000,Rolex,Women,Wristwatch,278383RBR,,,Datejust,,,,,,,,,,,,Yes,Yes,,,,,,,,,,No,,,,,,,,,,,,,,,,,,https://cdn.shopify.com/s/files/1/1727/2565/files/4097_1665fa44-0e6c-4c8d-a57b-2a13a6f8794f.jpg?v=1786082500,,,Pre-Owned Rolex Datejust 278383RBR from April 2025. Full set with box and papers.,FixedPrice,GTC,28125.00,,,,,1,,"New York, NY",,,,,,,,,,,,,,Daily Deals - 1Handling Day,14 Day Returns Accepted,eBay Managed Payments (246832199020),,,,,,,,,,,,,,,,,,,,,,,,,,,
Add,w-6197,31387,,Audemars Piguet Royal Oak Selfwinding 26240BA.OO.1320BA.02 Mens Unworn w/ Papers,,,,,1500,Audemars Piguet,Men,Wristwatch,26240BA.OO.1320BA.02,,,Royal Oak Selfwinding,,,,,,,,,,,,No,Yes,,,,,,,,,,No,,,,,,,,,,,,,,,,,,https://cdn.shopify.com/s/files/1/1727/2565/files/6197.jpg?v=1786082510,,,"Unworn Audemars Piguet Royal Oak Selfwinding 26240BA.OO.1320BA.02 from April 2026. Offered with papers, but without the original box.",FixedPrice,GTC,124645.00,,,,,1,,"New York, NY",,,,,,,,,,,,,,Daily Deals - 1Handling Day,14 Day Returns Accepted,eBay Managed Payments (246832199020),,,,,,,,,,,,,,,,,,,,,,,,,,,
Add,w-8114,31387,,Rolex GMT-Master II 116718LN Mens Retail Ready Watch w/ Papers,,,,,3000,Rolex,Men,Wristwatch,116718LN,,,GMT-Master II,,,,,,,,,,,,No,Yes,,,,,,,,,,No,,,,,,,,,,,,,,,,,,https://cdn.shopify.com/s/files/1/1727/2565/files/8114_303136b0-429d-4601-b132-bc468d3b9cba.jpg?v=1786082512,,,"Rolex GMT-Master II 116718LN, 2010. Retail ready condition. Offered with papers, but without the original box.",FixedPrice,GTC,43017.00,,,,,1,,"New York, NY",,,,,,,,,,,,,,Daily Deals - 1Handling Day,14 Day Returns Accepted,eBay Managed Payments (246832199020),,,,,,,,,,,,,,,,,,,,,,,,,,,
Add,w-8704,31387,,Rolex Datejust 279174 Womens Retail Ready Watch No Box/Papers,,,,,3000,Rolex,Women,Wristwatch,279174,,,Datejust,,,,,,,,,,,,No,No,,,,,,,,,,No,,,,,,,,,,,,,,,,,,https://cdn.shopify.com/s/files/1/1727/2565/files/8704_b8146772-2733-4f6f-8434-5311e316eabb.jpg?v=1786082518,,,Rolex Datejust 279174. Retail ready condition. Watch only.,FixedPrice,GTC,10573.00,,,,,1,,"New York, NY",,,,,,,,,,,,,,Daily Deals - 1Handling Day,14 Day Returns Accepted,eBay Managed Payments (246832199020),,,,,,,,,,,,,,,,,,,,,,,,,,,
Add,w-8730,31387,,Rolex Oyster Perpetual 76094 Unisex Mint Watch No Box/Papers,,,,,3000,Rolex,Unisex Adults,Wristwatch,76094,,,Oyster Perpetual,,,,,,,,,,,,No,No,,,,,,,,,,Yes,,,,,,,,,,,,,,,,,,https://cdn.shopify.com/s/files/1/1727/2565/files/8730.jpg?v=1786082529,,,"Pre-Owned Rolex Oyster Perpetual 76094. Offered on its own, without box or papers. Mint condition.",FixedPrice,GTC,4390.00,,,,,1,,"New York, NY",,,,,,,,,,,,,,Daily Deals - 1Handling Day,14 Day Returns Accepted,eBay Managed Payments (246832199020),,,,,,,,,,,,,,,,,,,,,,,,,,,
Add,w-8731,31387,,Rolex Oyster Perpetual 14233 Unisex Pre-Owned Watch No Box/Papers,,,,,3000,Rolex,Unisex Adults,Wristwatch,14233,,,Oyster Perpetual,,,,,,,,,,,,No,No,,,,,,,,,,No,,,,,,,,,,,,,,,,,,https://cdn.shopify.com/s/files/1/1727/2565/files/8731.jpg?v=1786082531,,,"Rolex Oyster Perpetual 14233. Watch only, no box or papers.",FixedPrice,GTC,7080.00,,,,,1,,"New York, NY",,,,,,,,,,,,,,Daily Deals - 1Handling Day,14 Day Returns Accepted,eBay Managed Payments (246832199020),,,,,,,,,,,,,,,,,,,,,,,,,,,
Add,w-8732,31387,,Rolex Oyster Perpetual 15203 Unisex Pre-Owned Watch No Box/Papers,,,,,3000,Rolex,Unisex Adults,Wristwatch,15203,,,Oyster Perpetual,,,,,,,,,,,,No,No,,,,,,,,,,No,,,,,,,,,,,,,,,,,,https://cdn.shopify.com/s/files/1/1727/2565/files/8732_f752257c-2de4-42a2-88ed-e1f26e13c953.jpg?v=1786082531,,,"Pre-Owned Rolex Oyster Perpetual 15203. Offered on its own, without box or papers.",FixedPrice,GTC,7218.00,,,,,1,,"New York, NY",,,,,,,,,,,,,,Daily Deals - 1Handling Day,14 Day Returns Accepted,eBay Managed Payments (246832199020),,,,,,,,,,,,,,,,,,,,,,,,,,,
Add,w-8750,31387,,Rolex Precision 6105 Mens Mint Watch No Box/Papers,,,,,3000,Rolex,Men,Wristwatch,6105,,,Precision,,,,,,,,,,,,No,No,,,,,,,,,,Yes,,,,,,,,,,,,,,,,,,https://cdn.shopify.com/s/files/1/1727/2565/files/8750_0db70283-f0aa-4e6e-818a-f3e3467d83ec.jpg?v=1786082535,,,"Pre-Owned Rolex Precision 6105. Offered on its own, without box or papers. Mint condition.",FixedPrice,GTC,6596.00,,,,,1,,"New York, NY",,,,,,,,,,,,,,Daily Deals - 1Handling Day,14 Day Returns Accepted,eBay Managed Payments (246832199020),,,,,,,,,,,,,,,,,,,,,,,,,,,
Add,w-8758,31387,,Rolex Datejust 1601 Unisex Retail Ready Watch No Box/Papers,,,,,3000,Rolex,Unisex Adults,Wristwatch,1601,,,Datejust,,,,,,,,,,,,No,No,,,,,,,,,,Yes,,,,,,,,,,,,,,,,,,https://cdn.shopify.com/s/files/1/1727/2565/files/8758_b3f5a3f0-2790-4328-9cc6-7f184b8261d2.jpg?v=1786082536,,,Rolex Datejust 1601. Retail ready condition. Watch only.,FixedPrice,GTC,4364.00,,,,,1,,"New York, NY",,,,,,,,,,,,,,Daily Deals - 1Handling Day,14 Day Returns Accepted,eBay Managed Payments (246832199020),,,,,,,,,,,,,,,,,,,,,,,,,,,
Add,w-8821,31387,,Rolex Oyster Perpetual 2940 Unisex Mint Watch No Box/Papers,,,,,3000,Rolex,Unisex Adults,Wristwatch,2940,,,Oyster Perpetual,,,,,,,,,,,,No,No,,,,,,,,,,Yes,,,,,,,,,,,,,,,,,,https://cdn.shopify.com/s/files/1/1727/2565/files/8821_abf450c5-336b-440a-b8e9-69d23c962aad.jpg?v=1786082547,,,"Pre-Owned Rolex Oyster Perpetual 2940. Offered on its own, without box or papers. Mint condition.",FixedPrice,GTC,4651.00,,,,,1,,"New York, NY",,,,,,,,,,,,,,Daily Deals - 1Handling Day,14 Day Returns Accepted,eBay Managed Payments (246832199020),,,,,,,,,,,,,,,,,,,,,,,,,,,
Add,w-8822,31387,,Rolex Datejust 1601 Unisex Retail Ready Watch No Box/Papers,,,,,3000,Rolex,Unisex Adults,Wristwatch,1601,,,Datejust,,,,,,,,,,,,No,No,,,,,,,,,,Yes,,,,,,,,,,,,,,,,,,https://cdn.shopify.com/s/files/1/1727/2565/files/8822.jpg?v=1786082548,,,Rolex Datejust 1601. Retail ready condition. Watch only.,FixedPrice,GTC,4364.00,,,,,1,,"New York, NY",,,,,,,,,,,,,,Daily Deals - 1Handling Day,14 Day Returns Accepted,eBay Managed Payments (246832199020),,,,,,,,,,,,,,,,,,,,,,,,,,,
Add,w-8827,31387,,Rolex Oyster Perpetual 6718 Unisex Pre-Owned Watch No Box/Papers,,,,,3000,Rolex,Unisex Adults,Wristwatch,6718,,,Oyster Perpetual,,,,,,,,,,,,No,No,,,,,,,,,,Yes,,,,,,,,,,,,,,,,,,https://cdn.shopify.com/s/files/1/1727/2565/files/8827.jpg?v=1786082549,,,"Pre-Owned Rolex Oyster Perpetual 6718. Offered on its own, without box or papers.",FixedPrice,GTC,3444.00,,,,,1,,"New York, NY",,,,,,,,,,,,,,Daily Deals - 1Handling Day,14 Day Returns Accepted,eBay Managed Payments (246832199020),,,,,,,,,,,,,,,,,,,,,,,,,,,
Add,w-8839,31387,,Rolex Datejust 16014 Unisex Pre-Owned Watch No Box/Papers,,,,,3000,Rolex,Unisex Adults,Wristwatch,16014,,,Datejust,,,,,,,,,,,,No,No,,,,,,,,,,Yes,,,,,,,,,,,,,,,,,,https://cdn.shopify.com/s/files/1/1727/2565/files/8839_19f624f1-d718-48ae-9275-84dfc3a0cbc1.jpg?v=1786082551,,,"Pre-Owned Rolex Datejust 16014. Offered on its own, without box or papers.",FixedPrice,GTC,5140.00,,,,,1,,"New York, NY",,,,,,,,,,,,,,Daily Deals - 1Handling Day,14 Day Returns Accepted,eBay Managed Payments (246832199020),,,,,,,,,,,,,,,,,,,,,,,,,,,
Add,w-8841,31387,,Rolex Datejust 16234 Unisex Retail Ready Watch No Box/Papers,,,,,3000,Rolex,Unisex Adults,Wristwatch,16234,,,Datejust,,,,,,,,,,,,No,No,,,,,,,,,,No,,,,,,,,,,,,,,,,,,https://cdn.shopify.com/s/files/1/1727/2565/files/8841_36e3cef5-42e2-4f1d-a2ae-272833f13ee3.jpg?v=1786082552,,,Rolex Datejust 16234. Retail ready condition. Watch only.,FixedPrice,GTC,6385.00,,,,,1,,"New York, NY",,,,,,,,,,,,,,Daily Deals - 1Handling Day,14 Day Returns Accepted,eBay Managed Payments (246832199020),,,,,,,,,,,,,,,,,,,,,,,,,,,
Add,w-8863,31387,,Rolex Oyster Perpetual 1005 Unisex Pre-Owned Watch No Box/Papers,,,,,3000,Rolex,Unisex Adults,Wristwatch,1005,,,Oyster Perpetual,,,,,,,,,,,,No,No,,,,,,,,,,Yes,,,,,,,,,,,,,,,,,,https://cdn.shopify.com/s/files/1/1727/2565/files/8863.jpg?v=1786082557,,,"Pre-Owned Rolex Oyster Perpetual 1005. Offered on its own, without box or papers.",FixedPrice,GTC,5238.00,,,,,1,,"New York, NY",,,,,,,,,,,,,,Daily Deals - 1Handling Day,14 Day Returns Accepted,eBay Managed Payments (246832199020),,,,,,,,,,,,,,,,,,,,,,,,,,,
Add,w-8877,31387,,Rolex Datejust 1601 Unisex Mint Watch No Box/Papers,,,,,3000,Rolex,Unisex Adults,Wristwatch,1601,,,Datejust,,,,,,,,,,,,No,No,,,,,,,,,,Yes,,,,,,,,,,,,,,,,,,https://cdn.shopify.com/s/files/1/1727/2565/files/8877.jpg?v=1786082563,,,"Pre-Owned Rolex Datejust 1601. Offered on its own, without box or papers. Mint condition.",FixedPrice,GTC,4364.00,,,,,1,,"New York, NY",,,,,,,,,,,,,,Daily Deals - 1Handling Day,14 Day Returns Accepted,eBay Managed Payments (246832199020),,,,,,,,,,,,,,,,,,,,,,,,,,,
Add,w-8878,31387,,Rolex Datejust 1601 Unisex Mint Watch No Box/Papers,,,,,3000,Rolex,Unisex Adults,Wristwatch,1601,,,Datejust,,,,,,,,,,,,No,No,,,,,,,,,,Yes,,,,,,,,,,,,,,,,,,https://cdn.shopify.com/s/files/1/1727/2565/files/8878.jpg?v=1786082564,,,"Pre-Owned Rolex Datejust 1601. Offered on its own, without box or papers. Mint condition.",FixedPrice,GTC,4364.00,,,,,1,,"New York, NY",,,,,,,,,,,,,,Daily Deals - 1Handling Day,14 Day Returns Accepted,eBay Managed Payments (246832199020),,,,,,,,,,,,,,,,,,,,,,,,,,,
Add,w-8880,31387,,Rolex Oyster Perpetual 67193 Unisex Pre-Owned Watch No Box/Papers,,,,,3000,Rolex,Unisex Adults,Wristwatch,67193,,,Oyster Perpetual,,,,,,,,,,,,No,No,,,,,,,,,,No,,,,,,,,,,,,,,,,,,https://cdn.shopify.com/s/files/1/1727/2565/files/8880_21b483b0-5981-4d16-8173-37c35f4cf4a0.jpg?v=1786082565,,,"Pre-Owned Rolex Oyster Perpetual 67193. Offered on its own, without box or papers.",FixedPrice,GTC,4996.00,,,,,1,,"New York, NY",,,,,,,,,,,,,,Daily Deals - 1Handling Day,14 Day Returns Accepted,eBay Managed Payments (246832199020),,,,,,,,,,,,,,,,,,,,,,,,,,,
Add,w-8920,31387,,Rolex Datejust 1601 Unisex Pre-Owned Watch No Box/Papers,,,,,3000,Rolex,Unisex Adults,Wristwatch,1601,,,Datejust,,,,,,,,,,,,No,No,,,,,,,,,,Yes,,,,,,,,,,,,,,,,,,https://cdn.shopify.com/s/files/1/1727/2565/files/8920_ff082e10-7325-41ff-848e-eddedc667f1a.jpg?v=1786082576,,,"Pre-Owned Rolex Datejust 1601. Offered on its own, without box or papers.",FixedPrice,GTC,4364.00,,,,,1,,"New York, NY",,,,,,,,,,,,,,Daily Deals - 1Handling Day,14 Day Returns Accepted,eBay Managed Payments (246832199020),,,,,,,,,,,,,,,,,,,,,,,,,,,
Add,w-8921,31387,,Rolex Datejust 1601 Unisex Pre-Owned Watch No Box/Papers,,,,,3000,Rolex,Unisex Adults,Wristwatch,1601,,,Datejust,,,,,,,,,,,,No,No,,,,,,,,,,Yes,,,,,,,,,,,,,,,,,,https://cdn.shopify.com/s/files/1/1727/2565/files/8921_1fc3080e-7bed-4bc2-9fbb-7627c7d5193d.jpg?v=1786082577,,,"Pre-Owned Rolex Datejust 1601. Offered on its own, without box or papers.",FixedPrice,GTC,4364.00,,,,,1,,"New York, NY",,,,,,,,,,,,,,Daily Deals - 1Handling Day,14 Day Returns Accepted,eBay Managed Payments (246832199020),,,,,,,,,,,,,,,,,,,,,,,,,,,
Add,w-8938,31387,,Rolex Datejust 1625 Unisex Mint Watch No Box/Papers,,,,,3000,Rolex,Unisex Adults,Wristwatch,1625,,,Datejust,,,,,,,,,,,,No,No,,,,,,,,,,Yes,,,,,,,,,,,,,,,,,,https://cdn.shopify.com/s/files/1/1727/2565/files/8938_adac5f25-0ba0-44ee-911d-62d0592aa60e.jpg?v=1786082581,,,"Pre-Owned Rolex Datejust 1625. Offered on its own, without box or papers. Mint condition.",FixedPrice,GTC,6302.00,,,,,1,,"New York, NY",,,,,,,,,,,,,,Daily Deals - 1Handling Day,14 Day Returns Accepted,eBay Managed Payments (246832199020),,,,,,,,,,,,,,,,,,,,,,,,,,,
Add,w-8956,31387,,Rolex Datejust 16014 Unisex Pre-Owned Watch No Box/Papers,,,,,3000,Rolex,Unisex Adults,Wristwatch,16014,,,Datejust,,,,,,,,,,,,No,No,,,,,,,,,,Yes,,,,,,,,,,,,,,,,,,https://cdn.shopify.com/s/files/1/1727/2565/files/8956.jpg?v=1786082588,,,"Pre-Owned Rolex Datejust 16014. Offered on its own, without box or papers.",FixedPrice,GTC,5140.00,,,,,1,,"New York, NY",,,,,,,,,,,,,,Daily Deals - 1Handling Day,14 Day Returns Accepted,eBay Managed Payments (246832199020),,,,,,,,,,,,,,,,,,,,,,,,,,,
Add,w-8964,31387,,Rolex Datejust 1601 Unisex Retail Ready Watch No Box/Papers,,,,,3000,Rolex,Unisex Adults,Wristwatch,1601,,,Datejust,,,,,,,,,,,,No,No,,,,,,,,,,Yes,,,,,,,,,,,,,,,,,,https://cdn.shopify.com/s/files/1/1727/2565/files/8964_7b963d5b-94be-4cc0-be01-39a9f61b0a99.jpg?v=1786082591,,,Rolex Datejust 1601. Retail ready condition. Watch only.,FixedPrice,GTC,4364.00,,,,,1,,"New York, NY",,,,,,,,,,,,,,Daily Deals - 1Handling Day,14 Day Returns Accepted,eBay Managed Payments (246832199020),,,,,,,,,,,,,,,,,,,,,,,,,,,
Add,w-8994,31387,,Rolex Datejust 126300 Unisex Pre-Owned Watch No Box/Papers,,,,,3000,Rolex,Unisex Adults,Wristwatch,126300,,,Datejust,,,,,,,,,,,,No,No,,,,,,,,,,No,,,,,,,,,,,,,,,,,,https://cdn.shopify.com/s/files/1/1727/2565/files/8994_885d9431-34e1-4df6-8d80-2c942663eb2a.jpg?v=1786082596,,,"Rolex Datejust 126300. Watch only, no box or papers.",FixedPrice,GTC,10628.00,,,,,1,,"New York, NY",,,,,,,,,,,,,,Daily Deals - 1Handling Day,14 Day Returns Accepted,eBay Managed Payments (246832199020),,,,,,,,,,,,,,,,,,,,,,,,,,,
Add,w-9004,31387,,Rolex Daytona 116505 Mens Mint Watch w/ Papers,,,,,3000,Rolex,Men,Wristwatch,116505,,,Daytona,,,,,,,,,,,,No,Yes,,,,,,,,,,No,,,,,,,,,,,,,,,,,,https://cdn.shopify.com/s/files/1/1727/2565/files/9004_0b322a5c-96b4-4956-8663-5e9e6eff3c68.jpg?v=1786082597,,,"Pre-Owned Rolex Daytona 116505 from November 2010. Offered with papers, but without the original box. Mint condition.",FixedPrice,GTC,46809.00,,,,,1,,"New York, NY",,,,,,,,,,,,,,Daily Deals - 1Handling Day,14 Day Returns Accepted,eBay Managed Payments (246832199020),,,,,,,,,,,,,,,,,,,,,,,,,,,
Add,w-9077,31387,,Rolex Yacht-Master II 116681 Mens Mint Watch No Box/Papers,,,,,3000,Rolex,Men,Wristwatch,116681,,,Yacht-Master II,,,,,,,,,,,,No,No,,,,,,,,,,No,,,,,,,,,,,,,,,,,,https://cdn.shopify.com/s/files/1/1727/2565/files/9077.jpg?v=1786082600,,,"Pre-Owned Rolex Yacht-Master II 116681. Offered on its own, without box or papers. Mint condition.",FixedPrice,GTC,21796.00,,,,,1,,"New York, NY",,,,,,,,,,,,,,Daily Deals - 1Handling Day,14 Day Returns Accepted,eBay Managed Payments (246832199020),,,,,,,,,,,,,,,,,,,,,,,,,,,
Add,w-9102,31387,,Rolex Datejust 6605 Unisex Mint Watch No Box/Papers,,,,,3000,Rolex,Unisex Adults,Wristwatch,6605,,,Datejust,,,,,,,,,,,,No,No,,,,,,,,,,Yes,,,,,,,,,,,,,,,,,,https://cdn.shopify.com/s/files/1/1727/2565/files/9102_e0c91845-e19c-47d9-bd8d-79a16985e566.jpg?v=1786082609,,,"Pre-Owned Rolex Datejust 6605. Offered on its own, without box or papers. Mint condition.",FixedPrice,GTC,6349.00,,,,,1,,"New York, NY",,,,,,,,,,,,,,Daily Deals - 1Handling Day,14 Day Returns Accepted,eBay Managed Payments (246832199020),,,,,,,,,,,,,,,,,,,,,,,,,,,
Add,w-9104,31387,,Rolex Datejust 6305 Unisex Mint Watch No Box/Papers,,,,,3000,Rolex,Unisex Adults,Wristwatch,6305,,,Datejust,,,,,,,,,,,,No,No,,,,,,,,,,Yes,,,,,,,,,,,,,,,,,,https://cdn.shopify.com/s/files/1/1727/2565/files/9104.jpg?v=1786082612,,,"Pre-Owned Rolex Datejust 6305. Offered on its own, without box or papers. Mint condition.",FixedPrice,GTC,6746.00,,,,,1,,"New York, NY",,,,,,,,,,,,,,Daily Deals - 1Handling Day,14 Day Returns Accepted,eBay Managed Payments (246832199020),,,,,,,,,,,,,,,,,,,,,,,,,,,
Add,w-9186,31387,,Rolex Lady Date Just 6917 Womens Mint Watch No Box/Papers,,,,,3000,Rolex,Women,Wristwatch,6917,,,Lady Date Just,,,,,,,,,,,,No,No,,,,,,,,,,Yes,,,,,,,,,,,,,,,,,,https://cdn.shopify.com/s/files/1/1727/2565/files/9186.jpg?v=1786082613,,,"Pre-Owned Rolex Lady Date Just 6917. Offered on its own, without box or papers. Mint condition.",FixedPrice,GTC,4367.00,,,,,1,,"New York, NY",,,,,,,,,,,,,,Daily Deals - 1Handling Day,14 Day Returns Accepted,eBay Managed Payments (246832199020),,,,,,,,,,,,,,,,,,,,,,,,,,,
Add,w-9190,31387,,Rolex Oyster Perpetual Date 1500 Unisex Pre-Owned Watch No Box/Papers,,,,,3000,Rolex,Unisex Adults,Wristwatch,1500,,,Oyster Perpetual Date,,,,,,,,,,,,No,No,,,,,,,,,,Yes,,,,,,,,,,,,,,,,,,https://cdn.shopify.com/s/files/1/1727/2565/files/9190.jpg?v=1786082617,,,"Pre-Owned Rolex Oyster Perpetual Date 1500. Offered on its own, without box or papers.",FixedPrice,GTC,3579.00,,,,,1,,"New York, NY",,,,,,,,,,,,,,Daily Deals - 1Handling Day,14 Day Returns Accepted,eBay Managed Payments (246832199020),,,,,,,,,,,,,,,,,,,,,,,,,,,
Add,w-9192,31387,,Rolex Oyster Perpetual Date 1500 Unisex Pre-Owned Watch No Box/Papers,,,,,3000,Rolex,Unisex Adults,Wristwatch,1500,,,Oyster Perpetual Date,,,,,,,,,,,,No,No,,,,,,,,,,Yes,,,,,,,,,,,,,,,,,,https://cdn.shopify.com/s/files/1/1727/2565/files/9192_a90bdc53-4e85-48a0-a3d6-642ff17f1758.jpg?v=1786082619,,,"Pre-Owned Rolex Oyster Perpetual Date 1500. Offered on its own, without box or papers.",FixedPrice,GTC,3579.00,,,,,1,,"New York, NY",,,,,,,,,,,,,,Daily Deals - 1Handling Day,14 Day Returns Accepted,eBay Managed Payments (246832199020),,,,,,,,,,,,,,,,,,,,,,,,,,,
Add,w-9201,31387,,Rolex Daytona 116515LN Womens Pre-Owned Watch w/ Papers,,,,,3000,Rolex,Women,Wristwatch,116515LN,,,Daytona,,,,,,,,,,,,No,Yes,,,,,,,,,,No,,,,,,,,,,,,,,,,,,https://cdn.shopify.com/s/files/1/1727/2565/files/9201.jpg?v=1786082626,,,"Pre-Owned Rolex Daytona 116515LN from September 2016. Offered with papers, but without the original box.",FixedPrice,GTC,39091.00,,,,,1,,"New York, NY",,,,,,,,,,,,,,Daily Deals - 1Handling Day,14 Day Returns Accepted,eBay Managed Payments (246832199020),,,,,,,,,,,,,,,,,,,,,,,,,,,
Add,w-9209,31387,,Rolex Oyster Perpetual 6718 Unisex Mint Watch No Box/Papers,,,,,3000,Rolex,Unisex Adults,Wristwatch,6718,,,Oyster Perpetual,,,,,,,,,,,,No,No,,,,,,,,,,Yes,,,,,,,,,,,,,,,,,,https://cdn.shopify.com/s/files/1/1727/2565/files/9209_d87f5a94-55cc-475e-95d1-65c7179d17c1.jpg?v=1786082628,,,"Pre-Owned Rolex Oyster Perpetual 6718. Offered on its own, without box or papers. Mint condition.",FixedPrice,GTC,3444.00,,,,,1,,"New York, NY",,,,,,,,,,,,,,Daily Deals - 1Handling Day,14 Day Returns Accepted,eBay Managed Payments (246832199020),,,,,,,,,,,,,,,,,,,,,,,,,,,
Add,w-9213,31387,,Rolex GMT-Master II 16710 Mens Pre-Owned Watch No Box/Papers,,,,,3000,Rolex,Men,Wristwatch,16710,,,GMT-Master II,,,,,,,,,,,,No,No,,,,,,,,,,No,,,,,,,,,,,,,,,,,,https://cdn.shopify.com/s/files/1/1727/2565/files/9213_434a5258-399d-48d6-aa3a-c85a0d47ba76.jpg?v=1786082630,,,"Pre-Owned Rolex GMT-Master II 16710 from June 2012. Offered on its own, without box or papers.",FixedPrice,GTC,13095.00,,,,,1,,"New York, NY",,,,,,,,,,,,,,Daily Deals - 1Handling Day,14 Day Returns Accepted,eBay Managed Payments (246832199020),,,,,,,,,,,,,,,,,,,,,,,,,,,
Add,w-9220,31387,,Rolex GMT-Master II 126710BLNR Mens Mint Watch No Box/Papers,,,,,3000,Rolex,Men,Wristwatch,126710BLNR,,,GMT-Master II,,,,,,,,,,,,No,No,,,,,,,,,,No,,,,,,,,,,,,,,,,,,https://cdn.shopify.com/s/files/1/1727/2565/files/9220_14e5d75c-7e40-4f8b-a54b-fa879784d27b.jpg?v=1786082631,,,"Pre-Owned Rolex GMT-Master II 126710BLNR. Offered on its own, without box or papers. Mint condition.",FixedPrice,GTC,18404.00,,,,,1,,"New York, NY",,,,,,,,,,,,,,Daily Deals - 1Handling Day,14 Day Returns Accepted,eBay Managed Payments (246832199020),,,,,,,,,,,,,,,,,,,,,,,,,,,
Add,w-9424,31387,,Rolex Datejust 178344 Unisex Pre-Owned Watch w/ Papers,,,,,3000,Rolex,Unisex Adults,Wristwatch,178344,,,Datejust,,,,,,,,,,,,No,Yes,,,,,,,,,,No,,,,,,,,,,,,,,,,,,https://cdn.shopify.com/s/files/1/1727/2565/files/9424_c6e149d1-64b8-4bbf-b068-7ce5108f1b74.jpg?v=1786082646,,,"Pre-Owned Rolex Datejust 178344 from 2016. Offered with papers, but without the original box.",FixedPrice,GTC,14184.00,,,,,1,,"New York, NY",,,,,,,,,,,,,,Daily Deals - 1Handling Day,14 Day Returns Accepted,eBay Managed Payments (246832199020),,,,,,,,,,,,,,,,,,,,,,,,,,,
Add,w-9469,31387,,Rolex Datejust 126333 Mens Mint Watch No Box/Papers,,,,,3000,Rolex,Men,Wristwatch,126333,,,Datejust,,,,,,,,,,,,No,No,,,,,,,,,,No,,,,,,,,,,,,,,,,,,https://cdn.shopify.com/s/files/1/1727/2565/files/9469_40e2dbf6-04ee-4e25-9fc7-8f00c10e773d.jpg?v=1786082650,,,"Pre-Owned Rolex Datejust 126333. Offered on its own, without box or papers. Mint condition.",FixedPrice,GTC,15447.00,,,,,1,,"New York, NY",,,,,,,,,,,,,,Daily Deals - 1Handling Day,14 Day Returns Accepted,eBay Managed Payments (246832199020),,,,,,,,,,,,,,,,,,,,,,,,,,,
Add,w-9573,31387,,Rolex Lady Date Just 6516 Womens Pre-Owned Watch No Box/Papers,,,,,3000,Rolex,Women,Wristwatch,6516,,,Lady Date Just,,,,,,,,,,,,No,No,,,,,,,,,,Yes,,,,,,,,,,,,,,,,,,https://cdn.shopify.com/s/files/1/1727/2565/files/9573_66a7076d-d463-4e00-9ffc-937a8db7de98.jpg?v=1786082659,,,"Pre-Owned Rolex Lady Date Just 6516. Offered on its own, without box or papers.",FixedPrice,GTC,3131.00,,,,,1,,"New York, NY",,,,,,,,,,,,,,Daily Deals - 1Handling Day,14 Day Returns Accepted,eBay Managed Payments (246832199020),,,,,,,,,,,,,,,,,,,,,,,,,,,
Add,w-9587,31387,,Rolex Oyster Perpetual 6619 Unisex Pre-Owned Watch No Box/Papers,,,,,3000,Rolex,Unisex Adults,Wristwatch,6619,,,Oyster Perpetual,,,,,,,,,,,,No,No,,,,,,,,,,Yes,,,,,,,,,,,,,,,,,,https://cdn.shopify.com/s/files/1/1727/2565/files/9587_f81dfcd7-4fd2-46e2-a51d-8671309bd98c.jpg?v=1786082665,,,"Pre-Owned Rolex Oyster Perpetual 6619. Offered on its own, without box or papers.",FixedPrice,GTC,3395.00,,,,,1,,"New York, NY",,,,,,,,,,,,,,Daily Deals - 1Handling Day,14 Day Returns Accepted,eBay Managed Payments (246832199020),,,,,,,,,,,,,,,,,,,,,,,,,,,
Add,w-9696,31387,,Rolex Sky-Dweller 326935 Mens Pre-Owned Watch w/ Papers,,,,,3000,Rolex,Men,Wristwatch,326935,,,Sky-Dweller,,,,,,,,,,,,No,Yes,,,,,,,,,,No,,,,,,,,,,,,,,,,,,https://cdn.shopify.com/s/files/1/1727/2565/files/9696.jpg?v=1786082674,,,"Pre-Owned Rolex Sky-Dweller 326935 from December 2019. Offered with papers, but without the original box.",FixedPrice,GTC,45782.00,,,,,1,,"New York, NY",,,,,,,,,,,,,,Daily Deals - 1Handling Day,14 Day Returns Accepted,eBay Managed Payments (246832199020),,,,,,,,,,,,,,,,,,,,,,,,,,,
Add,w-9699,31387,,Rolex Oyster Perpetual Date 6917 Unisex Mint Watch No Box/Papers,,,,,3000,Rolex,Unisex Adults,Wristwatch,6917,,,Oyster Perpetual Date,,,,,,,,,,,,No,No,,,,,,,,,,Yes,,,,,,,,,,,,,,,,,,https://cdn.shopify.com/s/files/1/1727/2565/files/9699_827677e0-9836-4912-8ce0-9cac7123b707.jpg?v=1786082675,,,"Pre-Owned Rolex Oyster Perpetual Date 6917. Offered on its own, without box or papers. Mint condition.",FixedPrice,GTC,4367.00,,,,,1,,"New York, NY",,,,,,,,,,,,,,Daily Deals - 1Handling Day,14 Day Returns Accepted,eBay Managed Payments (246832199020),,,,,,,,,,,,,,,,,,,,,,,,,,,
Add,w-9701,31387,,Rolex Oyster Perpetual Date 6917 Unisex Pre-Owned Watch No Box/Papers,,,,,3000,Rolex,Unisex Adults,Wristwatch,6917,,,Oyster Perpetual Date,,,,,,,,,,,,No,No,,,,,,,,,,Yes,,,,,,,,,,,,,,,,,,https://cdn.shopify.com/s/files/1/1727/2565/files/9701_fd3d1427-fd35-47dc-ace6-b19361361d76.jpg?v=1786082676,,,"Pre-Owned Rolex Oyster Perpetual Date 6917. Offered on its own, without box or papers.",FixedPrice,GTC,4367.00,,,,,1,,"New York, NY",,,,,,,,,,,,,,Daily Deals - 1Handling Day,14 Day Returns Accepted,eBay Managed Payments (246832199020),,,,,,,,,,,,,,,,,,,,,,,,,,,
Add,w-9705,31387,,Rolex Oyster Perpetual 6916 Unisex Mint Watch No Box/Papers,,,,,3000,Rolex,Unisex Adults,Wristwatch,6916,,,Oyster Perpetual,,,,,,,,,,,,No,No,,,,,,,,,,Yes,,,,,,,,,,,,,,,,,,https://cdn.shopify.com/s/files/1/1727/2565/files/9705_45b1c91e-da50-4182-b774-643b2b291097.jpg?v=1786082677,,,"Pre-Owned Rolex Oyster Perpetual 6916. Offered on its own, without box or papers. Mint condition.",FixedPrice,GTC,3638.00,,,,,1,,"New York, NY",,,,,,,,,,,,,,Daily Deals - 1Handling Day,14 Day Returns Accepted,eBay Managed Payments (246832199020),,,,,,,,,,,,,,,,,,,,,,,,,,,
Add,w-9767,31387,,Rolex Day-Date 118235 Mens Pre-Owned Watch w/ Papers,,,,,3000,Rolex,Men,Wristwatch,118235,,,Day-Date,,,,,,,,,,,,No,Yes,,,,,,,,,,No,,,,,,,,,,,,,,,,,,https://cdn.shopify.com/s/files/1/1727/2565/files/9767_0bef905d-a76b-47e7-9350-377256bbffc9.jpg?v=1786082678,,,"Pre-Owned Rolex Day-Date 118235 from October 2004. Offered with papers, but without the original box.",FixedPrice,GTC,34622.00,,,,,1,,"New York, NY",,,,,,,,,,,,,,Daily Deals - 1Handling Day,14 Day Returns Accepted,eBay Managed Payments (246832199020),,,,,,,,,,,,,,,,,,,,,,,,,,,
Add,w-9855,31387,,Rolex Day-Date 228235 Mens Mint Watch w/ Papers,,,,,3000,Rolex,Men,Wristwatch,228235,,,Day-Date,,,,,,,,,,,,No,Yes,,,,,,,,,,No,,,,,,,,,,,,,,,,,,https://cdn.shopify.com/s/files/1/1727/2565/files/9855_a6881bc4-98c4-4e94-8e96-5cf9618b827b.jpg?v=1786082684,,,"Pre-Owned Rolex Day-Date 228235 from May 2016. Offered with papers, but without the original box. Mint condition.",FixedPrice,GTC,54345.00,,,,,1,,"New York, NY",,,,,,,,,,,,,,Daily Deals - 1Handling Day,14 Day Returns Accepted,eBay Managed Payments (246832199020),,,,,,,,,,,,,,,,,,,,,,,,,,,
Add,w-9989,31387,,Rolex Day-Date 228238 Mens Pre-Owned Watch w/ Papers,,,,,3000,Rolex,Men,Wristwatch,228238,,,Day-Date,,,,,,,,,,,,No,Yes,,,,,,,,,,No,,,,,,,,,,,,,,,,,,https://cdn.shopify.com/s/files/1/1727/2565/files/9989_2674574f-b30d-4823-a6ec-ac20589a46ea.jpg?v=1786082696,,,"Rolex Day-Date 228238, December 2021. Offered with papers, but without the original box.",FixedPrice,GTC,47045.00,,,,,1,,"New York, NY",,,,,,,,,,,,,,Daily Deals - 1Handling Day,14 Day Returns Accepted,eBay Managed Payments (246832199020),,,,,,,,,,,,,,,,,,,,,,,,,,,
Add,w-p5267,31387,,Audemars Piguet Royal Oak 56175SA Womens Pre-Owned Watch w/ Papers,,,,,3000,Audemars Piguet,Women,Wristwatch,56175SA,,,Royal Oak,,,,,,,,,,,,No,Yes,,,,,,,,,,No,,,,,,,,,,,,,,,,,,https://cdn.shopify.com/s/files/1/1727/2565/files/P5267.jpg?v=1785360760,,,"Audemars Piguet Royal Oak 56175SA. Offered with papers, but without the original box.",FixedPrice,GTC,19822.00,,,,,1,,"New York, NY",,,,,,,,,,,,,,Daily Deals - 1Handling Day,14 Day Returns Accepted,eBay Managed Payments (246832199020),,,,,,,,,,,,,,,,,,,,,,,,,,,
Add,w-rw3036,31387,,Rolex Submariner Date 126613LB Mens Pre-Owned Watch w/ Papers,,,,,3000,Rolex,Men,Wristwatch,126613LB,,,Submariner Date,,,,,,,,,,,,No,Yes,,,,,,,,,,No,,,,,,,,,,,,,,,,,,https://cdn.shopify.com/s/files/1/1727/2565/files/RW3036.jpg?v=1786082714,,,"Pre-Owned Rolex Submariner Date 126613LB from January 2021. Offered with papers, but without the original box.",FixedPrice,GTC,18427.00,,,,,1,,"New York, NY",,,,,,,,,,,,,,Daily Deals - 1Handling Day,14 Day Returns Accepted,eBay Managed Payments (246832199020),,,,,,,,,,,,,,,,,,,,,,,,,,,
Add,w-rw3039,31387,,Rolex Sky-Dweller 326933 Mens Pre-Owned Watch w/ Papers,,,,,3000,Rolex,Men,Wristwatch,326933,,,Sky-Dweller,,,,,,,,,,,,No,Yes,,,,,,,,,,No,,,,,,,,,,,,,,,,,,https://cdn.shopify.com/s/files/1/1727/2565/files/RW3039_af78e3cd-2ede-413b-bda5-19910805ec9d.jpg?v=1786082716,,,"Pre-Owned Rolex Sky-Dweller 326933 from May 2020. Offered with papers, but without the original box.",FixedPrice,GTC,18527.00,,,,,1,,"New York, NY",,,,,,,,,,,,,,Daily Deals - 1Handling Day,14 Day Returns Accepted,eBay Managed Payments (246832199020),,,,,,,,,,,,,,,,,,,,,,,,,,,
Add,w-rw3041,31387,,Rolex Datejust 126331 Mens Pre-Owned Watch w/ Papers,,,,,3000,Rolex,Men,Wristwatch,126331,,,Datejust,,,,,,,,,,,,No,Yes,,,,,,,,,,No,,,,,,,,,,,,,,,,,,https://cdn.shopify.com/s/files/1/1727/2565/files/RW3041_98dc1468-56a3-4544-9ff5-009d016df604.jpg?v=1786082717,,,"Pre-Owned Rolex Datejust 126331 from January 2018. Offered with papers, but without the original box.",FixedPrice,GTC,16005.00,,,,,1,,"New York, NY",,,,,,,,,,,,,,Daily Deals - 1Handling Day,14 Day Returns Accepted,eBay Managed Payments (246832199020),,,,,,,,,,,,,,,,,,,,,,,,,,,
Add,w-rw3067,31387,,Rolex GMT-Master II 126710BLRO Mens Pre-Owned Watch w/ Papers,,,,,3000,Rolex,Men,Wristwatch,126710BLRO,,,GMT-Master II,,,,,,,,,,,,No,Yes,,,,,,,,,,No,,,,,,,,,,,,,,,,,,https://cdn.shopify.com/s/files/1/1727/2565/files/RW3067_e3bd6562-7c1f-437d-9dd2-0748a6833eae.jpg?v=1786082731,,,"Pre-Owned Rolex GMT-Master II 126710BLRO from June 2021. Offered with papers, but without the original box.",FixedPrice,GTC,24735.00,,,,,1,,"New York, NY",,,,,,,,,,,,,,Daily Deals - 1Handling Day,14 Day Returns Accepted,eBay Managed Payments (246832199020),,,,,,,,,,,,,,,,,,,,,,,,,,,
Add,w-t3487,31387,,Rolex Sky-Dweller 336934 Mens Pre-Owned Watch w/ Papers,,,,,3000,Rolex,Men,Wristwatch,336934,,,Sky-Dweller,,,,,,,,,,,,No,Yes,,,,,,,,,,No,,,,,,,,,,,,,,,,,,https://cdn.shopify.com/s/files/1/1727/2565/files/T3487_9f62aacf-945b-489e-b778-239b118c9e03.jpg?v=1786082738,,,"Rolex Sky-Dweller 336934, April 2025. Offered with papers, but without the original box.",FixedPrice,GTC,24201.00,,,,,1,,"New York, NY",,,,,,,,,,,,,,Daily Deals - 1Handling Day,14 Day Returns Accepted,eBay Managed Payments (246832199020),,,,,,,,,,,,,,,,,,,,,,,,,,,
Add,w-t3513,31387,,Rolex Submariner No Date 124060 Mens Retail Ready Watch w/ Papers,,,,,3000,Rolex,Men,Wristwatch,124060,,,Submariner No Date,,,,,,,,,,,,No,Yes,,,,,,,,,,No,,,,,,,,,,,,,,,,,,https://cdn.shopify.com/s/files/1/1727/2565/files/T3513_a7dbaa75-7263-4036-990d-826ad9f0a99c.jpg?v=1786082742,,,"Rolex Submariner No Date 124060, September 2021. Retail ready condition. Offered with papers, but without the original box.",FixedPrice,GTC,13431.00,,,,,1,,"New York, NY",,,,,,,,,,,,,,Daily Deals - 1Handling Day,14 Day Returns Accepted,eBay Managed Payments (246832199020),,,,,,,,,,,,,,,,,,,,,,,,,,,
Add,w-t3514,31387,,Rolex Lady Date Just 69178 Womens Pre-Owned Watch No Box/Papers,,,,,3000,Rolex,Women,Wristwatch,69178,,,Lady Date Just,,,,,,,,,,,,No,No,,,,,,,,,,No,,,,,,,,,,,,,,,,,,https://cdn.shopify.com/s/files/1/1727/2565/files/T3514.jpg?v=1786082744,,,"Pre-Owned Rolex Lady Date Just 69178. Offered on its own, without box or papers.",FixedPrice,GTC,11640.00,,,,,1,,"New York, NY",,,,,,,,,,,,,,Daily Deals - 1Handling Day,14 Day Returns Accepted,eBay Managed Payments (246832199020),,,,,,,,,,,,,,,,,,,,,,,,,,,
Add,w-t3559,31387,,Rolex Submariner No Date 124060 Mens Retail Ready Watch w/ Papers,,,,,3000,Rolex,Men,Wristwatch,124060,,,Submariner No Date,,,,,,,,,,,,No,Yes,,,,,,,,,,No,,,,,,,,,,,,,,,,,,https://cdn.shopify.com/s/files/1/1727/2565/files/T3559_9d19f5aa-0212-467f-aec4-0518b368e8cf.jpg?v=1786082745,,,"Rolex Submariner No Date 124060, January 2022. Retail ready condition. Offered with papers, but without the original box.",FixedPrice,GTC,13431.00,,,,,1,,"New York, NY",,,,,,,,,,,,,,Daily Deals - 1Handling Day,14 Day Returns Accepted,eBay Managed Payments (246832199020),,,,,,,,,,,,,,,,,,,,,,,,,,,
Add,w-t3608,31387,,Rolex Submariner Date 126613LB Mens Retail Ready Watch w/ Papers,,,,,3000,Rolex,Men,Wristwatch,126613LB,,,Submariner Date,,,,,,,,,,,,No,Yes,,,,,,,,,,No,,,,,,,,,,,,,,,,,,https://cdn.shopify.com/s/files/1/1727/2565/files/T3608_3486a515-0c58-4a7a-9218-9c0cdf92c8a1.jpg?v=1786082755,,,"Rolex Submariner Date 126613LB, June 2021. Retail ready condition. Offered with papers, but without the original box.",FixedPrice,GTC,18427.00,,,,,1,,"New York, NY",,,,,,,,,,,,,,Daily Deals - 1Handling Day,14 Day Returns Accepted,eBay Managed Payments (246832199020),,,,,,,,,,,,,,,,,,,,,,,,,,,
Add,w-t3639,31387,,Rolex Sky-Dweller 336934 Mens Pre-Owned Watch w/ Papers,,,,,3000,Rolex,Men,Wristwatch,336934,,,Sky-Dweller,,,,,,,,,,,,No,Yes,,,,,,,,,,No,,,,,,,,,,,,,,,,,,https://cdn.shopify.com/s/files/1/1727/2565/files/T3639_86d3e545-0570-4f90-9c46-daff517fbe42.jpg?v=1786082762,,,"Pre-Owned Rolex Sky-Dweller 336934 from November 2025. Offered with papers, but without the original box.",FixedPrice,GTC,24201.00,,,,,1,,"New York, NY",,,,,,,,,,,,,,Daily Deals - 1Handling Day,14 Day Returns Accepted,eBay Managed Payments (246832199020),,,,,,,,,,,,,,,,,,,,,,,,,,,
Add,w-t3652,31387,,Rolex GMT-Master II 116713LN Mens Pre-Owned Watch w/ Papers,,,,,3000,Rolex,Men,Wristwatch,116713LN,,,GMT-Master II,,,,,,,,,,,,No,Yes,,,,,,,,,,No,,,,,,,,,,,,,,,,,,https://cdn.shopify.com/s/files/1/1727/2565/files/T3652.jpg?v=1786082765,,,"Pre-Owned Rolex GMT-Master II 116713LN from 2011. Offered with papers, but without the original box.",FixedPrice,GTC,14114.00,,,,,1,,"New York, NY",,,,,,,,,,,,,,Daily Deals - 1Handling Day,14 Day Returns Accepted,eBay Managed Payments (246832199020),,,,,,,,,,,,,,,,,,,,,,,,,,,
Add,w-t3653,31387,,Rolex GMT-Master II 126710GRNR Mens Unworn Watch w/ Papers,,,,,1500,Rolex,Men,Wristwatch,126710GRNR,,,GMT-Master II,,,,,,,,,,,,No,Yes,,,,,,,,,,No,,,,,,,,,,,,,,,,,,https://cdn.shopify.com/s/files/1/1727/2565/files/T3653_5a5f57e9-5078-412a-a14b-8fe90630f6bc.jpg?v=1786082766,,,"Unworn Rolex GMT-Master II 126710GRNR from March 2026. Offered with papers, but without the original box.",FixedPrice,GTC,21456.00,,,,,1,,"New York, NY",,,,,,,,,,,,,,Daily Deals - 1Handling Day,14 Day Returns Accepted,eBay Managed Payments (246832199020),,,,,,,,,,,,,,,,,,,,,,,,,,,
Add,w-t3676,31387,,Rolex Sky-Dweller 336934 Mens Pre-Owned Watch w/ Papers,,,,,3000,Rolex,Men,Wristwatch,336934,,,Sky-Dweller,,,,,,,,,,,,No,Yes,,,,,,,,,,No,,,,,,,,,,,,,,,,,,https://cdn.shopify.com/s/files/1/1727/2565/files/T3676_8476666c-1d6f-43cf-95d2-2b70d21f4e9f.jpg?v=1786082777,,,"Pre-Owned Rolex Sky-Dweller 336934 from September 2025. Offered with papers, but without the original box.",FixedPrice,GTC,24201.00,,,,,1,,"New York, NY",,,,,,,,,,,,,,Daily Deals - 1Handling Day,14 Day Returns Accepted,eBay Managed Payments (246832199020),,,,,,,,,,,,,,,,,,,,,,,,,,,
Add,w-t3685,31387,,Rolex Submariner No Date 114060 Mens Pre-Owned Watch w/ Papers,,,,,3000,Rolex,Men,Wristwatch,114060,,,Submariner No Date,,,,,,,,,,,,No,Yes,,,,,,,,,,No,,,,,,,,,,,,,,,,,,https://cdn.shopify.com/s/files/1/1727/2565/files/T3685.jpg?v=1786082782,,,"Pre-Owned Rolex Submariner No Date 114060 from August 2014. Offered with papers, but without the original box.",FixedPrice,GTC,11632.00,,,,,1,,"New York, NY",,,,,,,,,,,,,,Daily Deals - 1Handling Day,14 Day Returns Accepted,eBay Managed Payments (246832199020),,,,,,,,,,,,,,,,,,,,,,,,,,,
Add,w-u1037,31387,,Rolex Submariner Date 116613LB Mens Pre-Owned Watch No Box/Papers,,,,,3000,Rolex,Men,Wristwatch,116613LB,,,Submariner Date,,,,,,,,,,,,No,No,,,,,,,,,,No,,,,,,,,,,,,,,,,,,https://cdn.shopify.com/s/files/1/1727/2565/files/U1037.jpg?v=1786082815,,,"Pre-Owned Rolex Submariner Date 116613LB. Offered on its own, without box or papers.",FixedPrice,GTC,15034.00,,,,,1,,"New York, NY",,,,,,,,,,,,,,Daily Deals - 1Handling Day,14 Day Returns Accepted,eBay Managed Payments (246832199020),,,,,,,,,,,,,,,,,,,,,,,,,,,
Add,w-u1071,31387,,Rolex Datejust 126334 Womens Pre-Owned Watch No Box/Papers,,,,,3000,Rolex,Women,Wristwatch,126334,,,Datejust,,,,,,,,,,,,No,No,,,,,,,,,,No,,,,,,,,,,,,,,,,,,https://cdn.shopify.com/s/files/1/1727/2565/files/U1071_546b2ae8-1107-47d4-85c6-6ee369a7f33f.jpg?v=1786082817,,,"Pre-Owned Rolex Datejust 126334. Offered on its own, without box or papers.",FixedPrice,GTC,14545.00,,,,,1,,"New York, NY",,,,,,,,,,,,,,Daily Deals - 1Handling Day,14 Day Returns Accepted,eBay Managed Payments (246832199020),,,,,,,,,,,,,,,,,,,,,,,,,,,
Add,w-u1122,31387,,Rolex Day-Date 128238 Mens Pre-Owned Watch Full Set Box & Papers,,,,,3000,Rolex,Men,Wristwatch,128238,,,Day-Date,,,,,,,,,,,,Yes,Yes,,,,,,,,,,No,,,,,,,,,,,,,,,,,,https://cdn.shopify.com/s/files/1/1727/2565/files/U1122.jpg?v=1786082821,,,Pre-Owned Rolex Day-Date 128238 from April 2022. Full set with box and papers.,FixedPrice,GTC,54315.00,,,,,1,,"New York, NY",,,,,,,,,,,,,,Daily Deals - 1Handling Day,14 Day Returns Accepted,eBay Managed Payments (246832199020),,,,,,,,,,,,,,,,,,,,,,,,,,,
Add,w-t3431,31387,,Rolex GMT-Master II 126710BLRO Mens Retail Ready Watch w/ Papers,,,,,3000,Rolex,Men,Wristwatch,126710BLRO,,,GMT-Master II,,,,,,,,,,,,No,Yes,,,,,,,,,,No,,,,,,,,,,,,,,,,,,https://cdn.shopify.com/s/files/1/1727/2565/files/T3431_9c8a6a3b-5eb9-4f78-bdb0-685b3fe2f85c.jpg?v=1786082737,,,"Rolex GMT-Master II 126710BLRO, February 2021. Retail ready condition. Offered with papers, but without the original box.",FixedPrice,GTC,24735.00,,,,,1,,"New York, NY",,,,,,,,,,,,,,Daily Deals - 1Handling Day,14 Day Returns Accepted,eBay Managed Payments (246832199020),,,,,,,,,,,,,,,,,,,,,,,,,,,
Add,w-3481,31387,,Rolex Datejust 126334 Womens Retail Ready Watch w/ Papers,,,,,3000,Rolex,Women,Wristwatch,126334,,,Datejust,,,,,,,,,,,,No,Yes,,,,,,,,,,No,,,,,,,,,,,,,,,,,,https://cdn.shopify.com/s/files/1/1727/2565/files/3481_0ec4bef1-e2df-4250-b2f9-d91d65cc6029.jpg?v=1786082333,,,"Rolex Datejust 126334, February 2022. Retail ready condition. Offered with papers, but without the original box.",FixedPrice,GTC,14545.00,,,,,1,,"New York, NY",,,,,,,,,,,,,,Daily Deals - 1Handling Day,14 Day Returns Accepted,eBay Managed Payments (246832199020),,,,,,,,,,,,,,,,,,,,,,,,,,,
