#INFO,Version=1.0.0,,Template=eBay-taxonomy-mapping-template_US,
#INFO,Set A,,Set B,
Custom Label (SKU),Item Photo URL,Title,Category,Aspects
w-10026,https://cdn.shopify.com/s/files/1/1727/2565/files/10026_84a401bd-ee25-4078-90a0-17da41422fdc.jpg,Rolex Oyster Perpetual Date 6827 Womens Pre-Owned Watch No Box/Papers,Wristwatches,Brand=Rolex|Department=Women|Type=Wristwatch|Model=Oyster Perpetual Date|Reference Number=6827|Condition=Pre-owned|With Original Box/Packaging=No|With Papers=No|Vintage=Yes
w-3119,https://cdn.shopify.com/s/files/1/1727/2565/files/3119_1c93a0d0-6f8b-4235-9136-75d87cc206a4.jpg,Rolex Oysterdate 6494 Mens Pre-Owned Watch No Box/Papers,Wristwatches,Brand=Rolex|Department=Men|Type=Wristwatch|Model=Oysterdate|Reference Number=6494|Condition=Pre-owned|With Original Box/Packaging=No|With Papers=No|Vintage=Yes
w-3131,https://cdn.shopify.com/s/files/1/1727/2565/files/3131_bda186fa-da70-4523-ab90-66cd8308e69a.jpg,Rolex Air-King 5700 Mens Pre-Owned Watch No Box/Papers,Wristwatches,Brand=Rolex|Department=Men|Type=Wristwatch|Model=Air-King|Reference Number=5700|Condition=Pre-owned|With Original Box/Packaging=No|With Papers=No|Vintage=Yes
w-3180,https://cdn.shopify.com/s/files/1/1727/2565/files/3180_2184db1d-c291-4530-892d-51c985fb070a.jpg,Rolex Day-Date 228348RBR Mens Pre-Owned Watch w/ Papers,Wristwatches,Brand=Rolex|Department=Men|Type=Wristwatch|Model=Day-Date|Reference Number=228348RBR|Condition=Pre-owned|With Original Box/Packaging=No|With Papers=Yes|Vintage=No
w-3194,https://cdn.shopify.com/s/files/1/1727/2565/files/3194_3a05b784-8661-4f6d-88e9-ca9f362cf028.jpg,Rolex Submariner Date 126610LN Mens Pre-Owned Watch No Box/Papers,Wristwatches,Brand=Rolex|Department=Men|Type=Wristwatch|Model=Submariner Date|Reference Number=126610LN|Condition=Pre-owned|With Original Box/Packaging=No|With Papers=No|Vintage=No
w-3200,https://cdn.shopify.com/s/files/1/1727/2565/files/3200.jpg,Rolex Lady Date Just 6919 Womens Pre-Owned Watch No Box/Papers,Wristwatches,Brand=Rolex|Department=Women|Type=Wristwatch|Model=Lady Date Just|Reference Number=6919|Condition=Pre-owned|With Original Box/Packaging=No|With Papers=No|Vintage=Yes
w-3201,https://cdn.shopify.com/s/files/1/1727/2565/files/3201_0a130aa9-6fb2-4491-944f-0f15c37b0bab.jpg,Rolex Oyster Perpetual Lady 6919 Womens Pre-Owned Watch No Box/Papers,Wristwatches,Brand=Rolex|Department=Women|Type=Wristwatch|Model=Oyster Perpetual Lady|Reference Number=6919|Condition=Pre-owned|With Original Box/Packaging=No|With Papers=No|Vintage=Yes
w-3221,https://cdn.shopify.com/s/files/1/1727/2565/files/3221_f8d16d31-5e5f-41df-923c-2cf715bd380e.jpg,Rolex Oyster Precision 6422 Mens Pre-Owned Watch No Box/Papers,Wristwatches,Brand=Rolex|Department=Men|Type=Wristwatch|Model=Oyster Precision|Reference Number=6422|Condition=Pre-owned|With Original Box/Packaging=No|With Papers=No|Vintage=Yes
w-3224,https://cdn.shopify.com/s/files/1/1727/2565/files/3224.jpg,Rolex Oyster Perpetual 6505 Unisex Pre-Owned Watch No Box/Papers,Wristwatches,Brand=Rolex|Department=Unisex Adults|Type=Wristwatch|Model=Oyster Perpetual|Reference Number=6505|Condition=Pre-owned|With Original Box/Packaging=No|With Papers=No|Vintage=Yes
w-3234,https://cdn.shopify.com/s/files/1/1727/2565/files/3234_b1dd095f-2551-4e77-a3ad-2e65857dcb93.jpg,Rolex Lady Date Just 6919 Womens Good Watch No Box/Papers,Wristwatches,Brand=Rolex|Department=Women|Type=Wristwatch|Model=Lady Date Just|Reference Number=6919|Condition=Pre-owned|With Original Box/Packaging=No|With Papers=No|Vintage=Yes
w-3286,https://cdn.shopify.com/s/files/1/1727/2565/files/3286_b0016df9-2b0e-4e05-bd4a-be466187b562.jpg,AP Royal Oak Selfwinding 15510ST Mens Mint Watch Full Set Box & Papers,Wristwatches,Brand=Audemars Piguet|Department=Men|Type=Wristwatch|Model=Royal Oak Selfwinding|Reference Number=15510ST|Condition=Pre-owned|With Original Box/Packaging=Yes|With Papers=Yes|Vintage=No
w-3314,https://cdn.shopify.com/s/files/1/1727/2565/files/3314_c6618245-406d-4f05-b24e-9ff223025f1a.jpg,Rolex Daytona 116505 Mens Mint Watch w/ Papers,Wristwatches,Brand=Rolex|Department=Men|Type=Wristwatch|Model=Daytona|Reference Number=116505|Condition=Pre-owned|With Original Box/Packaging=No|With Papers=Yes|Vintage=No
w-3354,https://cdn.shopify.com/s/files/1/1727/2565/files/3354_45c0af63-7263-4271-97f2-f67ad753e034.jpg,Rolex Lady Date Just 179171 Womens Pre-Owned Watch w/ Papers,Wristwatches,Brand=Rolex|Department=Women|Type=Wristwatch|Model=Lady Date Just|Reference Number=179171|Condition=Pre-owned|With Original Box/Packaging=No|With Papers=Yes|Vintage=No
w-3355,https://cdn.shopify.com/s/files/1/1727/2565/files/3355_009db5f0-81e5-490b-95ce-26b338e8925d.jpg,Rolex Datejust 178271 Unisex Good Watch No Box/Papers,Wristwatches,Brand=Rolex|Department=Unisex Adults|Type=Wristwatch|Model=Datejust|Reference Number=178271|Condition=Pre-owned|With Original Box/Packaging=No|With Papers=No|Vintage=No
w-3365,https://cdn.shopify.com/s/files/1/1727/2565/files/3365_626385e2-1b39-4a98-9515-1a3b3dc82f88.jpg,Rolex Datejust 116203 Unisex Pre-Owned Watch No Box/Papers,Wristwatches,Brand=Rolex|Department=Unisex Adults|Type=Wristwatch|Model=Datejust|Reference Number=116203|Condition=Pre-owned|With Original Box/Packaging=No|With Papers=No|Vintage=No
w-3398,https://cdn.shopify.com/s/files/1/1727/2565/files/3398.jpg,Rolex Sky-Dweller 336933 Mens Pre-Owned Watch Full Set Box & Papers,Wristwatches,Brand=Rolex|Department=Men|Type=Wristwatch|Model=Sky-Dweller|Reference Number=336933|Condition=Pre-owned|With Original Box/Packaging=Yes|With Papers=Yes|Vintage=No
w-3514,https://cdn.shopify.com/s/files/1/1727/2565/files/3514_ad3df931-3d9f-48bd-8778-8e12b3dea542.jpg,Rolex Datejust 126234 Unisex Good Watch w/ Papers,Wristwatches,Brand=Rolex|Department=Unisex Adults|Type=Wristwatch|Model=Datejust|Reference Number=126234|Condition=Pre-owned|With Original Box/Packaging=No|With Papers=Yes|Vintage=No
w-3519,https://cdn.shopify.com/s/files/1/1727/2565/files/3519_31a601b5-8d99-4a5d-995a-8f2d264b7d3a.jpg,Rolex Day-Date 218235 Mens Pre-Owned Watch w/ Papers,Wristwatches,Brand=Rolex|Department=Men|Type=Wristwatch|Model=Day-Date|Reference Number=218235|Condition=Pre-owned|With Original Box/Packaging=No|With Papers=Yes|Vintage=No
w-3530,https://cdn.shopify.com/s/files/1/1727/2565/files/3530.jpg,Rolex Day-Date II 218235 Mens Pre-Owned Watch w/ Papers,Wristwatches,Brand=Rolex|Department=Men|Type=Wristwatch|Model=Day-Date II|Reference Number=218235|Condition=Pre-owned|With Original Box/Packaging=No|With Papers=Yes|Vintage=No
w-3613,https://cdn.shopify.com/s/files/1/1727/2565/files/3613_97c959f1-0a57-4571-9d0a-63b47704dcb9.jpg,Rolex Lady Date Just 279384 Womens Excellent Watch No Box/Papers,Wristwatches,Brand=Rolex|Department=Women|Type=Wristwatch|Model=Lady Date Just|Reference Number=279384|Condition=Pre-owned|With Original Box/Packaging=No|With Papers=No|Vintage=No
w-3682,https://cdn.shopify.com/s/files/1/1727/2565/files/3682_6d15c414-609e-45b1-9e65-b66c4b0e5209.jpg,Rolex Day-Date 228239 Mens Pre-Owned Watch w/ Papers,Wristwatches,Brand=Rolex|Department=Men|Type=Wristwatch|Model=Day-Date|Reference Number=228239|Condition=Pre-owned|With Original Box/Packaging=No|With Papers=Yes|Vintage=No
w-3838,https://cdn.shopify.com/s/files/1/1727/2565/files/3838_8736ec77-8e15-4e84-93d3-e76c56beabf8.jpg,Rolex Day-Date 228235 Mens Excellent Watch No Box/Papers,Wristwatches,Brand=Rolex|Department=Men|Type=Wristwatch|Model=Day-Date|Reference Number=228235|Condition=Pre-owned|With Original Box/Packaging=No|With Papers=No|Vintage=No
w-3850,https://cdn.shopify.com/s/files/1/1727/2565/files/3850_056bf8fd-550c-40d6-8b04-2f4df69759b6.jpg,Rolex Submariner No Date 114060 Mens Mint Watch w/ Papers,Wristwatches,Brand=Rolex|Department=Men|Type=Wristwatch|Model=Submariner No Date|Reference Number=114060|Condition=Pre-owned|With Original Box/Packaging=No|With Papers=Yes|Vintage=No
w-3869,https://cdn.shopify.com/s/files/1/1727/2565/files/3869_16ed25ed-b8f3-44b0-94c8-ce9891403e19.jpg,Rolex Day-Date 228238 Mens Excellent Watch w/ Papers,Wristwatches,Brand=Rolex|Department=Men|Type=Wristwatch|Model=Day-Date|Reference Number=228238|Condition=Pre-owned|With Original Box/Packaging=No|With Papers=Yes|Vintage=No
w-3872,https://cdn.shopify.com/s/files/1/1727/2565/files/3872_38524d8d-c960-4b00-9c67-906e3d135523.jpg,Rolex Day-Date 228345 Mens Unworn Watch w/ Papers,Wristwatches,Brand=Rolex|Department=Men|Type=Wristwatch|Model=Day-Date|Reference Number=228345|Condition=New other|With Original Box/Packaging=No|With Papers=Yes|Vintage=No
w-3877,https://cdn.shopify.com/s/files/1/1727/2565/files/3877_1289638e-8ccb-4401-b817-f8afaf42eee7.jpg,Cartier Santos WSSA0018 Unisex Pre-Owned Watch w/ Papers,Wristwatches,Brand=Cartier|Department=Unisex Adults|Type=Wristwatch|Model=Santos|Reference Number=WSSA0018|Condition=Pre-owned|With Original Box/Packaging=No|With Papers=Yes|Vintage=No
w-3882,https://cdn.shopify.com/s/files/1/1727/2565/files/3882_f9202669-a1e7-4a97-84c9-fb2465647814.jpg,Rolex Day-Date 228235 Mens Pre-Owned Watch No Box/Papers,Wristwatches,Brand=Rolex|Department=Men|Type=Wristwatch|Model=Day-Date|Reference Number=228235|Condition=Pre-owned|With Original Box/Packaging=No|With Papers=No|Vintage=No
w-3906,https://cdn.shopify.com/s/files/1/1727/2565/files/3906.jpg,Rolex Datejust 116263 Unisex Pre-Owned Watch No Box/Papers,Wristwatches,Brand=Rolex|Department=Unisex Adults|Type=Wristwatch|Model=Datejust|Reference Number=116263|Condition=Pre-owned|With Original Box/Packaging=No|With Papers=No|Vintage=No
w-3912,https://cdn.shopify.com/s/files/1/1727/2565/files/3912.jpg,Cartier Santos W2SA0008 Unisex Good Watch No Box/Papers,Wristwatches,Brand=Cartier|Department=Unisex Adults|Type=Wristwatch|Model=Santos|Reference Number=W2SA0008|Condition=Pre-owned|With Original Box/Packaging=No|With Papers=No|Vintage=No
w-3967,https://cdn.shopify.com/s/files/1/1727/2565/files/3967_72c94f06-ef08-4d94-a751-7258b358807a.jpg,Rolex Lady Date Just 6916 Womens Excellent Watch No Box/Papers,Wristwatches,Brand=Rolex|Department=Women|Type=Wristwatch|Model=Lady Date Just|Reference Number=6916|Condition=Pre-owned|With Original Box/Packaging=No|With Papers=No|Vintage=Yes
w-3979,https://cdn.shopify.com/s/files/1/1727/2565/files/3979_1fded327-15f0-4cc7-a0a9-24db7624d770.jpg,Rolex Submariner Date 126610LN Mens Excellent Watch No Box/Papers,Wristwatches,Brand=Rolex|Department=Men|Type=Wristwatch|Model=Submariner Date|Reference Number=126610LN|Condition=Pre-owned|With Original Box/Packaging=No|With Papers=No|Vintage=No
w-3994,https://cdn.shopify.com/s/files/1/1727/2565/files/3994.jpg,Rolex Sky-Dweller 336938 Mens Pre-Owned Watch w/ Papers,Wristwatches,Brand=Rolex|Department=Men|Type=Wristwatch|Model=Sky-Dweller|Reference Number=336938|Condition=Pre-owned|With Original Box/Packaging=No|With Papers=Yes|Vintage=No
w-4081,https://cdn.shopify.com/s/files/1/1727/2565/files/4081.jpg,Rolex Day-Date 228239 Mens Pre-Owned Watch w/ Papers,Wristwatches,Brand=Rolex|Department=Men|Type=Wristwatch|Model=Day-Date|Reference Number=228239|Condition=Pre-owned|With Original Box/Packaging=No|With Papers=Yes|Vintage=No
w-4085,https://cdn.shopify.com/s/files/1/1727/2565/files/4085_60125610-0669-4562-a685-faffc8f58765.jpg,Rolex Oyster Perpetual 134300 Unisex Excellent Watch No Box/Papers,Wristwatches,Brand=Rolex|Department=Unisex Adults|Type=Wristwatch|Model=Oyster Perpetual|Reference Number=134300|Condition=Pre-owned|With Original Box/Packaging=No|With Papers=No|Vintage=No
w-4097,https://cdn.shopify.com/s/files/1/1727/2565/files/4097_1665fa44-0e6c-4c8d-a57b-2a13a6f8794f.jpg,Rolex Datejust 278383RBR Womens Pre-Owned Watch Full Set Box & Papers,Wristwatches,Brand=Rolex|Department=Women|Type=Wristwatch|Model=Datejust|Reference Number=278383RBR|Condition=Pre-owned|With Original Box/Packaging=Yes|With Papers=Yes|Vintage=No
w-6197,https://cdn.shopify.com/s/files/1/1727/2565/files/6197.jpg,Audemars Piguet Royal Oak Selfwinding 26240BA.OO.1320BA.02 Mens Unworn w/ Papers,Wristwatches,Brand=Audemars Piguet|Department=Men|Type=Wristwatch|Model=Royal Oak Selfwinding|Reference Number=26240BA.OO.1320BA.02|Condition=New other|With Original Box/Packaging=No|With Papers=Yes|Vintage=No
w-8114,https://cdn.shopify.com/s/files/1/1727/2565/files/8114_303136b0-429d-4601-b132-bc468d3b9cba.jpg,Rolex GMT-Master II 116718LN Mens Retail Ready Watch w/ Papers,Wristwatches,Brand=Rolex|Department=Men|Type=Wristwatch|Model=GMT-Master II|Reference Number=116718LN|Condition=Pre-owned|With Original Box/Packaging=No|With Papers=Yes|Vintage=No
w-8704,https://cdn.shopify.com/s/files/1/1727/2565/files/8704_b8146772-2733-4f6f-8434-5311e316eabb.jpg,Rolex Datejust 279174 Womens Retail Ready Watch No Box/Papers,Wristwatches,Brand=Rolex|Department=Women|Type=Wristwatch|Model=Datejust|Reference Number=279174|Condition=Pre-owned|With Original Box/Packaging=No|With Papers=No|Vintage=No
w-8730,https://cdn.shopify.com/s/files/1/1727/2565/files/8730.jpg,Rolex Oyster Perpetual 76094 Unisex Mint Watch No Box/Papers,Wristwatches,Brand=Rolex|Department=Unisex Adults|Type=Wristwatch|Model=Oyster Perpetual|Reference Number=76094|Condition=Pre-owned|With Original Box/Packaging=No|With Papers=No|Vintage=Yes
w-8731,https://cdn.shopify.com/s/files/1/1727/2565/files/8731.jpg,Rolex Oyster Perpetual 14233 Unisex Pre-Owned Watch No Box/Papers,Wristwatches,Brand=Rolex|Department=Unisex Adults|Type=Wristwatch|Model=Oyster Perpetual|Reference Number=14233|Condition=Pre-owned|With Original Box/Packaging=No|With Papers=No|Vintage=No
w-8732,https://cdn.shopify.com/s/files/1/1727/2565/files/8732_f752257c-2de4-42a2-88ed-e1f26e13c953.jpg,Rolex Oyster Perpetual 15203 Unisex Pre-Owned Watch No Box/Papers,Wristwatches,Brand=Rolex|Department=Unisex Adults|Type=Wristwatch|Model=Oyster Perpetual|Reference Number=15203|Condition=Pre-owned|With Original Box/Packaging=No|With Papers=No|Vintage=No
w-8750,https://cdn.shopify.com/s/files/1/1727/2565/files/8750_0db70283-f0aa-4e6e-818a-f3e3467d83ec.jpg,Rolex Precision 6105 Mens Mint Watch No Box/Papers,Wristwatches,Brand=Rolex|Department=Men|Type=Wristwatch|Model=Precision|Reference Number=6105|Condition=Pre-owned|With Original Box/Packaging=No|With Papers=No|Vintage=Yes
w-8758,https://cdn.shopify.com/s/files/1/1727/2565/files/8758_b3f5a3f0-2790-4328-9cc6-7f184b8261d2.jpg,Rolex Datejust 1601 Unisex Retail Ready Watch No Box/Papers,Wristwatches,Brand=Rolex|Department=Unisex Adults|Type=Wristwatch|Model=Datejust|Reference Number=1601|Condition=Pre-owned|With Original Box/Packaging=No|With Papers=No|Vintage=Yes
w-8821,https://cdn.shopify.com/s/files/1/1727/2565/files/8821_abf450c5-336b-440a-b8e9-69d23c962aad.jpg,Rolex Oyster Perpetual 2940 Unisex Mint Watch No Box/Papers,Wristwatches,Brand=Rolex|Department=Unisex Adults|Type=Wristwatch|Model=Oyster Perpetual|Reference Number=2940|Condition=Pre-owned|With Original Box/Packaging=No|With Papers=No|Vintage=Yes
w-8822,https://cdn.shopify.com/s/files/1/1727/2565/files/8822.jpg,Rolex Datejust 1601 Unisex Retail Ready Watch No Box/Papers,Wristwatches,Brand=Rolex|Department=Unisex Adults|Type=Wristwatch|Model=Datejust|Reference Number=1601|Condition=Pre-owned|With Original Box/Packaging=No|With Papers=No|Vintage=Yes
w-8827,https://cdn.shopify.com/s/files/1/1727/2565/files/8827.jpg,Rolex Oyster Perpetual 6718 Unisex Pre-Owned Watch No Box/Papers,Wristwatches,Brand=Rolex|Department=Unisex Adults|Type=Wristwatch|Model=Oyster Perpetual|Reference Number=6718|Condition=Pre-owned|With Original Box/Packaging=No|With Papers=No|Vintage=Yes
w-8839,https://cdn.shopify.com/s/files/1/1727/2565/files/8839_19f624f1-d718-48ae-9275-84dfc3a0cbc1.jpg,Rolex Datejust 16014 Unisex Pre-Owned Watch No Box/Papers,Wristwatches,Brand=Rolex|Department=Unisex Adults|Type=Wristwatch|Model=Datejust|Reference Number=16014|Condition=Pre-owned|With Original Box/Packaging=No|With Papers=No|Vintage=Yes
w-8841,https://cdn.shopify.com/s/files/1/1727/2565/files/8841_36e3cef5-42e2-4f1d-a2ae-272833f13ee3.jpg,Rolex Datejust 16234 Unisex Retail Ready Watch No Box/Papers,Wristwatches,Brand=Rolex|Department=Unisex Adults|Type=Wristwatch|Model=Datejust|Reference Number=16234|Condition=Pre-owned|With Original Box/Packaging=No|With Papers=No|Vintage=No
w-8863,https://cdn.shopify.com/s/files/1/1727/2565/files/8863.jpg,Rolex Oyster Perpetual 1005 Unisex Pre-Owned Watch No Box/Papers,Wristwatches,Brand=Rolex|Department=Unisex Adults|Type=Wristwatch|Model=Oyster Perpetual|Reference Number=1005|Condition=Pre-owned|With Original Box/Packaging=No|With Papers=No|Vintage=Yes
w-8877,https://cdn.shopify.com/s/files/1/1727/2565/files/8877.jpg,Rolex Datejust 1601 Unisex Mint Watch No Box/Papers,Wristwatches,Brand=Rolex|Department=Unisex Adults|Type=Wristwatch|Model=Datejust|Reference Number=1601|Condition=Pre-owned|With Original Box/Packaging=No|With Papers=No|Vintage=Yes
w-8878,https://cdn.shopify.com/s/files/1/1727/2565/files/8878.jpg,Rolex Datejust 1601 Unisex Mint Watch No Box/Papers,Wristwatches,Brand=Rolex|Department=Unisex Adults|Type=Wristwatch|Model=Datejust|Reference Number=1601|Condition=Pre-owned|With Original Box/Packaging=No|With Papers=No|Vintage=Yes
w-8880,https://cdn.shopify.com/s/files/1/1727/2565/files/8880_21b483b0-5981-4d16-8173-37c35f4cf4a0.jpg,Rolex Oyster Perpetual 67193 Unisex Pre-Owned Watch No Box/Papers,Wristwatches,Brand=Rolex|Department=Unisex Adults|Type=Wristwatch|Model=Oyster Perpetual|Reference Number=67193|Condition=Pre-owned|With Original Box/Packaging=No|With Papers=No|Vintage=No
w-8920,https://cdn.shopify.com/s/files/1/1727/2565/files/8920_ff082e10-7325-41ff-848e-eddedc667f1a.jpg,Rolex Datejust 1601 Unisex Pre-Owned Watch No Box/Papers,Wristwatches,Brand=Rolex|Department=Unisex Adults|Type=Wristwatch|Model=Datejust|Reference Number=1601|Condition=Pre-owned|With Original Box/Packaging=No|With Papers=No|Vintage=Yes
w-8921,https://cdn.shopify.com/s/files/1/1727/2565/files/8921_1fc3080e-7bed-4bc2-9fbb-7627c7d5193d.jpg,Rolex Datejust 1601 Unisex Pre-Owned Watch No Box/Papers,Wristwatches,Brand=Rolex|Department=Unisex Adults|Type=Wristwatch|Model=Datejust|Reference Number=1601|Condition=Pre-owned|With Original Box/Packaging=No|With Papers=No|Vintage=Yes
w-8938,https://cdn.shopify.com/s/files/1/1727/2565/files/8938_adac5f25-0ba0-44ee-911d-62d0592aa60e.jpg,Rolex Datejust 1625 Unisex Mint Watch No Box/Papers,Wristwatches,Brand=Rolex|Department=Unisex Adults|Type=Wristwatch|Model=Datejust|Reference Number=1625|Condition=Pre-owned|With Original Box/Packaging=No|With Papers=No|Vintage=Yes
w-8956,https://cdn.shopify.com/s/files/1/1727/2565/files/8956.jpg,Rolex Datejust 16014 Unisex Pre-Owned Watch No Box/Papers,Wristwatches,Brand=Rolex|Department=Unisex Adults|Type=Wristwatch|Model=Datejust|Reference Number=16014|Condition=Pre-owned|With Original Box/Packaging=No|With Papers=No|Vintage=Yes
w-8964,https://cdn.shopify.com/s/files/1/1727/2565/files/8964_7b963d5b-94be-4cc0-be01-39a9f61b0a99.jpg,Rolex Datejust 1601 Unisex Retail Ready Watch No Box/Papers,Wristwatches,Brand=Rolex|Department=Unisex Adults|Type=Wristwatch|Model=Datejust|Reference Number=1601|Condition=Pre-owned|With Original Box/Packaging=No|With Papers=No|Vintage=Yes
w-8994,https://cdn.shopify.com/s/files/1/1727/2565/files/8994_885d9431-34e1-4df6-8d80-2c942663eb2a.jpg,Rolex Datejust 126300 Unisex Pre-Owned Watch No Box/Papers,Wristwatches,Brand=Rolex|Department=Unisex Adults|Type=Wristwatch|Model=Datejust|Reference Number=126300|Condition=Pre-owned|With Original Box/Packaging=No|With Papers=No|Vintage=No
w-9004,https://cdn.shopify.com/s/files/1/1727/2565/files/9004_0b322a5c-96b4-4956-8663-5e9e6eff3c68.jpg,Rolex Daytona 116505 Mens Mint Watch w/ Papers,Wristwatches,Brand=Rolex|Department=Men|Type=Wristwatch|Model=Daytona|Reference Number=116505|Condition=Pre-owned|With Original Box/Packaging=No|With Papers=Yes|Vintage=No
w-9077,https://cdn.shopify.com/s/files/1/1727/2565/files/9077.jpg,Rolex Yacht-Master II 116681 Mens Mint Watch No Box/Papers,Wristwatches,Brand=Rolex|Department=Men|Type=Wristwatch|Model=Yacht-Master II|Reference Number=116681|Condition=Pre-owned|With Original Box/Packaging=No|With Papers=No|Vintage=No
w-9102,https://cdn.shopify.com/s/files/1/1727/2565/files/9102_e0c91845-e19c-47d9-bd8d-79a16985e566.jpg,Rolex Datejust 6605 Unisex Mint Watch No Box/Papers,Wristwatches,Brand=Rolex|Department=Unisex Adults|Type=Wristwatch|Model=Datejust|Reference Number=6605|Condition=Pre-owned|With Original Box/Packaging=No|With Papers=No|Vintage=Yes
w-9104,https://cdn.shopify.com/s/files/1/1727/2565/files/9104.jpg,Rolex Datejust 6305 Unisex Mint Watch No Box/Papers,Wristwatches,Brand=Rolex|Department=Unisex Adults|Type=Wristwatch|Model=Datejust|Reference Number=6305|Condition=Pre-owned|With Original Box/Packaging=No|With Papers=No|Vintage=Yes
w-9186,https://cdn.shopify.com/s/files/1/1727/2565/files/9186.jpg,Rolex Lady Date Just 6917 Womens Mint Watch No Box/Papers,Wristwatches,Brand=Rolex|Department=Women|Type=Wristwatch|Model=Lady Date Just|Reference Number=6917|Condition=Pre-owned|With Original Box/Packaging=No|With Papers=No|Vintage=Yes
w-9190,https://cdn.shopify.com/s/files/1/1727/2565/files/9190.jpg,Rolex Oyster Perpetual Date 1500 Unisex Pre-Owned Watch No Box/Papers,Wristwatches,Brand=Rolex|Department=Unisex Adults|Type=Wristwatch|Model=Oyster Perpetual Date|Reference Number=1500|Condition=Pre-owned|With Original Box/Packaging=No|With Papers=No|Vintage=Yes
w-9192,https://cdn.shopify.com/s/files/1/1727/2565/files/9192_a90bdc53-4e85-48a0-a3d6-642ff17f1758.jpg,Rolex Oyster Perpetual Date 1500 Unisex Pre-Owned Watch No Box/Papers,Wristwatches,Brand=Rolex|Department=Unisex Adults|Type=Wristwatch|Model=Oyster Perpetual Date|Reference Number=1500|Condition=Pre-owned|With Original Box/Packaging=No|With Papers=No|Vintage=Yes
w-9201,https://cdn.shopify.com/s/files/1/1727/2565/files/9201.jpg,Rolex Daytona 116515LN Womens Pre-Owned Watch w/ Papers,Wristwatches,Brand=Rolex|Department=Women|Type=Wristwatch|Model=Daytona|Reference Number=116515LN|Condition=Pre-owned|With Original Box/Packaging=No|With Papers=Yes|Vintage=No
w-9209,https://cdn.shopify.com/s/files/1/1727/2565/files/9209_d87f5a94-55cc-475e-95d1-65c7179d17c1.jpg,Rolex Oyster Perpetual 6718 Unisex Mint Watch No Box/Papers,Wristwatches,Brand=Rolex|Department=Unisex Adults|Type=Wristwatch|Model=Oyster Perpetual|Reference Number=6718|Condition=Pre-owned|With Original Box/Packaging=No|With Papers=No|Vintage=Yes
w-9213,https://cdn.shopify.com/s/files/1/1727/2565/files/9213_434a5258-399d-48d6-aa3a-c85a0d47ba76.jpg,Rolex GMT-Master II 16710 Mens Pre-Owned Watch No Box/Papers,Wristwatches,Brand=Rolex|Department=Men|Type=Wristwatch|Model=GMT-Master II|Reference Number=16710|Condition=Pre-owned|With Original Box/Packaging=No|With Papers=No|Vintage=No
w-9220,https://cdn.shopify.com/s/files/1/1727/2565/files/9220_14e5d75c-7e40-4f8b-a54b-fa879784d27b.jpg,Rolex GMT-Master II 126710BLNR Mens Mint Watch No Box/Papers,Wristwatches,Brand=Rolex|Department=Men|Type=Wristwatch|Model=GMT-Master II|Reference Number=126710BLNR|Condition=Pre-owned|With Original Box/Packaging=No|With Papers=No|Vintage=No
w-9424,https://cdn.shopify.com/s/files/1/1727/2565/files/9424_c6e149d1-64b8-4bbf-b068-7ce5108f1b74.jpg,Rolex Datejust 178344 Unisex Pre-Owned Watch w/ Papers,Wristwatches,Brand=Rolex|Department=Unisex Adults|Type=Wristwatch|Model=Datejust|Reference Number=178344|Condition=Pre-owned|With Original Box/Packaging=No|With Papers=Yes|Vintage=No
w-9469,https://cdn.shopify.com/s/files/1/1727/2565/files/9469_40e2dbf6-04ee-4e25-9fc7-8f00c10e773d.jpg,Rolex Datejust 126333 Mens Mint Watch No Box/Papers,Wristwatches,Brand=Rolex|Department=Men|Type=Wristwatch|Model=Datejust|Reference Number=126333|Condition=Pre-owned|With Original Box/Packaging=No|With Papers=No|Vintage=No
w-9573,https://cdn.shopify.com/s/files/1/1727/2565/files/9573_66a7076d-d463-4e00-9ffc-937a8db7de98.jpg,Rolex Lady Date Just 6516 Womens Pre-Owned Watch No Box/Papers,Wristwatches,Brand=Rolex|Department=Women|Type=Wristwatch|Model=Lady Date Just|Reference Number=6516|Condition=Pre-owned|With Original Box/Packaging=No|With Papers=No|Vintage=Yes
w-9587,https://cdn.shopify.com/s/files/1/1727/2565/files/9587_f81dfcd7-4fd2-46e2-a51d-8671309bd98c.jpg,Rolex Oyster Perpetual 6619 Unisex Pre-Owned Watch No Box/Papers,Wristwatches,Brand=Rolex|Department=Unisex Adults|Type=Wristwatch|Model=Oyster Perpetual|Reference Number=6619|Condition=Pre-owned|With Original Box/Packaging=No|With Papers=No|Vintage=Yes
w-9696,https://cdn.shopify.com/s/files/1/1727/2565/files/9696.jpg,Rolex Sky-Dweller 326935 Mens Pre-Owned Watch w/ Papers,Wristwatches,Brand=Rolex|Department=Men|Type=Wristwatch|Model=Sky-Dweller|Reference Number=326935|Condition=Pre-owned|With Original Box/Packaging=No|With Papers=Yes|Vintage=No
w-9699,https://cdn.shopify.com/s/files/1/1727/2565/files/9699_827677e0-9836-4912-8ce0-9cac7123b707.jpg,Rolex Oyster Perpetual Date 6917 Unisex Mint Watch No Box/Papers,Wristwatches,Brand=Rolex|Department=Unisex Adults|Type=Wristwatch|Model=Oyster Perpetual Date|Reference Number=6917|Condition=Pre-owned|With Original Box/Packaging=No|With Papers=No|Vintage=Yes
w-9701,https://cdn.shopify.com/s/files/1/1727/2565/files/9701_fd3d1427-fd35-47dc-ace6-b19361361d76.jpg,Rolex Oyster Perpetual Date 6917 Unisex Pre-Owned Watch No Box/Papers,Wristwatches,Brand=Rolex|Department=Unisex Adults|Type=Wristwatch|Model=Oyster Perpetual Date|Reference Number=6917|Condition=Pre-owned|With Original Box/Packaging=No|With Papers=No|Vintage=Yes
w-9705,https://cdn.shopify.com/s/files/1/1727/2565/files/9705_45b1c91e-da50-4182-b774-643b2b291097.jpg,Rolex Oyster Perpetual 6916 Unisex Mint Watch No Box/Papers,Wristwatches,Brand=Rolex|Department=Unisex Adults|Type=Wristwatch|Model=Oyster Perpetual|Reference Number=6916|Condition=Pre-owned|With Original Box/Packaging=No|With Papers=No|Vintage=Yes
w-9767,https://cdn.shopify.com/s/files/1/1727/2565/files/9767_0bef905d-a76b-47e7-9350-377256bbffc9.jpg,Rolex Day-Date 118235 Mens Pre-Owned Watch w/ Papers,Wristwatches,Brand=Rolex|Department=Men|Type=Wristwatch|Model=Day-Date|Reference Number=118235|Condition=Pre-owned|With Original Box/Packaging=No|With Papers=Yes|Vintage=No
w-9855,https://cdn.shopify.com/s/files/1/1727/2565/files/9855_a6881bc4-98c4-4e94-8e96-5cf9618b827b.jpg,Rolex Day-Date 228235 Mens Mint Watch w/ Papers,Wristwatches,Brand=Rolex|Department=Men|Type=Wristwatch|Model=Day-Date|Reference Number=228235|Condition=Pre-owned|With Original Box/Packaging=No|With Papers=Yes|Vintage=No
w-9989,https://cdn.shopify.com/s/files/1/1727/2565/files/9989_2674574f-b30d-4823-a6ec-ac20589a46ea.jpg,Rolex Day-Date 228238 Mens Pre-Owned Watch w/ Papers,Wristwatches,Brand=Rolex|Department=Men|Type=Wristwatch|Model=Day-Date|Reference Number=228238|Condition=Pre-owned|With Original Box/Packaging=No|With Papers=Yes|Vintage=No
w-p5267,https://cdn.shopify.com/s/files/1/1727/2565/files/P5267.jpg,Audemars Piguet Royal Oak 56175SA Womens Pre-Owned Watch w/ Papers,Wristwatches,Brand=Audemars Piguet|Department=Women|Type=Wristwatch|Model=Royal Oak|Reference Number=56175SA|Condition=Pre-owned|With Original Box/Packaging=No|With Papers=Yes|Vintage=No
w-rw3036,https://cdn.shopify.com/s/files/1/1727/2565/files/RW3036.jpg,Rolex Submariner Date 126613LB Mens Pre-Owned Watch w/ Papers,Wristwatches,Brand=Rolex|Department=Men|Type=Wristwatch|Model=Submariner Date|Reference Number=126613LB|Condition=Pre-owned|With Original Box/Packaging=No|With Papers=Yes|Vintage=No
w-rw3039,https://cdn.shopify.com/s/files/1/1727/2565/files/RW3039_af78e3cd-2ede-413b-bda5-19910805ec9d.jpg,Rolex Sky-Dweller 326933 Mens Pre-Owned Watch w/ Papers,Wristwatches,Brand=Rolex|Department=Men|Type=Wristwatch|Model=Sky-Dweller|Reference Number=326933|Condition=Pre-owned|With Original Box/Packaging=No|With Papers=Yes|Vintage=No
w-rw3041,https://cdn.shopify.com/s/files/1/1727/2565/files/RW3041_98dc1468-56a3-4544-9ff5-009d016df604.jpg,Rolex Datejust 126331 Mens Pre-Owned Watch w/ Papers,Wristwatches,Brand=Rolex|Department=Men|Type=Wristwatch|Model=Datejust|Reference Number=126331|Condition=Pre-owned|With Original Box/Packaging=No|With Papers=Yes|Vintage=No
w-rw3067,https://cdn.shopify.com/s/files/1/1727/2565/files/RW3067_e3bd6562-7c1f-437d-9dd2-0748a6833eae.jpg,Rolex GMT-Master II 126710BLRO Mens Pre-Owned Watch w/ Papers,Wristwatches,Brand=Rolex|Department=Men|Type=Wristwatch|Model=GMT-Master II|Reference Number=126710BLRO|Condition=Pre-owned|With Original Box/Packaging=No|With Papers=Yes|Vintage=No
w-t3487,https://cdn.shopify.com/s/files/1/1727/2565/files/T3487_9f62aacf-945b-489e-b778-239b118c9e03.jpg,Rolex Sky-Dweller 336934 Mens Pre-Owned Watch w/ Papers,Wristwatches,Brand=Rolex|Department=Men|Type=Wristwatch|Model=Sky-Dweller|Reference Number=336934|Condition=Pre-owned|With Original Box/Packaging=No|With Papers=Yes|Vintage=No
w-t3513,https://cdn.shopify.com/s/files/1/1727/2565/files/T3513_a7dbaa75-7263-4036-990d-826ad9f0a99c.jpg,Rolex Submariner No Date 124060 Mens Retail Ready Watch w/ Papers,Wristwatches,Brand=Rolex|Department=Men|Type=Wristwatch|Model=Submariner No Date|Reference Number=124060|Condition=Pre-owned|With Original Box/Packaging=No|With Papers=Yes|Vintage=No
w-t3514,https://cdn.shopify.com/s/files/1/1727/2565/files/T3514.jpg,Rolex Lady Date Just 69178 Womens Pre-Owned Watch No Box/Papers,Wristwatches,Brand=Rolex|Department=Women|Type=Wristwatch|Model=Lady Date Just|Reference Number=69178|Condition=Pre-owned|With Original Box/Packaging=No|With Papers=No|Vintage=No
w-t3559,https://cdn.shopify.com/s/files/1/1727/2565/files/T3559_9d19f5aa-0212-467f-aec4-0518b368e8cf.jpg,Rolex Submariner No Date 124060 Mens Retail Ready Watch w/ Papers,Wristwatches,Brand=Rolex|Department=Men|Type=Wristwatch|Model=Submariner No Date|Reference Number=124060|Condition=Pre-owned|With Original Box/Packaging=No|With Papers=Yes|Vintage=No
w-t3608,https://cdn.shopify.com/s/files/1/1727/2565/files/T3608_3486a515-0c58-4a7a-9218-9c0cdf92c8a1.jpg,Rolex Submariner Date 126613LB Mens Retail Ready Watch w/ Papers,Wristwatches,Brand=Rolex|Department=Men|Type=Wristwatch|Model=Submariner Date|Reference Number=126613LB|Condition=Pre-owned|With Original Box/Packaging=No|With Papers=Yes|Vintage=No
w-t3639,https://cdn.shopify.com/s/files/1/1727/2565/files/T3639_86d3e545-0570-4f90-9c46-daff517fbe42.jpg,Rolex Sky-Dweller 336934 Mens Pre-Owned Watch w/ Papers,Wristwatches,Brand=Rolex|Department=Men|Type=Wristwatch|Model=Sky-Dweller|Reference Number=336934|Condition=Pre-owned|With Original Box/Packaging=No|With Papers=Yes|Vintage=No
w-t3652,https://cdn.shopify.com/s/files/1/1727/2565/files/T3652.jpg,Rolex GMT-Master II 116713LN Mens Pre-Owned Watch w/ Papers,Wristwatches,Brand=Rolex|Department=Men|Type=Wristwatch|Model=GMT-Master II|Reference Number=116713LN|Condition=Pre-owned|With Original Box/Packaging=No|With Papers=Yes|Vintage=No
w-t3653,https://cdn.shopify.com/s/files/1/1727/2565/files/T3653_5a5f57e9-5078-412a-a14b-8fe90630f6bc.jpg,Rolex GMT-Master II 126710GRNR Mens Unworn Watch w/ Papers,Wristwatches,Brand=Rolex|Department=Men|Type=Wristwatch|Model=GMT-Master II|Reference Number=126710GRNR|Condition=New other|With Original Box/Packaging=No|With Papers=Yes|Vintage=No
w-t3676,https://cdn.shopify.com/s/files/1/1727/2565/files/T3676_8476666c-1d6f-43cf-95d2-2b70d21f4e9f.jpg,Rolex Sky-Dweller 336934 Mens Pre-Owned Watch w/ Papers,Wristwatches,Brand=Rolex|Department=Men|Type=Wristwatch|Model=Sky-Dweller|Reference Number=336934|Condition=Pre-owned|With Original Box/Packaging=No|With Papers=Yes|Vintage=No
w-t3685,https://cdn.shopify.com/s/files/1/1727/2565/files/T3685.jpg,Rolex Submariner No Date 114060 Mens Pre-Owned Watch w/ Papers,Wristwatches,Brand=Rolex|Department=Men|Type=Wristwatch|Model=Submariner No Date|Reference Number=114060|Condition=Pre-owned|With Original Box/Packaging=No|With Papers=Yes|Vintage=No
w-u1037,https://cdn.shopify.com/s/files/1/1727/2565/files/U1037.jpg,Rolex Submariner Date 116613LB Mens Pre-Owned Watch No Box/Papers,Wristwatches,Brand=Rolex|Department=Men|Type=Wristwatch|Model=Submariner Date|Reference Number=116613LB|Condition=Pre-owned|With Original Box/Packaging=No|With Papers=No|Vintage=No
w-u1071,https://cdn.shopify.com/s/files/1/1727/2565/files/U1071_546b2ae8-1107-47d4-85c6-6ee369a7f33f.jpg,Rolex Datejust 126334 Womens Pre-Owned Watch No Box/Papers,Wristwatches,Brand=Rolex|Department=Women|Type=Wristwatch|Model=Datejust|Reference Number=126334|Condition=Pre-owned|With Original Box/Packaging=No|With Papers=No|Vintage=No
w-u1122,https://cdn.shopify.com/s/files/1/1727/2565/files/U1122.jpg,Rolex Day-Date 128238 Mens Pre-Owned Watch Full Set Box & Papers,Wristwatches,Brand=Rolex|Department=Men|Type=Wristwatch|Model=Day-Date|Reference Number=128238|Condition=Pre-owned|With Original Box/Packaging=Yes|With Papers=Yes|Vintage=No
w-t3431,https://cdn.shopify.com/s/files/1/1727/2565/files/T3431_9c8a6a3b-5eb9-4f78-bdb0-685b3fe2f85c.jpg,Rolex GMT-Master II 126710BLRO Mens Retail Ready Watch w/ Papers,Wristwatches,Brand=Rolex|Department=Men|Type=Wristwatch|Model=GMT-Master II|Reference Number=126710BLRO|Condition=Pre-owned|With Original Box/Packaging=No|With Papers=Yes|Vintage=No
w-3481,https://cdn.shopify.com/s/files/1/1727/2565/files/3481_0ec4bef1-e2df-4250-b2f9-d91d65cc6029.jpg,Rolex Datejust 126334 Womens Retail Ready Watch w/ Papers,Wristwatches,Brand=Rolex|Department=Women|Type=Wristwatch|Model=Datejust|Reference Number=126334|Condition=Pre-owned|With Original Box/Packaging=No|With Papers=Yes|Vintage=No
