#INFO,Created=1786941227436,,,,,,, Indicates required field for creating listings,,,,, Indicates missing field that will be required soon
#INFO,Version=1.0,,,,Template=eBay-listings-template_EBAY_US,,, Indicates missing recommended field,,,,, Indicates field does not apply to this item/category
#INFO
*Action(SiteID=US|Country=US|Currency=USD|Version=1193),Item number,Custom Label (SKU),Category ID,TrackingId (Do Not Change),Category Name,Title,Original Row Number,Schedule Time,P:EPID,Start price,Quantity,Item photo URL,VideoID,Condition ID,Description,Format,Duration,Buy It Now price,Best Offer Enabled,Best Offer Auto Accept Price,Minimum Best Offer Price,Immediate pay required,Location,Postal code,PostalCode,OriginatingPostalCode,Package weight,WeightMajor,WeightMinor,Weight unit,WeightUnit,Package type,PackageType,Shipping service 1 option,Shipping service 1 cost,Shipping service 1 priority,Shipping service 2 option,Shipping service 2 cost,Shipping service 2 priority,Max dispatch time,Returns accepted option,Returns within option,Refund option,Return shipping cost paid by,Shipping profile name,Return profile name,Payment profile name,C:Brand,C:Department,C:Type,C:Reference Number,C:Customized,C:Style,C:Model,C:Features,C:Movement,C:Dial Color,C:Band Color,C:Bezel Color,C:Case Color,C:Band Material,C:Display,C:Case Material,C:Water Resistance,C:Year Manufactured,C:With Original Box/Packaging,C:With Papers,C:Indices,C:Case Size,C:Watch Shape,C:Number of Jewels,C:Band/Strap,C:Country of Origin,C:Dial Pattern,C:Caseback,C:Bezel Type,C:Vintage,C:Band Width,C:Lug Width,C:Theme,C:Case Finish,C:With Manual/Booklet,C:Seller Warranty,C:With Service Records,C:Handmade,C:Case Thickness,C:Manufacturer Warranty,C:Escapement Type,C:Max Wrist Size,C:Closure,C:Handedness,C:California Prop 65 Warning,C:Unit Quantity,C:Unit Type,Product Safety Pictograms,Product Safety Statements,Product Safety Component,Regulatory Document Ids,Manufacturer Name,Manufacturer AddressLine1,Manufacturer AddressLine2,Manufacturer City,Manufacturer Country,Manufacturer PostalCode,Manufacturer StateOrProvince,Manufacturer Phone,Manufacturer Email,Manufacturer ContactURL,Responsible Person 1,Responsible Person 1 Type,Responsible Person 1 AddressLine1,Responsible Person 1 AddressLine2,Responsible Person 1 City,Responsible Person 1 Country,Responsible Person 1 PostalCode,Responsible Person 1 StateOrProvince,Responsible Person 1 Phone,Responsible Person 1 Email,Responsible Person 1 ContactURL
Revise,366610439542,w-3180,31387,Feed-13321584275-6,"/Jewelry & Watches/Watches, Parts & Accessories/Watches/Wristwatches",Rolex Day-Date 228348RBR Mens Pre-Owned Watch w/ Papers,8,,,78564.00,1,https://i.ebayimg.com/images/g/d~EAAeSwgYVqgo8W/s-l1600.jpg,,3000,"The Rolex Day-Date 228348RBR Men's Pre-Owned Watch is a luxurious timepiece featuring a mechanical (automatic) movement. This elegant wristwatch is part of the iconic Rolex brand, known for its high-quality craftsmanship and design. The watch boasts a yellow gold band and case material, with the added feature of a day-date display on the analog dial. Perfect for the modern man who values both style and functionality, this watch comes with original papers and is a timeless piece for any jewelry and watch collection.",FixedPrice,GTC,,,,,,"New York, NY",10036,10036,10036,2,2,0,lb,lb,PackageThickEnvelope,PackageThickEnvelope,,,,,,,,,,,,Daily Deals - 1Handling Day - (ID: 258461530020),No returns accepted - (ID: 24363507020),eBay Managed Payments (246832199020) - (ID: 246832199020),Rolex,Men,Wristwatch,228348RBR,,,Rolex Day-Date,Day-Date,Mechanical (Automatic),,,,,Yellow Gold,Analog,Yellow Gold,,,No,Yes,,,,,,,,,,No,,,,,,,,,,,,,,,,,,,,,,,,,,,,,,,,,,,,,,,,,,
Revise,366610439547,w-3194,31387,Feed-13321584275-7,"/Jewelry & Watches/Watches, Parts & Accessories/Watches/Wristwatches",Rolex Submariner Date 126610LN Mens Pre-Owned Watch No Box/Papers,9,,,14441.00,1,https://i.ebayimg.com/images/g/bzAAAeSwv-Jqgo8W/s-l1600.jpg,,3000,"The Rolex Submariner Date 126610LN is a stylish and high-quality men's pre-owned watch that does not come with its original box or papers. This wristwatch features a sleek silver case and matching silver band, with a black dial displaying the date. The watch is water-resistant and has a mechanical automatic movement, making it both practical and reliable for everyday wear. With its iconic Rolex Submariner model and classic design, this watch is a timeless piece that will add a touch of luxury to any outfit.",FixedPrice,GTC,,,,,,"New York, NY",10036,10036,10036,2,2,0,lb,lb,PackageThickEnvelope,PackageThickEnvelope,,,,,,,,,,,,Daily Deals - 1Handling Day - (ID: 258461530020),No returns accepted - (ID: 24363507020),eBay Managed Payments (246832199020) - (ID: 246832199020),Rolex,Men,Wristwatch,126610LN,,,Rolex Submariner,Date,Mechanical (Automatic),Black,Silver,,Silver,,Analog,,,,No,No,,,,,,,,,,No,,,,,,,,,,,,,,,,,,,,,,,,,,,,,,,,,,,,,,,,,,
Revise,366610439557,w-3286,31387,Feed-13321584275-13,"/Jewelry & Watches/Watches, Parts & Accessories/Watches/Wristwatches",AP Royal Oak Selfwinding 15510ST Mens Mint Watch Full Set Box & Papers,15,,,51765.00,1,https://i.ebayimg.com/images/g/AcQAAeSwXRhqgo8W/s-l1600.jpg,,2990,"The AP Royal Oak Selfwinding 15510ST Men's Mint Watch is a luxurious timepiece from the renowned brand Audemars Piguet. This wristwatch features a mechanical automatic movement with a water resistance of 50m, making it both stylish and practical for everyday wear. The watch comes with original box and papers, and the sleek stainless steel case and band in silver color add a touch of sophistication to the design. With its baton indexes and self-winding feature, this watch is a perfect choice for any watch enthusiast looking for a high-quality timepiece.",FixedPrice,GTC,,,,,,"New York, NY",10036,10036,10036,2,2,0,lb,lb,PackageThickEnvelope,PackageThickEnvelope,,,,,,,,,,,,Daily Deals - 1Handling Day - (ID: 258461530020),No returns accepted - (ID: 24363507020),eBay Managed Payments (246832199020) - (ID: 246832199020),Audemars Piguet,Men,Wristwatch,15510ST,,,Royal Oak Selfwinding,Self-Winding,Mechanical (Automatic),,Silver,,Silver,Stainless Steel,Analog,Stainless Steel,50 m (5 ATM),,Yes,Yes,Baton Indexes,,,,,,,,,No,,,,,,,,,,,,,,,,,,,,,,,,,,,,,,,,,,,,,,,,,,
Revise,366610439561,w-3314,31387,Feed-13321584275-14,"/Jewelry & Watches/Watches, Parts & Accessories/Watches/Wristwatches",Rolex Daytona 116505 Mens Mint Watch w/ Papers,16,,,46809.00,1,https://i.ebayimg.com/images/g/jQwAAeSw5glqgo8W/s-l1600.jpg,,2990,"The Rolex Daytona 116505 Men's Mint Watch is a high-quality wristwatch known for its mechanical (automatic) movement and water resistance up to 100 meters. It comes with original papers, making it a valuable and reliable timepiece for any man. The analog display and sleek design make it a stylish accessory for any occasion. Perfect for those who appreciate fine craftsmanship and precision engineering in a luxury watch from a trusted brand like Rolex.",FixedPrice,GTC,,,,,,"New York, NY",10036,10036,10036,2,2,0,lb,lb,PackageThickEnvelope,PackageThickEnvelope,,,,,,,,,,,,Daily Deals - 1Handling Day - (ID: 258461530020),No returns accepted - (ID: 24363507020),eBay Managed Payments (246832199020) - (ID: 246832199020),Rolex,Men,Wristwatch,116505,,,Daytona,,Mechanical (Automatic),,,,,,Analog,,100 m (10 ATM),,No,Yes,,,,,,,,,,No,,,,,,,,,,,,,,,,,,,,,,,,,,,,,,,,,,,,,,,,,,
Revise,366610439558,w-3355,31387,Feed-13321584275-16,"/Jewelry & Watches/Watches, Parts & Accessories/Watches/Wristwatches",Rolex Datejust 178271 Unisex Good Watch No Box/Papers,18,,,15074.00,1,https://i.ebayimg.com/images/g/-bcAAeSwDO5qgo8W/s-l1600.jpg,,3000,"The Rolex Datejust 178271 is a unisex wristwatch with a mechanical (automatic) movement. This elegant timepiece features diamond markers on the dial, making it a luxurious and stylish accessory. Despite not having the original box or papers, this Rolex watch is a reliable and timeless piece that exudes sophistication and quality craftsmanship. Perfect for both men and women, this analog display watch is a classic choice for any watch enthusiast.",FixedPrice,GTC,,,,,,"New York, NY",10036,10036,10036,2,2,0,lb,lb,PackageThickEnvelope,PackageThickEnvelope,,,,,,,,,,,,Daily Deals - 1Handling Day - (ID: 258461530020),No returns accepted - (ID: 24363507020),eBay Managed Payments (246832199020) - (ID: 246832199020),Rolex,Unisex Adults,Wristwatch,178271,,,Rolex Datejust,,Mechanical (Automatic),,,,,,Analog,,,,No,No,Diamond Markers,,,,,,,,,No,,,,,,,,,,,,,,,,,,,,,,,,,,,,,,,,,,,,,,,,,,
Revise,366610439556,w-3365,31387,Feed-13321584275-17,"/Jewelry & Watches/Watches, Parts & Accessories/Watches/Wristwatches",Rolex Datejust 116203 Unisex Pre-Owned Watch No Box/Papers,19,,,10622.00,1,https://i.ebayimg.com/images/g/gOgAAeSwUulqgo8X/s-l1600.jpg,,3000,"The Rolex Datejust 116203 is a unisex pre-owned wristwatch with a stainless steel case and a mechanical (automatic) movement. It features a water resistance of 100m (10 ATM) and an analog display. This model comes without its original box/packaging and papers, making it a great choice for a collector or someone looking to add a high-quality timepiece to their collection.",FixedPrice,GTC,,,,,,"New York, NY",10036,10036,10036,2,2,0,lb,lb,PackageThickEnvelope,PackageThickEnvelope,,,,,,,,,,,,Daily Deals - 1Handling Day - (ID: 258461530020),No returns accepted - (ID: 24363507020),eBay Managed Payments (246832199020) - (ID: 246832199020),Rolex,Unisex Adults,Wristwatch,116203,,,Rolex Datejust,,Mechanical (Automatic),,,,Silver,,Analog,,100 m (10 ATM),,No,No,,,,,,,,,,No,,,,,,,,,,,,,,,,,,,,,,,,,,,,,,,,,,,,,,,,,,
Revise,366610439564,w-3398,31387,Feed-13321584275-18,"/Jewelry & Watches/Watches, Parts & Accessories/Watches/Wristwatches",Rolex Sky-Dweller 336933 Mens Pre-Owned Watch Full Set Box & Papers,20,,,24444.00,1,https://i.ebayimg.com/images/g/gvUAAeSwvFVqgo8W/s-l1600.jpg,,3000,"The Rolex Sky-Dweller 336933 Men's Pre-Owned Watch comes with the original box and papers, making it a complete set for collectors and watch enthusiasts. This wristwatch features a black dial, mechanical automatic movement, and water resistance up to 100 meters. The vintage design is sleek and stylish, perfect for everyday wear or special occasions. With its reputable Rolex brand, this watch is a timeless piece that showcases sophistication and precision in every detail.",FixedPrice,GTC,,,,,,"New York, NY",10036,10036,10036,2,2,0,lb,lb,PackageThickEnvelope,PackageThickEnvelope,,,,,,,,,,,,Daily Deals - 1Handling Day - (ID: 258461530020),No returns accepted - (ID: 24363507020),eBay Managed Payments (246832199020) - (ID: 246832199020),Rolex,Men,Wristwatch,336933,,,Sky-Dweller,,Mechanical (Automatic),Black,,,,,Analog,,100 m (10 ATM),,Yes,Yes,,,,,,,,,,No,,,,,,,,,,,,,,,,,,,,,,,,,,,,,,,,,,,,,,,,,,
Revise,366610439570,w-3514,31387,Feed-13321584275-19,"/Jewelry & Watches/Watches, Parts & Accessories/Watches/Wristwatches",Rolex Datejust 126234 Unisex Good Watch w/ Papers,21,,,12802.00,1,https://i.ebayimg.com/images/g/0QYAAeSwX0Zqgo8X/s-l1600.jpg,,3000,"The Rolex Datejust 126234 is a unisex wristwatch with a mechanical automatic movement, featuring a silver case and stainless steel band. The black dial with date display adds a touch of sophistication to this timeless Rolex model. This watch comes with papers, adding authenticity and value to the overall design. Perfect for watch enthusiasts looking for a high-quality timepiece with a classic and elegant aesthetic.",FixedPrice,GTC,,,,,,"New York, NY",10036,10036,10036,2,2,0,lb,lb,PackageThickEnvelope,PackageThickEnvelope,,,,,,,,,,,,Daily Deals - 1Handling Day - (ID: 258461530020),No returns accepted - (ID: 24363507020),eBay Managed Payments (246832199020) - (ID: 246832199020),Rolex,Unisex Adults,Wristwatch,126234,,,Rolex Datejust,,Mechanical (Automatic),Black,Silver,,Silver,Stainless Steel,Analog,,,,No,Yes,,,,,,,,,,No,,,,,,,,,,,,,,,,,,,,,,,,,,,,,,,,,,,,,,,,,,
Revise,366610439572,w-3519,31387,Feed-13321584275-20,"/Jewelry & Watches/Watches, Parts & Accessories/Watches/Wristwatches",Rolex Day-Date 218235 Mens Pre-Owned Watch w/ Papers,22,,,43937.00,1,https://i.ebayimg.com/images/g/zbsAAeSwT4dqgo8X/s-l1600.jpg,,3000,"The Rolex Day-Date 218235 Mens Pre-Owned Watch is a luxurious timepiece that exudes sophistication and style. Featuring a mechanical automatic movement, this wristwatch is reliable and elegant. With its rose gold band and case, this Rolex model is a classic choice for any man looking to make a statement with his accessories. The inclusion of papers adds to the authenticity and value of this prestigious timepiece, making it a coveted piece for watch enthusiasts and collectors alike.",FixedPrice,GTC,,,,,,"New York, NY",10036,10036,10036,2,2,0,lb,lb,PackageThickEnvelope,PackageThickEnvelope,,,,,,,,,,,,Daily Deals - 1Handling Day - (ID: 258461530020),No returns accepted - (ID: 24363507020),eBay Managed Payments (246832199020) - (ID: 246832199020),Rolex,Men,Wristwatch,218235,,,Rolex Day-Date,Day-Date,Mechanical (Automatic),,,,,Rose Gold,Analog,Rose Gold,,,No,Yes,,,,,,,,,,No,,,,,,,,,,,,,,,,,,,,,,,,,,,,,,,,,,,,,,,,,,
Revise,366610439565,w-3530,31387,Feed-13321584275-21,"/Jewelry & Watches/Watches, Parts & Accessories/Watches/Wristwatches",Rolex Day-Date II 218235 Mens Pre-Owned Watch w/ Papers,23,,,43937.00,1,https://i.ebayimg.com/images/g/Jv4AAeSw~wdqgo8X/s-l1600.jpg,,3000,"The Rolex Day-Date II 218235 Men's Pre-Owned Watch is a stylish and luxurious timepiece featuring a mechanical automatic movement with water resistance up to 100 meters. This elegant wristwatch has a rose gold band and case, making it a versatile accessory for any occasion. Complete with papers, this Rolex model is a timeless piece that exudes sophistication and class. With its day-date feature and analog display, this watch is a must-have for any watch enthusiast or collector.",FixedPrice,GTC,,,,,,"New York, NY",10036,10036,10036,2,2,0,lb,lb,PackageThickEnvelope,PackageThickEnvelope,,,,,,,,,,,,Daily Deals - 1Handling Day - (ID: 258461530020),No returns accepted - (ID: 24363507020),eBay Managed Payments (246832199020) - (ID: 246832199020),Rolex,Men,Wristwatch,218235,,,Rolex Day-Date II,Day-Date,Mechanical (Automatic),,,,,Rose Gold,Analog,Rose Gold,100 m (10 ATM),,No,Yes,,,,,,,,,,No,,,,,,,,,,,,,,,,,,,,,,,,,,,,,,,,,,,,,,,,,,
Revise,366610439559,w-3613,31387,Feed-13321584275-22,"/Jewelry & Watches/Watches, Parts & Accessories/Watches/Wristwatches",Rolex Lady Date Just 279384 Womens Excellent Watch No Box/Papers,24,,,19352.00,1,https://i.ebayimg.com/images/g/8uIAAeSwA9Fqgo8X/s-l1600.jpg,,2990,"The Rolex Lady Date Just 279384 is a stylish and elegant women's watch with a stainless steel band and a silver case. This wristwatch features a date display and an analog display, making it both functional and fashionable. Though it does not come with its original box or papers, this Rolex model is a classic and reliable timepiece from the renowned brand, making it a valuable addition to any jewelry collection.",FixedPrice,GTC,,,,,,"New York, NY",10036,10036,10036,2,2,0,lb,lb,PackageThickEnvelope,PackageThickEnvelope,,,,,,,,,,,,Daily Deals - 1Handling Day - (ID: 258461530020),No returns accepted - (ID: 24363507020),eBay Managed Payments (246832199020) - (ID: 246832199020),Rolex,Women,Wristwatch,279384,,,Rolex Lady-Datejust,Date,Mechanical (Automatic),,Silver,,Silver,Stainless Steel,Analog,,,,No,No,,,,,,,,,,No,,,,,,,,,,,,,,,,,,,,,,,,,,,,,,,,,,,,,,,,,,
Revise,366610439597,w-3682,31387,Feed-13321584275-23,"/Jewelry & Watches/Watches, Parts & Accessories/Watches/Wristwatches",Rolex Day-Date 228239 Mens Pre-Owned Watch w/ Papers,25,,,48379.00,1,https://i.ebayimg.com/images/g/w20AAeSwWUhqgo8X/s-l1600.jpg,,3000,"The Rolex Day-Date 228239 is a premium pre-owned men's watch that comes with its original papers. With a water resistance of 100 meters, this wristwatch features a green dial and a silver band, making it a stylish and versatile accessory for any occasion. The mechanical automatic movement ensures accurate timekeeping, while the day-date feature adds functionality to the classic Rolex design. This timeless piece from Rolex is a perfect choice for those looking for a high-quality and sophisticated watch.",FixedPrice,GTC,,,,,,"New York, NY",10036,10036,10036,2,2,0,lb,lb,PackageThickEnvelope,PackageThickEnvelope,,,,,,,,,,,,Daily Deals - 1Handling Day - (ID: 258461530020),No returns accepted - (ID: 24363507020),eBay Managed Payments (246832199020) - (ID: 246832199020),Rolex,Men,Wristwatch,228239,,,Rolex Day-Date,Day-Date,Mechanical (Automatic),Green,Silver,,,,Analog,,100 m (10 ATM),,No,Yes,,,,,,,,,,No,,,,,,,,,,,,,,,,,,,,,,,,,,,,,,,,,,,,,,,,,,
Revise,366610439576,w-3838,31387,Feed-13321584275-24,"/Jewelry & Watches/Watches, Parts & Accessories/Watches/Wristwatches",Rolex Day-Date 228235 Mens Excellent Watch No Box/Papers,26,,,54345.00,1,https://i.ebayimg.com/images/g/~MkAAeSwaJdqgo8X/s-l1600.jpg,,2990,"The Rolex Day-Date 228235 is a luxurious and stylish men's watch that features a mechanical automatic movement with a water resistance of 100m. This elegant timepiece boasts Roman numerals on its indices and a rose gold band, making it a timeless accessory for any occasion. The absence of the original box and papers does not detract from the overall quality and prestige of this Rolex model.",FixedPrice,GTC,,,,,,"New York, NY",10036,10036,10036,2,2,0,lb,lb,PackageThickEnvelope,PackageThickEnvelope,,,,,,,,,,,,Daily Deals - 1Handling Day - (ID: 258461530020),No returns accepted - (ID: 24363507020),eBay Managed Payments (246832199020) - (ID: 246832199020),Rolex,Men,Wristwatch,228235,,,Rolex Day-Date,Day-Date,Mechanical (Automatic),,,,,Rose Gold,Analog,,100 m (10 ATM),,No,No,Roman Numerals,,,,,,,,,No,,,,,,,,,,,,,,,,,,,,,,,,,,,,,,,,,,,,,,,,,,
Revise,366610439579,w-3850,31387,Feed-13321584275-25,"/Jewelry & Watches/Watches, Parts & Accessories/Watches/Wristwatches",Rolex Submariner No Date 114060 Mens Mint Watch w/ Papers,27,,,11632.00,1,https://i.ebayimg.com/images/g/d~IAAeSw4PZqgo8X/s-l1600.jpg,,2990,"The Rolex Submariner No Date 114060 Mens Mint Watch is a stylish and sophisticated timepiece designed for men. This wristwatch features a sleek silver stainless steel band and a classic black dial, complementing the silver case color. With a mechanical automatic movement, this Rolex Submariner model is reliable and accurate. The inclusion of papers adds authenticity and value to this Rolex timepiece. Perfect for those looking for a high-quality, timeless watch with a touch of luxury from a trusted brand like Rolex.",FixedPrice,GTC,,,,,,"New York, NY",10036,10036,10036,2,2,0,lb,lb,PackageThickEnvelope,PackageThickEnvelope,,,,,,,,,,,,Daily Deals - 1Handling Day - (ID: 258461530020),No returns accepted - (ID: 24363507020),eBay Managed Payments (246832199020) - (ID: 246832199020),Rolex,Men,Wristwatch,114060,,,Rolex Submariner,Date,Mechanical (Automatic),Black,Silver,,Silver,Stainless Steel,Analog,,,,No,Yes,,,,,,,,,,No,,,,,,,,,,,,,,,,,,,,,,,,,,,,,,,,,,,,,,,,,,
Revise,366610439581,w-3869,31387,Feed-13321584275-26,"/Jewelry & Watches/Watches, Parts & Accessories/Watches/Wristwatches",Rolex Day-Date 228238 Mens Excellent Watch w/ Papers,28,,,47045.00,1,https://i.ebayimg.com/images/g/8Q0AAeSwBidqgo8X/s-l1600.jpg,,2990,"The Rolex Day-Date 228238 is a premium men's wristwatch known for its luxury features and craftsmanship. Featuring a mechanical automatic movement, this timepiece is characterized by its day-date complication and stylish yellow gold band and case material. With original papers included, this Rolex model exudes sophistication and elegance, making it a highly sought-after accessory for any watch enthusiast or collector.",FixedPrice,GTC,,,,,,"New York, NY",10036,10036,10036,2,2,0,lb,lb,PackageThickEnvelope,PackageThickEnvelope,,,,,,,,,,,,Daily Deals - 1Handling Day - (ID: 258461530020),No returns accepted - (ID: 24363507020),eBay Managed Payments (246832199020) - (ID: 246832199020),Rolex,Men,Wristwatch,228238,,,Rolex Day-Date,Day-Date,Mechanical (Automatic),,,,,Yellow Gold,Analog,Yellow Gold,,,No,Yes,,,,,,,,,,No,,,,,,,,,,,,,,,,,,,,,,,,,,,,,,,,,,,,,,,,,,
Revise,366610439582,w-3872,31387,Feed-13321584275-27,"/Jewelry & Watches/Watches, Parts & Accessories/Watches/Wristwatches",Rolex Day-Date 228345 Mens Unworn Watch w/ Papers,29,,,77595.00,1,https://i.ebayimg.com/images/g/lXcAAeSwCQJqgo8X/s-l1600.jpg,,1500,"The Rolex Day-Date 228345 is a men's unworn wristwatch with a mechanical automatic movement and a water resistance of 100 meters. This luxury timepiece features a rose gold band and case, along with the iconic Day-Date feature. It comes with papers and is a genuine Rolex model, making it a valuable addition to any watch collection. Ideal for those looking for a stylish and high-quality timepiece with a reputable brand like Rolex.",FixedPrice,GTC,,,,,,"New York, NY",10036,10036,10036,2,2,0,lb,lb,PackageThickEnvelope,PackageThickEnvelope,,,,,,,,,,,,Daily Deals - 1Handling Day - (ID: 258461530020),No returns accepted - (ID: 24363507020),eBay Managed Payments (246832199020) - (ID: 246832199020),Rolex,Men,Wristwatch,228345,,,Rolex Day-Date,Day-Date,Mechanical (Automatic),,,,,Rose Gold,Analog,Rose Gold,100 m (10 ATM),,No,Yes,,,,,,,,,,No,,,,,,,,,,,,,,,,,,,,,,,,,,,,,,,,,,,,,,,,,,
Revise,366610439587,w-3882,31387,Feed-13321584275-29,"/Jewelry & Watches/Watches, Parts & Accessories/Watches/Wristwatches",Rolex Day-Date 228235 Mens Pre-Owned Watch No Box/Papers,31,,,54345.00,1,https://i.ebayimg.com/images/g/8M4AAeSw-wlqgo8X/s-l1600.jpg,,3000,"The Rolex Day-Date 228235 is a luxurious pre-owned men's watch that features a mechanical automatic movement and a water resistance of 100 meters. The watch is crafted with rose gold both for the case and the band, giving it a sleek and sophisticated look. The Rolex Day-Date model is known for its elegant design and practical day-date feature, making it a versatile piece that can be worn for both casual and formal occasions. This timepiece exudes quality, style, and precision with its analog display and iconic Rolex brand.",FixedPrice,GTC,,,,,,"New York, NY",10036,10036,10036,2,2,0,lb,lb,PackageThickEnvelope,PackageThickEnvelope,,,,,,,,,,,,Daily Deals - 1Handling Day - (ID: 258461530020),No returns accepted - (ID: 24363507020),eBay Managed Payments (246832199020) - (ID: 246832199020),Rolex,Men,Wristwatch,228235,,,Rolex Day-Date,Day-Date,Mechanical (Automatic),,,,,Rose Gold,Analog,Rose Gold,100 m (10 ATM),,No,No,,,,,,,,,,No,,,,,,,,,,,,,,,,,,,,,,,,,,,,,,,,,,,,,,,,,,
Revise,366610439589,w-3906,31387,Feed-13321584275-30,"/Jewelry & Watches/Watches, Parts & Accessories/Watches/Wristwatches",Rolex Datejust 116263 Unisex Pre-Owned Watch No Box/Papers,32,,,10767.00,1,https://i.ebayimg.com/images/g/jSoAAeSwZy5qgo8X/s-l1600.jpg,,3000,"The product is a pre-owned Rolex Datejust 116263 unisex watch, featuring a mechanical (automatic) movement and water resistance up to 100 meters. This wristwatch does not come with its original box or packaging, but it does have the reference number 116263. The classic analog display adds to its timeless appeal, making it a stylish and reliable accessory for any watch enthusiast.",FixedPrice,GTC,,,,,,"New York, NY",10036,10036,10036,2,2,0,lb,lb,PackageThickEnvelope,PackageThickEnvelope,,,,,,,,,,,,Daily Deals - 1Handling Day - (ID: 258461530020),No returns accepted - (ID: 24363507020),eBay Managed Payments (246832199020) - (ID: 246832199020),Rolex,Unisex Adults,Wristwatch,116263,,,Rolex Datejust,,Mechanical (Automatic),,,,,,Analog,,100 m (10 ATM),,No,No,,,,,,,,,,No,,,,,,,,,,,,,,,,,,,,,,,,,,,,,,,,,,,,,,,,,,
Revise,366610439592,w-3979,31387,Feed-13321584275-33,"/Jewelry & Watches/Watches, Parts & Accessories/Watches/Wristwatches",Rolex Submariner Date 126610LN Mens Excellent Watch No Box/Papers,35,,,14441.00,1,https://i.ebayimg.com/images/g/gvgAAeSwvFVqgo8X/s-l1600.jpg,,2990,"The Rolex Submariner Date 126610LN is a high-quality men's wristwatch featuring a sleek silver case and black dial. With a mechanical automatic movement, date feature, and analog display, this timepiece offers both style and functionality. While it does not come with its original box or papers, it still retains its value as a classic Rolex Submariner model. This watch is a great option for those looking for a luxurious and reliable timepiece from a trusted brand like Rolex.",FixedPrice,GTC,,,,,,"New York, NY",10036,10036,10036,2,2,0,lb,lb,PackageThickEnvelope,PackageThickEnvelope,,,,,,,,,,,,Daily Deals - 1Handling Day - (ID: 258461530020),No returns accepted - (ID: 24363507020),eBay Managed Payments (246832199020) - (ID: 246832199020),Rolex,Men,Wristwatch,126610LN,,,Rolex Submariner,Date,Mechanical (Automatic),Black,Silver,,Silver,,Analog,,,,No,No,,,,,,,,,,No,,,,,,,,,,,,,,,,,,,,,,,,,,,,,,,,,,,,,,,,,,
Revise,366610439596,w-3994,31387,Feed-13321584275-34,"/Jewelry & Watches/Watches, Parts & Accessories/Watches/Wristwatches",Rolex Sky-Dweller 336938 Mens Pre-Owned Watch w/ Papers,36,,,63049.00,1,https://i.ebayimg.com/images/g/eR8AAeSwDp1qgo8X/s-l1600.jpg,,3000,"The Rolex Sky-Dweller 336938 Mens Pre-Owned Watch is a luxurious timepiece designed for men by Rolex. This wristwatch features a mechanical (automatic) movement and a water resistance of 100 meters (10 ATM), making it both stylish and practical for everyday wear. The yellow gold case and analog display add to the classic and elegant design of the Rolex Sky-Dweller model. This watch comes with original papers, making it a valuable addition to any watch collection.",FixedPrice,GTC,,,,,,"New York, NY",10036,10036,10036,2,2,0,lb,lb,PackageThickEnvelope,PackageThickEnvelope,,,,,,,,,,,,Daily Deals - 1Handling Day - (ID: 258461530020),No returns accepted - (ID: 24363507020),eBay Managed Payments (246832199020) - (ID: 246832199020),Rolex,Men,Wristwatch,336938,,,Rolex Sky-Dweller,,Mechanical (Automatic),,,,,,Analog,Yellow Gold,100 m (10 ATM),,No,Yes,,,,,,,,,,No,,,,,,,,,,,,,,,,,,,,,,,,,,,,,,,,,,,,,,,,,,
Revise,366610439573,w-4081,31387,Feed-13321584275-35,"/Jewelry & Watches/Watches, Parts & Accessories/Watches/Wristwatches",Rolex Day-Date 228239 Mens Pre-Owned Watch w/ Papers,37,,,48379.00,1,https://i.ebayimg.com/images/g/8Q8AAeSwBidqgo8X/s-l1600.jpg,,3000,"The Rolex Day-Date 228239 is a pre-owned men's watch that comes with papers, making it a valuable collector's item. This mechanical (automatic) timepiece has a water resistance of 100m (10 ATM) and features a blue dial, day-date function, and analog display. With the iconic Rolex brand and high-quality construction, this wristwatch is a timeless piece that is sure to impress any watch enthusiast.",FixedPrice,GTC,,,,,,"New York, NY",10036,10036,10036,2,2,0,lb,lb,PackageThickEnvelope,PackageThickEnvelope,,,,,,,,,,,,Daily Deals - 1Handling Day - (ID: 258461530020),No returns accepted - (ID: 24363507020),eBay Managed Payments (246832199020) - (ID: 246832199020),Rolex,Men,Wristwatch,228239,,,Rolex Day-Date,Day-Date,Mechanical (Automatic),Blue,,,,,Analog,,100 m (10 ATM),,No,Yes,,,,,,,,,,No,,,,,,,,,,,,,,,,,,,,,,,,,,,,,,,,,,,,,,,,,,
Revise,366610439599,w-4085,31387,Feed-13321584275-36,"/Jewelry & Watches/Watches, Parts & Accessories/Watches/Wristwatches",Rolex Oyster Perpetual 134300 Unisex Excellent Watch No Box/Papers,38,,,10475.00,1,https://i.ebayimg.com/images/g/02EAAeSwsJVqgo8X/s-l1600.jpg,,2990,"The Rolex Oyster Perpetual 134300 is a high-quality unisex wristwatch with a mechanical automatic movement and water resistance up to 100 meters. The watch features a silver stainless steel case and band, with a green dial ideal for both men and women. While it does not come with its original box or papers, this Rolex model is still a valuable and reliable timepiece for any watch enthusiast.",FixedPrice,GTC,,,,,,"New York, NY",10036,10036,10036,2,2,0,lb,lb,PackageThickEnvelope,PackageThickEnvelope,,,,,,,,,,,,Daily Deals - 1Handling Day - (ID: 258461530020),No returns accepted - (ID: 24363507020),eBay Managed Payments (246832199020) - (ID: 246832199020),Rolex,Unisex Adults,Wristwatch,134300,,,Rolex Oyster Perpetual,,Mechanical (Automatic),Green,Silver,,Silver,Stainless Steel,Analog,Stainless Steel,100 m (10 ATM),,No,No,,,,,,,,,,No,,,,,,,,,,,,,,,,,,,,,,,,,,,,,,,,,,,,,,,,,,
Revise,366610439591,w-6197,31387,Feed-13321584275-38,"/Jewelry & Watches/Watches, Parts & Accessories/Watches/Wristwatches",Audemars Piguet Royal Oak Selfwinding 26240BA.OO.1320BA.02 Mens Unworn w/ Papers,40,,,124645.00,1,https://i.ebayimg.com/images/g/yawAAeSwbjtqgo8X/s-l1600.jpg,,1500,"The Audemars Piguet Royal Oak Selfwinding 26240BA.OO.1320BA.02 is a high-quality wristwatch designed for men. This luxury timepiece features a mechanical (automatic) movement, self-winding technology, and a water resistance up to 50 meters. With its sleek design and classic analog display, this watch is a stylish and practical choice for any man looking to make a statement with their accessories. The inclusion of original papers adds an extra level of authenticity to this unworn timepiece.",FixedPrice,GTC,,,,,,"New York, NY",10036,10036,10036,2,2,0,lb,lb,PackageThickEnvelope,PackageThickEnvelope,,,,,,,,,,,,Daily Deals - 1Handling Day - (ID: 258461530020),No returns accepted - (ID: 24363507020),eBay Managed Payments (246832199020) - (ID: 246832199020),Audemars Piguet,Men,Wristwatch,26240ba. Oo.1320ba.02,,,Audemars Piguet Royal Oak,Self-Winding,Mechanical (Automatic),,,,,,Analog,,50 m (5 ATM),,No,Yes,,,,,,,,,,No,,,,,,,,,,,,,,,,,,,,,,,,,,,,,,,,,,,,,,,,,,
Revise,366610439606,w-8114,31387,Feed-13321584275-39,"/Jewelry & Watches/Watches, Parts & Accessories/Watches/Wristwatches",Rolex GMT-Master II 116718LN Mens Retail Ready Watch w/ Papers,41,,,43017.00,1,https://i.ebayimg.com/images/g/78kAAeSwyShqgo8X/s-l1600.jpg,,3000,The Rolex GMT-Master II 116718LN is a high-quality men's wristwatch with a mechanical (automatic) movement and a sturdy yellow gold band. This luxurious timepiece has a water resistance of 100 meters (10 ATM) and comes with original papers but not the original box. The analog display and Rolex branding make it a stylish and reliable choice for any watch enthusiast.,FixedPrice,GTC,,,,,,"New York, NY",10036,10036,10036,2,2,0,lb,lb,PackageThickEnvelope,PackageThickEnvelope,,,,,,,,,,,,Daily Deals - 1Handling Day - (ID: 258461530020),No returns accepted - (ID: 24363507020),eBay Managed Payments (246832199020) - (ID: 246832199020),Rolex,Men,Wristwatch,116718LN,,,Rolex GMT-Master II,,Mechanical (Automatic),,,,,Yellow Gold,Analog,,100 m (10 ATM),,No,Yes,,,,,,,,,,No,,,,,,,,,,,,,,,,,,,,,,,,,,,,,,,,,,,,,,,,,,
Revise,366610439632,w-8994,31387,Feed-13321584275-60,"/Jewelry & Watches/Watches, Parts & Accessories/Watches/Wristwatches",Rolex Datejust 126300 Unisex Pre-Owned Watch No Box/Papers,62,,,10628.00,1,https://i.ebayimg.com/images/g/lwoAAeSwU79qgo8Y/s-l1600.jpg,,3000,"The Rolex Datejust 126300 is a pre-owned unisex wristwatch with a sleek design that is perfect for both men and women. This watch features a mechanical automatic movement, stainless steel case and band, and a water resistance of 100 meters. The blue dial adds a touch of elegance to the watch, while the silver case and band enhance its timeless appeal. Although it does not come with its original box or papers, this Rolex Datejust remains a stylish and reliable choice for any watch enthusiast.",FixedPrice,GTC,,,,,,"New York, NY",10036,10036,10036,2,2,0,lb,lb,PackageThickEnvelope,PackageThickEnvelope,,,,,,,,,,,,Daily Deals - 1Handling Day - (ID: 258461530020),No returns accepted - (ID: 24363507020),eBay Managed Payments (246832199020) - (ID: 246832199020),Rolex,Unisex Adults,Wristwatch,126300,,,Rolex Datejust,,Mechanical (Automatic),Blue,Silver,,Silver,Stainless Steel,Analog,Stainless Steel,100 m (10 ATM),,No,No,,,,,,,,,,No,,,,,,,,,,,,,,,,,,,,,,,,,,,,,,,,,,,,,,,,,,
Revise,366610439624,w-9004,31387,Feed-13321584275-61,"/Jewelry & Watches/Watches, Parts & Accessories/Watches/Wristwatches",Rolex Daytona 116505 Mens Mint Watch w/ Papers,63,,,46809.00,1,https://i.ebayimg.com/images/g/8scAAeSwaRZqgo8Y/s-l1600.jpg,,2990,"The Rolex Daytona 116505 Men's Watch is a luxurious timepiece crafted with rose gold, featuring a mechanical automatic movement and water resistance up to 100 meters. This wristwatch comes with original papers but not the original box, making it a valuable addition to any watch collection. With its classic analog display and iconic Rolex brand, this watch is a timeless piece that exudes sophistication and style.",FixedPrice,GTC,,,,,,"New York, NY",10036,10036,10036,2,2,0,lb,lb,PackageThickEnvelope,PackageThickEnvelope,,,,,,,,,,,,Daily Deals - 1Handling Day - (ID: 258461530020),No returns accepted - (ID: 24363507020),eBay Managed Payments (246832199020) - (ID: 246832199020),Rolex,Men,Wristwatch,116505,,,Daytona,,Mechanical (Automatic),,,,,,Analog,Rose Gold,100 m (10 ATM),,No,Yes,,,,,,,,,,No,,,,,,,,,,,,,,,,,,,,,,,,,,,,,,,,,,,,,,,,,,
Revise,366610439633,w-9077,31387,Feed-13321584275-62,"/Jewelry & Watches/Watches, Parts & Accessories/Watches/Wristwatches",Rolex Yacht-Master II 116681 Mens Mint Watch No Box/Papers,64,,,21796.00,1,https://i.ebayimg.com/images/g/M9QAAeSwDzRqgo8Y/s-l1600.jpg,,2990,"The Rolex Yacht-Master II 116681 Mens Mint Watch is a stylish wristwatch designed for men by Rolex. This timepiece features a white dial, automatic mechanical movement, and a water resistance of 100 meters. Despite not coming with the original box or papers, this model is still a valuable and reliable choice for those looking for a high-quality Rolex watch. Its sleek design and functionality make it a desirable accessory for any watch enthusiast's collection.",FixedPrice,GTC,,,,,,"New York, NY",10036,10036,10036,2,2,0,lb,lb,PackageThickEnvelope,PackageThickEnvelope,,,,,,,,,,,,Daily Deals - 1Handling Day - (ID: 258461530020),No returns accepted - (ID: 24363507020),eBay Managed Payments (246832199020) - (ID: 246832199020),Rolex,Men,Wristwatch,116681,,,Rolex Yacht-Master II,,Mechanical (Automatic),White,,,,,Analog,,100 m (10 ATM),,No,No,,,,,,,,,,No,,,,,,,,,,,,,,,,,,,,,,,,,,,,,,,,,,,,,,,,,,
Revise,366610439647,w-9220,31387,Feed-13321584275-71,"/Jewelry & Watches/Watches, Parts & Accessories/Watches/Wristwatches",Rolex GMT-Master II 126710BLNR Mens Mint Watch No Box/Papers,73,,,18404.00,1,https://i.ebayimg.com/images/g/m2MAAeSwhP1qgo8Y/s-l1600.jpg,,2990,"The product is a Rolex GMT-Master II 126710BLNR men's watch with a stainless steel case and band in silver. It features a black dial with round indexes and is water resistant up to 100 meters. This automatic mechanical watch is part of the Rolex GMT-Master II model and does not come with its original box or papers. Released in 2020, this wristwatch is a modern timepiece from the luxury brand Rolex.",FixedPrice,GTC,,,,,,"New York, NY",10036,10036,10036,2,2,0,lb,lb,PackageThickEnvelope,PackageThickEnvelope,,,,,,,,,,,,Daily Deals - 1Handling Day - (ID: 258461530020),No returns accepted - (ID: 24363507020),eBay Managed Payments (246832199020) - (ID: 246832199020),Rolex,Men,Wristwatch,126710BLNR,,,Rolex GMT-Master II,,Mechanical (Automatic),Black,Silver,,Silver,Stainless Steel,Analog,Stainless Steel,100 m (10 ATM),2020-Now,No,No,Round Indexes,,,,,,,,,No,,,,,,,,,,,,,,,,,,,,,,,,,,,,,,,,,,,,,,,,,,
Revise,366610439644,w-9469,31387,Feed-13321584275-73,"/Jewelry & Watches/Watches, Parts & Accessories/Watches/Wristwatches",Rolex Datejust 126333 Mens Mint Watch No Box/Papers,75,,,15447.00,1,https://i.ebayimg.com/images/g/5AUAAeSwIGNqgo8Y/s-l1600.jpg,,2990,"The Rolex Datejust 126333 Men's Watch is a luxurious timepiece with a sleek black dial and iconic Rolex design. This automatic mechanical watch has a water resistance of 100m, making it suitable for everyday wear as well as water activities. Despite not coming with its original box or papers, this watch is a timeless piece that exudes sophistication and class. The Rolex Datejust model, with its reference number 126333, is a reliable and stylish choice for any man looking to make a statement with their accessories.",FixedPrice,GTC,,,,,,"New York, NY",10036,10036,10036,2,2,0,lb,lb,PackageThickEnvelope,PackageThickEnvelope,,,,,,,,,,,,Daily Deals - 1Handling Day - (ID: 258461530020),No returns accepted - (ID: 24363507020),eBay Managed Payments (246832199020) - (ID: 246832199020),Rolex,Men,Wristwatch,126333,,,Rolex Datejust,,Mechanical (Automatic),Black,,,,,Analog,,100 m (10 ATM),,No,No,,,,,,,,,,No,,,,,,,,,,,,,,,,,,,,,,,,,,,,,,,,,,,,,,,,,,
Revise,366610439654,w-9696,31387,Feed-13321584275-76,"/Jewelry & Watches/Watches, Parts & Accessories/Watches/Wristwatches",Rolex Sky-Dweller 326935 Mens Pre-Owned Watch w/ Papers,78,,,45782.00,1,https://i.ebayimg.com/images/g/lq8AAeSwvgtqgo8Y/s-l1600.jpg,,3000,"The Rolex Sky-Dweller 326935 is a men's pre-owned wristwatch that comes with original papers. This sleek timepiece features a mechanical automatic movement and boasts a water resistance of 100 meters, making it suitable for everyday wear. With its analog display and iconic Rolex brand, this watch is a stylish accessory for any watch enthusiast looking for a quality timepiece.",FixedPrice,GTC,,,,,,"New York, NY",10036,10036,10036,2,2,0,lb,lb,PackageThickEnvelope,PackageThickEnvelope,,,,,,,,,,,,Daily Deals - 1Handling Day - (ID: 258461530020),No returns accepted - (ID: 24363507020),eBay Managed Payments (246832199020) - (ID: 246832199020),Rolex,Men,Wristwatch,326935,,,Rolex Sky-Dweller,,Mechanical (Automatic),,,,,,Analog,,100 m (10 ATM),,No,Yes,,,,,,,,,,No,,,,,,,,,,,,,,,,,,,,,,,,,,,,,,,,,,,,,,,,,,
Revise,366610439663,w-9855,31387,Feed-13321584275-81,"/Jewelry & Watches/Watches, Parts & Accessories/Watches/Wristwatches",Rolex Day-Date 228235 Mens Mint Watch w/ Papers,83,,,54345.00,1,https://i.ebayimg.com/images/g/lkEAAeSwv8xqgo8Z/s-l1600.jpg,,2990,"The Rolex Day-Date 228235 Men's Mint Watch comes with papers and is a luxurious timepiece suitable for any occasion. With a beautiful rose gold band and case, this automatic mechanical watch has a water resistance of 100 meters, making it durable and reliable. The classic analog display, day-date feature, and prestigious Rolex brand make this wristwatch a timeless piece of jewelry for any gentleman's collection.",FixedPrice,GTC,,,,,,"New York, NY",10036,10036,10036,2,2,0,lb,lb,PackageThickEnvelope,PackageThickEnvelope,,,,,,,,,,,,Daily Deals - 1Handling Day - (ID: 258461530020),No returns accepted - (ID: 24363507020),eBay Managed Payments (246832199020) - (ID: 246832199020),Rolex,Men,Wristwatch,228235,,,Rolex Day-Date,Day-Date,Mechanical (Automatic),,,,,Rose Gold,Analog,Rose Gold,100 m (10 ATM),,No,Yes,,,,,,,,,,No,,,,,,,,,,,,,,,,,,,,,,,,,,,,,,,,,,,,,,,,,,
Revise,366610439665,w-9989,31387,Feed-13321584275-82,"/Jewelry & Watches/Watches, Parts & Accessories/Watches/Wristwatches",Rolex Day-Date 228238 Mens Pre-Owned Watch w/ Papers,84,,,47045.00,1,https://i.ebayimg.com/images/g/m3sAAeSwGbJqgo8Z/s-l1600.jpg,,3000,"The Rolex Day-Date 228238 is a pre-owned men's watch featuring a mechanical (automatic) movement. This luxury timepiece from Rolex comes with original papers and a yellow gold band and case material, exuding a sense of elegance and sophistication. With its day-date features and analog display, this wristwatch is a stunning accessory for any stylish man looking to add a touch of class to their outfit.",FixedPrice,GTC,,,,,,"New York, NY",10036,10036,10036,2,2,0,lb,lb,PackageThickEnvelope,PackageThickEnvelope,,,,,,,,,,,,Daily Deals - 1Handling Day - (ID: 258461530020),No returns accepted - (ID: 24363507020),eBay Managed Payments (246832199020) - (ID: 246832199020),Rolex,Men,Wristwatch,228238,,,Rolex Day-Date,Day-Date,Mechanical (Automatic),,Gold,,,Yellow Gold,Analog,Yellow Gold,,,No,Yes,,,,,,,,,,No,,,,,,,,,,,,,,,,,,,,,,,,,,,,,,,,,,,,,,,,,,
Revise,366610439658,w-p5267,31387,Feed-13321584275-83,"/Jewelry & Watches/Watches, Parts & Accessories/Watches/Wristwatches",Audemars Piguet Royal Oak 56175SA Womens Pre-Owned Watch w/ Papers,85,,,19822.00,1,https://i.ebayimg.com/images/g/sDoAAeSwnCZqgo8Z/s-l1600.jpg,,3000,The product is a pre-owned Audemars Piguet Royal Oak 56175SA women's wristwatch. It includes original papers but not the original box/packaging. The watch features an analog display and is part of the Royal Oak collection by Audemars Piguet. This luxury timepiece is a valuable and stylish accessory for women who appreciate quality and elegance in their jewelry and watches.,FixedPrice,GTC,,,,,,"New York, NY",10036,10036,10036,2,2,0,lb,lb,PackageThickEnvelope,PackageThickEnvelope,,,,,,,,,,,,Daily Deals - 1Handling Day - (ID: 258461530020),No returns accepted - (ID: 24363507020),eBay Managed Payments (246832199020) - (ID: 246832199020),Audemars Piguet,Women,Wristwatch,56175SA,,,Audemars Piguet Royal Oak,,,,,,,,Analog,,,,No,Yes,,,,,,,,,,No,,,,,,,,,,,,,,,,,,,,,,,,,,,,,,,,,,,,,,,,,,
Revise,366610439662,w-rw3036,31387,Feed-13321584275-84,"/Jewelry & Watches/Watches, Parts & Accessories/Watches/Wristwatches",Rolex Submariner Date 126613LB Mens Pre-Owned Watch w/ Papers,86,,,18427.00,1,https://i.ebayimg.com/images/g/eSoAAeSwDp1qgo8Z/s-l1600.jpg,,3000,"The Rolex Submariner Date 126613LB is a pre-owned men's watch that features a mechanical automatic movement and water resistance up to 300 meters. It comes with original papers and has a blue dial with a date feature. This stylish timepiece is part of the iconic Rolex Submariner model, known for its reliability and durability. Perfect for those who appreciate quality craftsmanship and timeless design.",FixedPrice,GTC,,,,,,"New York, NY",10036,10036,10036,2,2,0,lb,lb,PackageThickEnvelope,PackageThickEnvelope,,,,,,,,,,,,Daily Deals - 1Handling Day - (ID: 258461530020),No returns accepted - (ID: 24363507020),eBay Managed Payments (246832199020) - (ID: 246832199020),Rolex,Men,Wristwatch,126613LB,,,Rolex Submariner,Date,Mechanical (Automatic),Blue,,,,,Analog,,300 m (30 ATM),,No,Yes,,,,,,,,,,No,,,,,,,,,,,,,,,,,,,,,,,,,,,,,,,,,,,,,,,,,,
Revise,366610439666,w-rw3039,31387,Feed-13321584275-85,"/Jewelry & Watches/Watches, Parts & Accessories/Watches/Wristwatches",Rolex Sky-Dweller 326933 Mens Pre-Owned Watch w/ Papers,87,,,18527.00,1,https://i.ebayimg.com/images/g/gogAAeSwFz1qgo8Z/s-l1600.jpg,,3000,"The Rolex Sky-Dweller 326933 Men's Pre-Owned Watch comes with papers and a 100m water resistance, making it a high-quality and reliable timepiece. This automatic mechanical watch features an analog display and is part of the Rolex Sky-Dweller model line, known for its luxury and functionality. With its sleek design and distinctive features, this watch is a stylish accessory for any man looking to make a statement with their timepiece.",FixedPrice,GTC,,,,,,"New York, NY",10036,10036,10036,2,2,0,lb,lb,PackageThickEnvelope,PackageThickEnvelope,,,,,,,,,,,,Daily Deals - 1Handling Day - (ID: 258461530020),No returns accepted - (ID: 24363507020),eBay Managed Payments (246832199020) - (ID: 246832199020),Rolex,Men,Wristwatch,326933,,,Rolex Sky-Dweller,,Mechanical (Automatic),,,,,,Analog,,100 m (10 ATM),,No,Yes,,,,,,,,,,No,,,,,,,,,,,,,,,,,,,,,,,,,,,,,,,,,,,,,,,,,,
Revise,366610439668,w-rw3041,31387,Feed-13321584275-86,"/Jewelry & Watches/Watches, Parts & Accessories/Watches/Wristwatches",Rolex Datejust 126331 Mens Pre-Owned Watch w/ Papers,88,,,16005.00,1,https://i.ebayimg.com/images/g/8NcAAeSw-wlqgo8Z/s-l1600.jpg,,3000,"The Rolex Datejust 126331 Mens Pre-Owned Watch is a high-quality wristwatch designed for men by the prestigious brand Rolex. Featuring a mechanical (automatic) movement, this watch has a water resistance of 100m (10 ATM) and comes with original papers. The analog display and sleek design make it a stylish and functional accessory for any man's collection. This Rolex model, with the reference number 126331, is a timeless piece that exudes luxury and precision craftsmanship.",FixedPrice,GTC,,,,,,"New York, NY",10036,10036,10036,2,2,0,lb,lb,PackageThickEnvelope,PackageThickEnvelope,,,,,,,,,,,,Daily Deals - 1Handling Day - (ID: 258461530020),No returns accepted - (ID: 24363507020),eBay Managed Payments (246832199020) - (ID: 246832199020),Rolex,Men,Wristwatch,126331,,,Rolex Datejust,,Mechanical (Automatic),,,,,,Analog,,100 m (10 ATM),,No,Yes,,,,,,,,,,No,,,,,,,,,,,,,,,,,,,,,,,,,,,,,,,,,,,,,,,,,,
Revise,366610439669,w-rw3067,31387,Feed-13321584275-87,"/Jewelry & Watches/Watches, Parts & Accessories/Watches/Wristwatches",Rolex GMT-Master II 126710BLRO Mens Pre-Owned Watch w/ Papers,89,,,24735.00,1,https://i.ebayimg.com/images/g/lbgAAeSwtEFqgo8Z/s-l1600.jpg,,3000,"The Rolex GMT-Master II 126710BLRO is a stylish and high-quality men's pre-owned watch with a black dial and stainless steel band. This mechanical automatic watch has a water resistance of 100 meters and comes with papers. With its iconic Rolex brand and classic design, this timepiece is sure to appeal to watch enthusiasts who appreciate both functionality and style.",FixedPrice,GTC,,,,,,"New York, NY",10036,10036,10036,2,2,0,lb,lb,PackageThickEnvelope,PackageThickEnvelope,,,,,,,,,,,,Daily Deals - 1Handling Day - (ID: 258461530020),No returns accepted - (ID: 24363507020),eBay Managed Payments (246832199020) - (ID: 246832199020),Rolex,Men,Wristwatch,126710BLRO,,,Rolex GMT-Master II,,Mechanical (Automatic),Black,Silver,,,Stainless Steel,Analog,,100 m (10 ATM),,No,Yes,,,,,,,,,,No,,,,,,,,,,,,,,,,,,,,,,,,,,,,,,,,,,,,,,,,,,
Revise,366610439667,w-t3487,31387,Feed-13321584275-88,"/Jewelry & Watches/Watches, Parts & Accessories/Watches/Wristwatches",Rolex Sky-Dweller 336934 Mens Pre-Owned Watch w/ Papers,90,,,24201.00,1,https://i.ebayimg.com/images/g/o9IAAeSwqXxqgo8Z/s-l1600.jpg,,3000,"The Rolex Sky-Dweller 336934 is a pre-owned men's watch featuring a mechanical automatic movement and 100m water resistance. This wristwatch has a silver case color and stainless steel band material, matching the signature Rolex brand. Complete with papers, this model is ideal for collectors and watch enthusiasts looking for a high-quality timepiece with a sleek design and reliable performance.",FixedPrice,GTC,,,,,,"New York, NY",10036,10036,10036,2,2,0,lb,lb,PackageThickEnvelope,PackageThickEnvelope,,,,,,,,,,,,Daily Deals - 1Handling Day - (ID: 258461530020),No returns accepted - (ID: 24363507020),eBay Managed Payments (246832199020) - (ID: 246832199020),Rolex,Men,Wristwatch,336934,,,Rolex Sky-Dweller,,Mechanical (Automatic),,Silver,,Silver,Stainless Steel,Analog,,100 m (10 ATM),,No,Yes,,,,,,,,,,No,,,,,,,,,,,,,,,,,,,,,,,,,,,,,,,,,,,,,,,,,,
Revise,366610439664,w-t3513,31387,Feed-13321584275-89,"/Jewelry & Watches/Watches, Parts & Accessories/Watches/Wristwatches",Rolex Submariner No Date 124060 Mens Retail Ready Watch w/ Papers,91,,,13431.00,1,https://i.ebayimg.com/images/g/02gAAeSwsJVqgo8Z/s-l1600.jpg,,3000,"The product is a Rolex Submariner No Date 124060 men's watch with papers. It features a mechanical (automatic) movement and water resistance up to 300m (30 ATM). The watch has a stainless steel band and a black dial, with a silver case color. This model is a classic Rolex Submariner, perfect for those looking for a high-quality, stylish timepiece that exudes luxury and craftsmanship.",FixedPrice,GTC,,,,,,"New York, NY",10036,10036,10036,2,2,0,lb,lb,PackageThickEnvelope,PackageThickEnvelope,,,,,,,,,,,,Daily Deals - 1Handling Day - (ID: 258461530020),No returns accepted - (ID: 24363507020),eBay Managed Payments (246832199020) - (ID: 246832199020),Rolex,Men,Wristwatch,124060,,,Rolex Submariner,Date,Mechanical (Automatic),Black,Silver,,Silver,Stainless Steel,Analog,,300 m (30 ATM),,No,Yes,,,,,,,,,,No,,,,,,,,,,,,,,,,,,,,,,,,,,,,,,,,,,,,,,,,,,
Revise,366610439672,w-t3514,31387,Feed-13321584275-90,"/Jewelry & Watches/Watches, Parts & Accessories/Watches/Wristwatches",Rolex Lady Date Just 69178 Womens Pre-Owned Watch No Box/Papers,92,,,11640.00,1,https://i.ebayimg.com/images/g/5hkAAeSwrKZqgo8Z/s-l1600.jpg,,3000,"The Rolex Lady Date Just 69178 women's pre-owned watch is a luxurious timepiece with a mechanical automatic movement. Featuring a stunning yellow gold case and band, this Rolex model is designed for women with a classic and elegant style. The watch includes a date feature and an analog display, making it a practical yet stylish accessory for any occasion. Though it does not come with its original box or papers, this Rolex Lady-Datejust watch is a timeless piece that exudes luxury and sophistication.",FixedPrice,GTC,,,,,,"New York, NY",10036,10036,10036,2,2,0,lb,lb,PackageThickEnvelope,PackageThickEnvelope,,,,,,,,,,,,Daily Deals - 1Handling Day - (ID: 258461530020),No returns accepted - (ID: 24363507020),eBay Managed Payments (246832199020) - (ID: 246832199020),Rolex,Women,Wristwatch,69178,,,Rolex Lady-Datejust,Date,Mechanical (Automatic),,Gold,,Gold,Yellow Gold,Analog,Yellow Gold,,,No,No,,,,,,,,,,No,,,,,,,,,,,,,,,,,,,,,,,,,,,,,,,,,,,,,,,,,,
Revise,366610439674,w-t3559,31387,Feed-13321584275-91,"/Jewelry & Watches/Watches, Parts & Accessories/Watches/Wristwatches",Rolex Submariner No Date 124060 Mens Retail Ready Watch w/ Papers,93,,,13431.00,1,https://i.ebayimg.com/images/g/5AgAAeSwIGNqgo8Z/s-l1600.jpg,,3000,"The Rolex Submariner No Date 124060 Men's Watch is a stylish timepiece with a sleek silver stainless steel band and black dial. This automatic mechanical watch has a water resistance of 300 meters, making it perfect for diving and everyday wear. It comes with original papers, and has a reference number of 124060. The classic Rolex Submariner design combined with modern features like date display and a durable construction make it a popular choice for those looking for a high-quality wristwatch.",FixedPrice,GTC,,,,,,"New York, NY",10036,10036,10036,2,2,0,lb,lb,PackageThickEnvelope,PackageThickEnvelope,,,,,,,,,,,,Daily Deals - 1Handling Day - (ID: 258461530020),No returns accepted - (ID: 24363507020),eBay Managed Payments (246832199020) - (ID: 246832199020),Rolex,Men,Wristwatch,124060,,,Rolex Submariner,Date,Mechanical (Automatic),Black,Silver,,Silver,Stainless Steel,Analog,,300 m (30 ATM),,No,Yes,,,,,,,,,,No,,,,,,,,,,,,,,,,,,,,,,,,,,,,,,,,,,,,,,,,,,
Revise,366610439670,w-t3608,31387,Feed-13321584275-92,"/Jewelry & Watches/Watches, Parts & Accessories/Watches/Wristwatches",Rolex Submariner Date 126613LB Mens Retail Ready Watch w/ Papers,94,,,18427.00,1,https://i.ebayimg.com/images/g/aXgAAeSwSOpqgo8Z/s-l1600.jpg,,3000,"The Rolex Submariner Date 126613LB is a men's wristwatch with a mechanical automatic movement and a water resistance of 300m. This retail-ready watch comes with papers and is part of the Rolex Submariner model line. The watch features a blue dial, date display, and an analog display. With its iconic Rolex brand and classic design, this watch is a luxurious and stylish accessory for any man's collection.",FixedPrice,GTC,,,,,,"New York, NY",10036,10036,10036,2,2,0,lb,lb,PackageThickEnvelope,PackageThickEnvelope,,,,,,,,,,,,Daily Deals - 1Handling Day - (ID: 258461530020),No returns accepted - (ID: 24363507020),eBay Managed Payments (246832199020) - (ID: 246832199020),Rolex,Men,Wristwatch,126613LB,,,Rolex Submariner,Date,Mechanical (Automatic),Blue,,,,,Analog,,300 m (30 ATM),,No,Yes,,,,,,,,,,No,,,,,,,,,,,,,,,,,,,,,,,,,,,,,,,,,,,,,,,,,,
Revise,366610439679,w-t3639,31387,Feed-13321584275-93,"/Jewelry & Watches/Watches, Parts & Accessories/Watches/Wristwatches",Rolex Sky-Dweller 336934 Mens Pre-Owned Watch w/ Papers,95,,,24201.00,1,https://i.ebayimg.com/images/g/7rEAAeSwMk1qgo8Z/s-l1600.jpg,,3000,"The Rolex Sky-Dweller 336934 Men's Pre-Owned Watch is a luxurious timepiece that features a mechanical automatic movement and water resistance up to 100 meters. This wristwatch comes with papers, making it a valuable and authentic piece for collectors and enthusiasts. The stainless steel band and silver case color add to the elegant design of this Rolex model, making it a coveted choice for those seeking a high-quality and stylish accessory.",FixedPrice,GTC,,,,,,"New York, NY",10036,10036,10036,2,2,0,lb,lb,PackageThickEnvelope,PackageThickEnvelope,,,,,,,,,,,,Daily Deals - 1Handling Day - (ID: 258461530020),No returns accepted - (ID: 24363507020),eBay Managed Payments (246832199020) - (ID: 246832199020),Rolex,Men,Wristwatch,336934,,,Rolex Sky-Dweller,,Mechanical (Automatic),,Silver,,Silver,Stainless Steel,Analog,,100 m (10 ATM),,No,Yes,,,,,,,,,,No,,,,,,,,,,,,,,,,,,,,,,,,,,,,,,,,,,,,,,,,,,
Revise,366610439681,w-t3652,31387,Feed-13321584275-94,"/Jewelry & Watches/Watches, Parts & Accessories/Watches/Wristwatches",Rolex GMT-Master II 116713LN Mens Pre-Owned Watch w/ Papers,96,,,14114.00,1,https://i.ebayimg.com/images/g/nOYAAeSwjZxqgo8Z/s-l1600.jpg,,3000,"The Rolex GMT-Master II 116713LN is a pre-owned men's wristwatch featuring a black dial and analog display. This luxurious timepiece is part of the Rolex brand, known for its high-quality mechanical (automatic) movement. With original papers included, this Rolex GMT-Master II model is a sophisticated and stylish accessory for any watch enthusiast.",FixedPrice,GTC,,,,,,"New York, NY",10036,10036,10036,2,2,0,lb,lb,PackageThickEnvelope,PackageThickEnvelope,,,,,,,,,,,,Daily Deals - 1Handling Day - (ID: 258461530020),No returns accepted - (ID: 24363507020),eBay Managed Payments (246832199020) - (ID: 246832199020),Rolex,Men,Wristwatch,116713LN,,,Rolex GMT-Master II,,Mechanical (Automatic),Black,,,,,Analog,,,,No,Yes,,,,,,,,,,No,,,,,,,,,,,,,,,,,,,,,,,,,,,,,,,,,,,,,,,,,,
Revise,366610439682,w-t3653,31387,Feed-13321584275-95,"/Jewelry & Watches/Watches, Parts & Accessories/Watches/Wristwatches",Rolex GMT-Master II 126710GRNR Mens Unworn Watch w/ Papers,97,,,21456.00,1,https://i.ebayimg.com/images/g/1voAAeSw3bJqgo8Z/s-l1600.jpg,,1500,"The Rolex GMT-Master II 126710GRNR is a high-quality men's wristwatch with a stainless steel band, black dial, and silver accents. This automatic mechanical watch comes with original papers and is in unworn condition, making it a valuable and sought-after timepiece for Rolex enthusiasts. With its renowned brand, precise movement, and stylish design, the Rolex GMT-Master II 126710GRNR is a sophisticated and reliable accessory for any modern man.",FixedPrice,GTC,,,,,,"New York, NY",10036,10036,10036,2,2,0,lb,lb,PackageThickEnvelope,PackageThickEnvelope,,,,,,,,,,,,Daily Deals - 1Handling Day - (ID: 258461530020),No returns accepted - (ID: 24363507020),eBay Managed Payments (246832199020) - (ID: 246832199020),Rolex,Men,Wristwatch,126710GRNR,,,Rolex GMT-Master II,,Mechanical (Automatic),Black,Silver,,,Stainless Steel,Analog,,,,No,Yes,,,,,,,,,,No,,,,,,,,,,,,,,,,,,,,,,,,,,,,,,,,,,,,,,,,,,
Revise,366610439686,w-t3676,31387,Feed-13321584275-96,"/Jewelry & Watches/Watches, Parts & Accessories/Watches/Wristwatches",Rolex Sky-Dweller 336934 Mens Pre-Owned Watch w/ Papers,98,,,24201.00,1,https://i.ebayimg.com/images/g/7~oAAeSw0Kxqgo8Z/s-l1600.jpg,,3000,"The Rolex Sky-Dweller 336934 Men's Pre-Owned Watch comes with papers, making it a valuable collector's item for Rolex enthusiasts. This wristwatch features a stunning blue dial and a stainless steel band, showcasing a sleek and elegant design. With a water resistance of 100 meters, this mechanical (automatic) timepiece is not only stylish but also durable for everyday wear. The intricate Sky-Dweller model, along with the iconic Rolex brand, ensures a high-quality and luxurious timepiece that is sure to make a statement.",FixedPrice,GTC,,,,,,"New York, NY",10036,10036,10036,2,2,0,lb,lb,PackageThickEnvelope,PackageThickEnvelope,,,,,,,,,,,,Daily Deals - 1Handling Day - (ID: 258461530020),No returns accepted - (ID: 24363507020),eBay Managed Payments (246832199020) - (ID: 246832199020),Rolex,Men,Wristwatch,336934,,,Rolex Sky-Dweller,,Mechanical (Automatic),Blue,Silver,,Silver,Stainless Steel,Analog,,100 m (10 ATM),,No,Yes,,,,,,,,,,No,,,,,,,,,,,,,,,,,,,,,,,,,,,,,,,,,,,,,,,,,,
Revise,366610439678,w-t3685,31387,Feed-13321584275-97,"/Jewelry & Watches/Watches, Parts & Accessories/Watches/Wristwatches",Rolex Submariner No Date 114060 Mens Pre-Owned Watch w/ Papers,99,,,11632.00,1,https://i.ebayimg.com/images/g/o9QAAeSwqXxqgo8Z/s-l1600.jpg,,3000,The Rolex Submariner No Date 114060 is a pre-owned men's watch with a sleek silver case and black dial. This mechanical (automatic) wristwatch boasts a stainless steel band and features a date display on the analog dial. The watch comes with papers confirming authenticity and is part of the iconic Rolex Submariner model.,FixedPrice,GTC,,,,,,"New York, NY",10036,10036,10036,2,2,0,lb,lb,PackageThickEnvelope,PackageThickEnvelope,,,,,,,,,,,,Daily Deals - 1Handling Day - (ID: 258461530020),No returns accepted - (ID: 24363507020),eBay Managed Payments (246832199020) - (ID: 246832199020),Rolex,Men,Wristwatch,114060,,,Rolex Submariner,Date,Mechanical (Automatic),Black,Silver,,Silver,Stainless Steel,Analog,,,,No,Yes,,,,,,,,,,No,,,,,,,,,,,,,,,,,,,,,,,,,,,,,,,,,,,,,,,,,,
Revise,366610439693,w-u1037,31387,Feed-13321584275-98,"/Jewelry & Watches/Watches, Parts & Accessories/Watches/Wristwatches",Rolex Submariner Date 116613LB Mens Pre-Owned Watch No Box/Papers,100,,,15034.00,1,https://i.ebayimg.com/images/g/dvAAAeSwJvdqgo8Z/s-l1600.jpg,,3000,"The Rolex Submariner Date 116613LB Men's Pre-Owned Watch is a luxurious wristwatch with a beautiful blue dial and a sturdy stainless steel case. This automatic mechanical watch has a water resistance of 300 meters, making it perfect for diving and everyday wear. With a date feature and an analog display, this Rolex Submariner model is a timeless piece for any watch enthusiast.",FixedPrice,GTC,,,,,,"New York, NY",10036,10036,10036,2,2,0,lb,lb,PackageThickEnvelope,PackageThickEnvelope,,,,,,,,,,,,Daily Deals - 1Handling Day - (ID: 258461530020),No returns accepted - (ID: 24363507020),eBay Managed Payments (246832199020) - (ID: 246832199020),Rolex,Men,Wristwatch,116613LB,,,Rolex Submariner,Date,Mechanical (Automatic),Blue,,,Silver,,Analog,,300 m (30 ATM),2020-Now,No,No,,,,,,,,,,No,,,,,,,,,,,,,,,,,,,,,,,,,,,,,,,,,,,,,,,,,,
Revise,366610439684,w-u1071,31387,Feed-13321584275-99,"/Jewelry & Watches/Watches, Parts & Accessories/Watches/Wristwatches",Rolex Datejust 126334 Womens Pre-Owned Watch No Box/Papers,101,,,14545.00,1,https://i.ebayimg.com/images/g/-fsAAeSw1yVqgo8Z/s-l1600.jpg,,3000,"The Rolex Datejust 126334 is a pre-owned women's watch with a classic design. This stainless steel watch features a beautiful blue dial and a silver case and band. With a mechanical automatic movement and a water resistance of 100 meters, it is both stylish and reliable. While it does not come with its original box or papers, this Rolex model is a timeless piece that adds elegance to any outfit.",FixedPrice,GTC,,,,,,"New York, NY",10036,10036,10036,2,2,0,lb,lb,PackageThickEnvelope,PackageThickEnvelope,,,,,,,,,,,,Daily Deals - 1Handling Day - (ID: 258461530020),No returns accepted - (ID: 24363507020),eBay Managed Payments (246832199020) - (ID: 246832199020),Rolex,Women,Wristwatch,126334,,,Rolex Datejust,,Mechanical (Automatic),Blue,Silver,,Silver,Stainless Steel,Analog,,100 m (10 ATM),,No,No,,,,,,,,,,No,,,,,,,,,,,,,,,,,,,,,,,,,,,,,,,,,,,,,,,,,,
Revise,366610439690,w-u1122,31387,Feed-13321584275-100,"/Jewelry & Watches/Watches, Parts & Accessories/Watches/Wristwatches",Rolex Day-Date 128238 Mens Pre-Owned Watch Full Set Box & Papers,102,,,54315.00,1,https://i.ebayimg.com/images/g/m2kAAeSwhP1qgo8Z/s-l1600.jpg,,3000,"The Rolex Day-Date 128238 Mens Pre-Owned Watch is a luxurious timepiece with a yellow gold band and mechanical automatic movement. This stylish wristwatch features the iconic Rolex Day-Date model, complete with original box and papers. With a classic analog display and day/date feature, this high-quality Swiss watch is a perfect choice for any man looking for a sophisticated and reliable timepiece.",FixedPrice,GTC,,,,,,"New York, NY",10036,10036,10036,2,2,0,lb,lb,PackageThickEnvelope,PackageThickEnvelope,,,,,,,,,,,,Daily Deals - 1Handling Day - (ID: 258461530020),No returns accepted - (ID: 24363507020),eBay Managed Payments (246832199020) - (ID: 246832199020),Rolex,Men,Wristwatch,128238,,,Rolex Day-Date,Day-Date,Mechanical (Automatic),,,,,Yellow Gold,Analog,,,,Yes,Yes,,,,,,,,,,No,,,,,,,,,,,,,,,,,,,,,,,,,,,,,,,,,,,,,,,,,,
Revise,366610439687,w-t3431,31387,Feed-13321584275-101,"/Jewelry & Watches/Watches, Parts & Accessories/Watches/Wristwatches",Rolex GMT-Master II 126710BLRO Mens Retail Ready Watch w/ Papers,103,,,24735.00,1,https://i.ebayimg.com/images/g/lm8AAeSwZoJqgo8Z/s-l1600.jpg,,3000,"The Rolex GMT-Master II 126710BLRO Men's Watch is a high-quality wristwatch featuring a mechanical (automatic) movement. With a water resistance of 100m (10 ATM), this timepiece is suitable for everyday wear. The watch comes with original papers and has a stainless steel band in silver color, complementing the black dial. This Retail Ready watch from Rolex is a stylish and reliable accessory for any man looking for a top-tier timepiece.",FixedPrice,GTC,,,,,,"New York, NY",10036,10036,10036,2,2,0,lb,lb,PackageThickEnvelope,PackageThickEnvelope,,,,,,,,,,,,Daily Deals - 1Handling Day - (ID: 258461530020),No returns accepted - (ID: 24363507020),eBay Managed Payments (246832199020) - (ID: 246832199020),Rolex,Men,Wristwatch,126710BLRO,,,Rolex GMT-Master II,,Mechanical (Automatic),Black,Silver,,,Stainless Steel,Analog,,100 m (10 ATM),,No,Yes,,,,,,,,,,No,,,,,,,,,,,,,,,,,,,,,,,,,,,,,,,,,,,,,,,,,,
Revise,366610439695,w-3481,31387,Feed-13321584275-102,"/Jewelry & Watches/Watches, Parts & Accessories/Watches/Wristwatches",Rolex Datejust 126334 Womens Retail Ready Watch w/ Papers,104,,,14545.00,1,https://i.ebayimg.com/images/g/ybUAAeSwbjtqgo8Z/s-l1600.jpg,,3000,"The Rolex Datejust 126334 Women's Retail Ready Watch is a luxurious timepiece featuring a silver case and band color, complemented by a mechanical automatic movement. This wristwatch comes with original papers, making it a valuable addition to any watch collection. With its elegant design and reliable Rolex brand, this analog watch is perfect for everyday wear or special occasions.",FixedPrice,GTC,,,,,,"New York, NY",10036,10036,10036,2,2,0,lb,lb,PackageThickEnvelope,PackageThickEnvelope,,,,,,,,,,,,Daily Deals - 1Handling Day - (ID: 258461530020),No returns accepted - (ID: 24363507020),eBay Managed Payments (246832199020) - (ID: 246832199020),Rolex,Women,Wristwatch,126334,,,Datejust,,Mechanical (Automatic),,Silver,,Silver,,Analog,,,,No,Yes,,,,,,,,,,No,,,,,,,,,,,,,,,,,,,,,,,,,,,,,,,,,,,,,,,,,,
