366610439542	Rolex Day-Date 228348RBR Mens Pre-Owned Watch w/ Papers	w-3180
366610439547	Rolex Submariner Date 126610LN Mens Pre-Owned Watch No Box/Papers	w-3194
366610439557	AP Royal Oak Selfwinding 15510ST Mens Mint Watch Full Set Box & Papers	w-3286
366610439561	Rolex Daytona 116505 Mens Mint Watch w/ Papers	w-3314
366610439558	Rolex Datejust 178271 Unisex Good Watch No Box/Papers	w-3355
366610439556	Rolex Datejust 116203 Unisex Pre-Owned Watch No Box/Papers	w-3365
366610439564	Rolex Sky-Dweller 336933 Mens Pre-Owned Watch Full Set Box & Papers	w-3398
366610439695	Rolex Datejust 126334 Womens Retail Ready Watch w/ Papers	w-3481
366610439570	Rolex Datejust 126234 Unisex Good Watch w/ Papers	w-3514
366610439572	Rolex Day-Date 218235 Mens Pre-Owned Watch w/ Papers	w-3519
366610439565	Rolex Day-Date II 218235 Mens Pre-Owned Watch w/ Papers	w-3530
366610439559	Rolex Lady Date Just 279384 Womens Excellent Watch No Box/Papers	w-3613
366610439597	Rolex Day-Date 228239 Mens Pre-Owned Watch w/ Papers	w-3682
366610439576	Rolex Day-Date 228235 Mens Excellent Watch No Box/Papers	w-3838
366610439579	Rolex Submariner No Date 114060 Mens Mint Watch w/ Papers	w-3850
366610439581	Rolex Day-Date 228238 Mens Excellent Watch w/ Papers	w-3869
366610439582	Rolex Day-Date 228345 Mens Unworn Watch w/ Papers	w-3872
366610439587	Rolex Day-Date 228235 Mens Pre-Owned Watch No Box/Papers	w-3882
366610439589	Rolex Datejust 116263 Unisex Pre-Owned Watch No Box/Papers	w-3906
366610439592	Rolex Submariner Date 126610LN Mens Excellent Watch No Box/Papers	w-3979
366610439596	Rolex Sky-Dweller 336938 Mens Pre-Owned Watch w/ Papers	w-3994
366610439573	Rolex Day-Date 228239 Mens Pre-Owned Watch w/ Papers	w-4081
366610439599	Rolex Oyster Perpetual 134300 Unisex Excellent Watch No Box/Papers	w-4085
366610439591	Audemars Piguet Royal Oak Selfwinding 26240BA.OO.1320BA.02 Mens Unworn w/ Papers	w-6197
366610439606	Rolex GMT-Master II 116718LN Mens Retail Ready Watch w/ Papers	w-8114
366610439632	Rolex Datejust 126300 Unisex Pre-Owned Watch No Box/Papers	w-8994
366610439624	Rolex Daytona 116505 Mens Mint Watch w/ Papers	w-9004
366610439633	Rolex Yacht-Master II 116681 Mens Mint Watch No Box/Papers	w-9077
366610439647	Rolex GMT-Master II 126710BLNR Mens Mint Watch No Box/Papers	w-9220
366610439644	Rolex Datejust 126333 Mens Mint Watch No Box/Papers	w-9469
366610439654	Rolex Sky-Dweller 326935 Mens Pre-Owned Watch w/ Papers	w-9696
366610439663	Rolex Day-Date 228235 Mens Mint Watch w/ Papers	w-9855
366610439665	Rolex Day-Date 228238 Mens Pre-Owned Watch w/ Papers	w-9989
366610439658	Audemars Piguet Royal Oak 56175SA Womens Pre-Owned Watch w/ Papers	w-p5267
366610439662	Rolex Submariner Date 126613LB Mens Pre-Owned Watch w/ Papers	w-rw3036
366610439666	Rolex Sky-Dweller 326933 Mens Pre-Owned Watch w/ Papers	w-rw3039
366610439668	Rolex Datejust 126331 Mens Pre-Owned Watch w/ Papers	w-rw3041
366610439669	Rolex GMT-Master II 126710BLRO Mens Pre-Owned Watch w/ Papers	w-rw3067
366610439687	Rolex GMT-Master II 126710BLRO Mens Retail Ready Watch w/ Papers	w-t3431
366610439667	Rolex Sky-Dweller 336934 Mens Pre-Owned Watch w/ Papers	w-t3487
366610439664	Rolex Submariner No Date 124060 Mens Retail Ready Watch w/ Papers	w-t3513
366610439672	Rolex Lady Date Just 69178 Womens Pre-Owned Watch No Box/Papers	w-t3514
366610439674	Rolex Submariner No Date 124060 Mens Retail Ready Watch w/ Papers	w-t3559
366610439670	Rolex Submariner Date 126613LB Mens Retail Ready Watch w/ Papers	w-t3608
366610439679	Rolex Sky-Dweller 336934 Mens Pre-Owned Watch w/ Papers	w-t3639
366610439681	Rolex GMT-Master II 116713LN Mens Pre-Owned Watch w/ Papers	w-t3652
366610439682	Rolex GMT-Master II 126710GRNR Mens Unworn Watch w/ Papers	w-t3653
366610439686	Rolex Sky-Dweller 336934 Mens Pre-Owned Watch w/ Papers	w-t3676
366610439678	Rolex Submariner No Date 114060 Mens Pre-Owned Watch w/ Papers	w-t3685
366610439693	Rolex Submariner Date 116613LB Mens Pre-Owned Watch No Box/Papers	w-u1037
366610439684	Rolex Datejust 126334 Womens Pre-Owned Watch No Box/Papers	w-u1071
366610439690	Rolex Day-Date 128238 Mens Pre-Owned Watch Full Set Box & Papers	w-u1122
