item_id,sku,title,url
366650116098,RW3101,Unworn Rolex Sky Dweller 336934,https://www.ebay.com/itm/366650116098
366650116109,RW3105,Unworn Rolex Oyster Perpetual 277200,https://www.ebay.com/itm/366650116109
366650107494,RW3076,Unworn Rolex Land-Dweller 127334,https://www.ebay.com/itm/366650107494
366649020299,RW3054,Unworn Rolex Datejust 278271,https://www.ebay.com/itm/366649020299
366650116219,6190,Unworn Patek Philippe Aquanaut 5968R-001,https://www.ebay.com/itm/366650116219
365546985797,21,Tennis Choker Necklace,https://www.ebay.com/itm/365546985797
366650116073,RW3098,Rolex Submariner Date 16610,https://www.ebay.com/itm/366650116073
366650116029,RW3084,Rolex Submariner Date 116613LB,https://www.ebay.com/itm/366650116029
366650115982,RW3066,Rolex Submariner Date 116610LV,https://www.ebay.com/itm/366650115982
366649020283,R3017,Rolex Submariner Date 116610LN,https://www.ebay.com/itm/366649020283
366650116118,RW3107,Rolex Oyster Perpetual 114300,https://www.ebay.com/itm/366650116118
366650116037,RW3085,Rolex Milgauss 116400GV,https://www.ebay.com/itm/366650116037
366650115994,RW3082,Rolex Datejust 126334,https://www.ebay.com/itm/366650115994
366650116008,RW3083,Rolex Datejust 126333,https://www.ebay.com/itm/366650116008
366655894070,R3006,Rolex Datejust 126331,https://www.ebay.com/itm/366655894070
366649775474,RW3060,Rolex Datejust 126331,https://www.ebay.com/itm/366649775474
366649020636,J10408,Pre-Owned Verdura 18K Yellow Gold Twisted Rope Link Round Dial Watch,https://www.ebay.com/itm/366649020636
366649318201,RR7571,Pre-Owned Van Cleef & Arpels Façade 18K Yellow Gold Vintage Women Watch,https://www.ebay.com/itm/366649318201
366649317685,RR7571,Pre-Owned Van Cleef & Arpels Façade 18K Yellow Gold Vintage Women Watch,https://www.ebay.com/itm/366649317685
366649318209,J10355,Pre-Owned Van Cleef & Arpels Cadenas 18K Yellow Gold Diamond Five Row Ladies Bra,https://www.ebay.com/itm/366649318209
366649020294,J10355,Pre-Owned Van Cleef & Arpels Cadenas 18K Yellow Gold Diamond Five Row Bracelet W,https://www.ebay.com/itm/366649020294
366653595297,RR5823,Pre-Owned Van Cleef & Arpels 1940's 18K Yellow Gold Vintage Retro Diamond Wrist,https://www.ebay.com/itm/366653595297
366649318204,van-cleef-arpels-1940s-18k-yellow-gold-vintage-ret,Pre-Owned Van Cleef & Arpels 1940's 18K Yellow Gold Vintage Retro Diamond Wrist,https://www.ebay.com/itm/366649318204
366649317714,RR5823,Pre-Owned Van Cleef & Arpels 1940's 18K Yellow Gold Vintage Retro Diamond Wrist,https://www.ebay.com/itm/366649317714
366649318197,RR7666,Pre-Owned Van Cleef & Arpels 18K Yellow Gold Diamond Cover Open Link Watch,https://www.ebay.com/itm/366649318197
366649317688,RR7666,Pre-Owned Van Cleef & Arpels 18K Yellow Gold Diamond Cover Open Link Watch,https://www.ebay.com/itm/366649317688
366649318168,J10077,Pre-Owned Van Cleef & Arpels 18K Yellow Gold Bouton D'or Medium Model Diamond Di,https://www.ebay.com/itm/366649318168
366649233308,J10077,Pre-Owned Van Cleef & Arpels 18K Yellow Gold Bouton D'or Medium Model Diamond Di,https://www.ebay.com/itm/366649233308
366649318178,RR9229,Pre-Owned Van Cleef & Arpels 18K Yellow Gold 32mm Charm Diamond Bezel Alligator,https://www.ebay.com/itm/366649318178
366649317675,RR9229,Pre-Owned Van Cleef & Arpels 18K Yellow Gold 32mm Charm Diamond Bezel Alligator,https://www.ebay.com/itm/366649317675
366649318174,RR9406,Pre-Owned Van Cleef & Arpels 18K Rose Gold Charms Carnelian Dial 38mm Double Row,https://www.ebay.com/itm/366649318174
366649020281,RR9406,Pre-Owned Van Cleef & Arpels 18K Rose Gold Charms Carnelian Dial 38mm Double Row,https://www.ebay.com/itm/366649020281
366650116122,RW3106,Pre-Owned Rolex Submariner No Date 114060,https://www.ebay.com/itm/366650116122
366650116054,RW3097,Pre-Owned Rolex Submariner No Date 114060,https://www.ebay.com/itm/366650116054
366650116087,RW3100,Pre-Owned Rolex Submariner Date 126618LB,https://www.ebay.com/itm/366650116087
366653596686,3863,Pre-Owned Rolex Submariner Date 126613LB,https://www.ebay.com/itm/366653596686
366649318555,3810,Pre-Owned Rolex Submariner Date 126613LB,https://www.ebay.com/itm/366649318555
366648998396,RW3036,Pre-Owned Rolex Submariner Date 126613LB,https://www.ebay.com/itm/366648998396
366650116047,RW3094,Pre-Owned Rolex Submariner Date 126610LN,https://www.ebay.com/itm/366650116047
366649020295,RW3056,Pre-Owned Rolex Submariner Date 126610LN,https://www.ebay.com/itm/366649020295
366650116100,RW3103,Pre-Owned Rolex Submariner Date 116613LB,https://www.ebay.com/itm/366650116100
366650116055,RW3092,Pre-Owned Rolex Submariner Date 116610LV,https://www.ebay.com/itm/366650116055
366650116140,RW3095,Pre-Owned Rolex Submariner Date 116610LN,https://www.ebay.com/itm/366650116140
366650116126,3972,Pre-Owned Rolex Sky Dweller 326933,https://www.ebay.com/itm/366650116126
366649775410,R3014,Pre-Owned Rolex Sky Dweller 326933,https://www.ebay.com/itm/366649775410
366649089304,RW3039,Pre-Owned Rolex Sky Dweller 326933,https://www.ebay.com/itm/366649089304
366649775730,RW3073,Pre-Owned Rolex Sea Dweller 126660,https://www.ebay.com/itm/366649775730
366649775509,RW3065,Pre-Owned Rolex Sea Dweller 126600,https://www.ebay.com/itm/366649775509
366650116038,RW3087,Pre-Owned Rolex Oyster Perpetual 114200,https://www.ebay.com/itm/366650116038
366649317343,3721,Pre-Owned Rolex GMT Master II 126713GRNR,https://www.ebay.com/itm/366649317343
366648998544,RW3067,Pre-Owned Rolex GMT Master II 126710BLRO,https://www.ebay.com/itm/366648998544
366663324638,RW3035,Pre-Owned Rolex GMT Master II 126710BLNR 40mm October 2020,https://www.ebay.com/itm/366663324638
366659407867,RW3064,Pre-Owned Rolex Explorer II 226570,https://www.ebay.com/itm/366659407867
366650116103,RW3102,Pre-Owned Rolex Deepsea 136660,https://www.ebay.com/itm/366650116103
366651077522,8500,Pre-Owned Rolex Daytona 116505,https://www.ebay.com/itm/366651077522
366650116085,RW3099,Pre-Owned Rolex Daytona 116500LN,https://www.ebay.com/itm/366650116085
366650116144,RW3096,Pre-Owned Rolex Datejust 126334 41mm March 2018,https://www.ebay.com/itm/366650116144
366650116104,RW3104,Pre-Owned Rolex Datejust 126334,https://www.ebay.com/itm/366650116104
366653595478,RW3047,Pre-Owned Rolex Datejust 126333,https://www.ebay.com/itm/366653595478
366650116152,RW3086,Pre-Owned Rolex Datejust 126333,https://www.ebay.com/itm/366650116152
366650116040,RW3088,Pre-Owned Rolex Datejust 126333,https://www.ebay.com/itm/366650116040
366649020289,RW3043,Pre-Owned Rolex Datejust 126333,https://www.ebay.com/itm/366649020289
366653595490,RW3062,Pre-Owned Rolex Datejust 126331,https://www.ebay.com/itm/366653595490
366649318181,RW3041,Pre-Owned Rolex Datejust 126331,https://www.ebay.com/itm/366649318181
366649020287,RW3046,Pre-Owned Rolex Datejust 126331,https://www.ebay.com/itm/366649020287
366650107489,RW3059,Pre-Owned Rolex Datejust 126231,https://www.ebay.com/itm/366650107489
366650761236,3371,Pre-Owned Rolex Datejust 116233,https://www.ebay.com/itm/366650761236
366650761234,3370,Pre-Owned Rolex Datejust 116233,https://www.ebay.com/itm/366650761234
366649233365,RR9026,Pre-Owned Harry Winston 18K White Gold Avenue Automatic Diamond Women Watch,https://www.ebay.com/itm/366649233365
366648996865,J10501,Pre-Owned Graff 18K White Gold Butterfly Green Emerald Limited Edition 32mm Dial,https://www.ebay.com/itm/366648996865
366649318250,RR9688,Pre-Owned Chopard Platinum Deco Diamond And Green Emerald Women Watch,https://www.ebay.com/itm/366649318250
366649233332,RR9688,Pre-Owned Chopard Platinum Deco Diamond And Green Emerald Women Watch,https://www.ebay.com/itm/366649233332
366649089060,J10484,Pre-Owned Chopard 18K Yellow Gold Diamond Grid Ref 2044 Manual Wind Onyx Ladies,https://www.ebay.com/itm/366649089060
366649020284,J10484,Pre-Owned Chopard 18K Yellow Gold Diamond Grid Ref 2044 Manual Wind Onyx Ladies,https://www.ebay.com/itm/366649020284
366649233396,RR8379,Pre-Owned Chopard 18K Yellow Gold 1970's Bark Finish Lapis Dial 1970's Wrist Wom,https://www.ebay.com/itm/366649233396
366649089046,RR8379,Pre-Owned Chopard 18K Yellow Gold 1970's Bark Finish Lapis Dial 1970's Wrist Wom,https://www.ebay.com/itm/366649089046
366650107616,RR4616,Pre-Owned Chopard 18K White Gold Classique Femme Secret Compartment Diamond Wome,https://www.ebay.com/itm/366650107616
366649089030,RR4616,Pre-Owned Chopard 18K White Gold Classique Femme Secret Compartment Diamond Wome,https://www.ebay.com/itm/366649089030
366649317673,RR9295,Pre-Owned Chopard 18K White Gold Chopardissimo Mirror Dial 40mm Dial Women Watch,https://www.ebay.com/itm/366649317673
366650115881,RR4018,Pre-Owned Chanel 18K Yellow Gold Premier Diamond Black Dial Women Watch,https://www.ebay.com/itm/366650115881
366649318117,RR9291,Pre-Owned Cartier Trinity 18K Tri Color Trinity Round Dial 27mm 1990's Diamond W,https://www.ebay.com/itm/366649318117
366649233342,RR9291,Pre-Owned Cartier Trinity 18K Tri Color Trinity Round Dial 27mm 1990's Diamond W,https://www.ebay.com/itm/366649233342
366649318157,J10493,Pre-Owned Cartier Tank Asymmetric 18K White Gold Diamond Ladies Ref 2786 Watch,https://www.ebay.com/itm/366649318157
366649020280,J10493,Pre-Owned Cartier Tank Asymmetric 18K White Gold Diamond Ladies Ref 2786 Watch,https://www.ebay.com/itm/366649020280
366649318128,RR2128,Pre-Owned Cartier Pasha Seatimer Stainless Steel 42mm Chronograph Black Watch,https://www.ebay.com/itm/366649318128
366649318148,J10492,Pre-Owned Cartier Pasha 18K Yellow Gold 38mm Ref.1989 Leather Accents Watch,https://www.ebay.com/itm/366649318148
366649020288,J10492,Pre-Owned Cartier Pasha 18K Yellow Gold 38mm Ref.1989 Leather Accents Watch,https://www.ebay.com/itm/366649020288
366649235632,J10461,Pre-Owned Cartier Pasha 18K White Gold 32mm Dial Diamond Markers #2398 Watch,https://www.ebay.com/itm/366649235632
366648996880,J10461,Pre-Owned Cartier Pasha 18K White Gold 32mm Dial Diamond Markers #2398 Watch,https://www.ebay.com/itm/366648996880
366649232514,RR9758,Pre-Owned Cartier Panthere 18K Yellow Gold Factory Diamond Mid Size Ref 1280/2 W,https://www.ebay.com/itm/366649232514
366649774663,RR8601,"Pre-Owned Cartier 18K Yellow Gold Tank Francaise 25,, Ref 1821 Women Diamond Wat",https://www.ebay.com/itm/366649774663
366649235621,RR8601,"Pre-Owned Cartier 18K Yellow Gold Tank Francaise 25,, Ref 1821 Women Diamond Wat",https://www.ebay.com/itm/366649235621
366649776143,RR7980,Pre-Owned Cartier 18K White Gold Santos 100 Unisex White Gold Diamond Unisex Wat,https://www.ebay.com/itm/366649776143
366649318123,RR7980,Pre-Owned Cartier 18K White Gold Santos 100 Unisex White Gold Diamond Unisex Wat,https://www.ebay.com/itm/366649318123
366649318144,RR9533,Pre-Owned Cartier 18K White Gold Captive 35mm Diamond Dial Ref 3120 Watch,https://www.ebay.com/itm/366649318144
366649020285,RR9533,Pre-Owned Cartier 18K White Gold Captive 35mm Diamond Dial Ref 3120 Watch,https://www.ebay.com/itm/366649020285
366649317665,RR9917,Pre-Owned Cartier 18K Rose Gold Captive 55mm Diamond Bezel And Diamond Dial Watc,https://www.ebay.com/itm/366649317665
366649235604,RR9917,Pre-Owned Cartier 18K Rose Gold Captive 55mm Diamond Bezel And Diamond Dial Watc,https://www.ebay.com/itm/366649235604
366648996840,J10515,Pre-Owned Bvlgari Serpenti 18K Yellow Gold Blackened Steel Circa 1965 Jaeger Lec,https://www.ebay.com/itm/366648996840
366649020577,J10259,"Pre-Owned Bvlgari Serpenti 18K White Gold Quartz, White Dial Diamond Ladies Watc",https://www.ebay.com/itm/366649020577
366649233256,J10326,Pre-Owned Bvlgari Serpenti 18K Rose Gold Sp P35g Black Dial Diamond Bezel Ladies,https://www.ebay.com/itm/366649233256
366648997013,J10326,Pre-Owned Bvlgari Serpenti 18K Rose Gold SP P35G Black Dial Diamond Bezel Ladies,https://www.ebay.com/itm/366648997013
366649774697,RR5576,Pre-Owned Bvlgari Quadrato Tubogas Gold Diamond Dial F078 Flex Women Watch,https://www.ebay.com/itm/366649774697
366649318065,RR5576,Pre-Owned Bvlgari Quadrato Tubogas Gold Diamond Dial F078 Flex Women Watch,https://www.ebay.com/itm/366649318065
366649233268,J10322,Pre-Owned Bvlgari Quadrato Bvlgari Quadrato 22mm Square Dial F1218 Sq 22 2t Watc,https://www.ebay.com/itm/366649233268
366648997025,J10322,Pre-Owned Bvlgari Quadrato Bvlgari Quadrato 22mm Square Dial F1218 SQ 22 2T Watc,https://www.ebay.com/itm/366648997025
366649233279,J10267,Pre-Owned Bvlgari Parentesi 18K Yellow Gold Bj 01 H54486 Watch,https://www.ebay.com/itm/366649233279
366649232499,J10267,Pre-Owned Bvlgari Parentesi 18K Yellow Gold BJ 01 H54486 Watch,https://www.ebay.com/itm/366649232499
366649317560,J10321,Pre-Owned Bvlgari Circa 1990 18K Two Tone Bvlgari Circa 1990 18K Two Tone Bb 26,https://www.ebay.com/itm/366649317560
366648997022,J10444,Pre-Owned Bvlgari 18K Yellow Gold Tubogas 30mm Dial Watch,https://www.ebay.com/itm/366648997022
366648996894,J10444,Pre-Owned Bvlgari 18K Yellow Gold Tubogas 30mm Dial Watch,https://www.ebay.com/itm/366648996894
366649774698,RR7039,Pre-Owned Bvlgari 18K Yellow Gold Sq 22 2t Quadrato Tubogas Diamond Bezel Women,https://www.ebay.com/itm/366649774698
366648997006,RR7039,Pre-Owned Bvlgari 18K Yellow Gold SQ 22 2T Quadrato Tubogas Diamond Bezel Women,https://www.ebay.com/itm/366648997006
366649233221,J10487,Pre-Owned Bvlgari 18K Yellow Gold Bb 19 2t Quartz Watch,https://www.ebay.com/itm/366649233221
366648997016,J10487,Pre-Owned Bvlgari 18K Yellow Gold BB 19 2T Quartz Watch,https://www.ebay.com/itm/366648997016
366649232435,RR9952,Pre-Owned Bvlgari 18K Yellow Gold BB 19 1T Vintage Serpenti Black Dial Watch,https://www.ebay.com/itm/366649232435
366648996965,J10141,Pre-Owned Bvlgari 18K Two Tone BB 232T Tubogas Watch,https://www.ebay.com/itm/366648996965
366649020578,RR8272,Pre-Owned Bvlgari 18K Rose Gold Black Enamel Diamond SP P 26G Ladies Watch,https://www.ebay.com/itm/366649020578
366651077339,,MICHELE Signature Deco Two-Tone 18K Gold-Plated Diamond Watch,https://www.ebay.com/itm/366651077339
366650564934,,"MICHELE SIGNATURE DECO NON-DIAMOND, DIAMOND DIAL WATCH (Online Only)",https://www.ebay.com/itm/366650564934
366650784395,,"MICHELE SIGNATURE DECO GOLD DIAMOND, DIAMOND DIAL WATCH (Online Only)",https://www.ebay.com/itm/366650784395
366650073839,,"MICHELE SIGNATURE DECO DIAMOND, DIAMOND DIAL WATCH (Online Only)",https://www.ebay.com/itm/366650073839
366650073872,,MICHELE SIGNATURE DECO DIAMOND DIAL GOLD WATCH (Online Only),https://www.ebay.com/itm/366650073872
366650784419,,"MICHELE Deco Diamond, Diamond Dial on Diamond Bracelet Watch (Online Only)",https://www.ebay.com/itm/366650784419
366650116192,,Jacob & Company Ghost Collection Digital Watch with Diamonds,https://www.ebay.com/itm/366650116192
366650116201,,Jacob & Company Five Time Zone Watch - 40mm (Diamond Bezel),https://www.ebay.com/itm/366650116201
366650116200,,Jacob & Company Five Time Zone Watch - 40mm,https://www.ebay.com/itm/366650116200
366650116194,,Jacob & Company Five Time Zone Watch (Diamond Bezel),https://www.ebay.com/itm/366650116194
366650116184,,Jacob & Company Five Time Zone Watch,https://www.ebay.com/itm/366650116184
366650116171,,Jacob & Company Epic II Automatic Chronograph Watch,https://www.ebay.com/itm/366650116171
366650116214,,Jacob & Company Epic 1 Automatic Chronograph Watch,https://www.ebay.com/itm/366650116214
366650116195,,Jacob & Company Automatic Chronograph Watch,https://www.ebay.com/itm/366650116195
365546985845,15,Feather Drop Earrings,https://www.ebay.com/itm/365546985845
