sku,ebay_result,marketplace_connect_result
10005,absent_before_and_after,not_present_in_fresh_enabled_view_no_disable_action_recorded
10006,absent_before_and_after,not_present_in_fresh_enabled_view_no_disable_action_recorded
10007,absent_before_and_after,disabled_saved_and_absent_from_fresh_enabled_view
10009,absent_before_and_after,disabled_saved_and_absent_from_fresh_enabled_view
10011,absent_before_and_after,disabled_saved_and_absent_from_fresh_enabled_view
10012,absent_before_and_after,disabled_saved_and_absent_from_fresh_enabled_view
10013,absent_before_and_after,disabled_saved_and_absent_from_fresh_enabled_view
10026,ended_and_absent_on_final_check,disabled_saved_and_absent_from_fresh_enabled_view
10027,absent_before_and_after,disabled_saved_and_absent_from_fresh_enabled_view
10028,absent_before_and_after,disabled_saved_and_absent_from_fresh_enabled_view
10029,absent_before_and_after,disabled_saved_and_absent_from_fresh_enabled_view
10030,absent_before_and_after,disabled_saved_and_absent_from_fresh_enabled_view
10031,absent_before_and_after,disabled_saved_and_absent_from_fresh_enabled_view
10032,absent_before_and_after,disabled_saved_and_absent_from_fresh_enabled_view
10034,absent_before_and_after,disabled_saved_and_absent_from_fresh_enabled_view
10036,absent_before_and_after,disabled_saved_and_absent_from_fresh_enabled_view
10037,absent_before_and_after,disabled_saved_and_absent_from_fresh_enabled_view
10043,absent_before_and_after,disabled_saved_and_absent_from_fresh_enabled_view
10044,absent_before_and_after,disabled_saved_and_absent_from_fresh_enabled_view
10045,absent_before_and_after,disabled_saved_and_absent_from_fresh_enabled_view
10047,absent_before_and_after,not_present_in_fresh_enabled_view_no_disable_action_recorded
10049,absent_before_and_after,not_present_in_fresh_enabled_view_no_disable_action_recorded
10052,absent_before_and_after,not_present_in_fresh_enabled_view_no_disable_action_recorded
3003,absent_before_and_after,not_present_in_fresh_enabled_view_no_disable_action_recorded
3013,absent_before_and_after,not_present_in_fresh_enabled_view_no_disable_action_recorded
3014,absent_before_and_after,not_present_in_fresh_enabled_view_no_disable_action_recorded
3015,absent_before_and_after,not_present_in_fresh_enabled_view_no_disable_action_recorded
3087,absent_before_and_after,not_present_in_fresh_enabled_view_no_disable_action_recorded
3100,absent_before_and_after,not_present_in_fresh_enabled_view_no_disable_action_recorded
3102,absent_before_and_after,not_present_in_fresh_enabled_view_no_disable_action_recorded
3103,absent_before_and_after,disabled_saved_and_absent_from_fresh_enabled_view
3119,absent_before_and_after,disabled_saved_and_absent_from_fresh_enabled_view
3120,absent_before_and_after,disabled_saved_and_absent_from_fresh_enabled_view
3121,absent_before_and_after,not_present_in_fresh_enabled_view_no_disable_action_recorded
3124,absent_before_and_after,disabled_saved_and_absent_from_fresh_enabled_view
3125,absent_before_and_after,not_present_in_fresh_enabled_view_no_disable_action_recorded
3126,absent_before_and_after,disabled_saved_and_absent_from_fresh_enabled_view
3127,absent_before_and_after,disabled_saved_and_absent_from_fresh_enabled_view
3128,absent_before_and_after,not_present_in_fresh_enabled_view_no_disable_action_recorded
3129,absent_before_and_after,disabled_saved_and_absent_from_fresh_enabled_view
3130,absent_before_and_after,disabled_saved_and_absent_from_fresh_enabled_view
3131,absent_before_and_after,disabled_saved_and_absent_from_fresh_enabled_view
3132,absent_before_and_after,disabled_saved_and_absent_from_fresh_enabled_view
3134,absent_before_and_after,disabled_saved_and_absent_from_fresh_enabled_view
3136,absent_before_and_after,disabled_saved_and_absent_from_fresh_enabled_view
3146,absent_before_and_after,disabled_saved_and_absent_from_fresh_enabled_view
3147,absent_before_and_after,disabled_saved_and_absent_from_fresh_enabled_view
3148,absent_before_and_after,disabled_saved_and_absent_from_fresh_enabled_view
3149,absent_before_and_after,disabled_saved_and_absent_from_fresh_enabled_view
3150,absent_before_and_after,disabled_saved_and_absent_from_fresh_enabled_view
3151,absent_before_and_after,disabled_saved_and_absent_from_fresh_enabled_view
3152,absent_before_and_after,disabled_saved_and_absent_from_fresh_enabled_view
3153,absent_before_and_after,disabled_saved_and_absent_from_fresh_enabled_view
3159,absent_before_and_after,disabled_saved_and_absent_from_fresh_enabled_view
3160,absent_before_and_after,disabled_saved_and_absent_from_fresh_enabled_view
3172,absent_before_and_after,disabled_saved_and_absent_from_fresh_enabled_view
3176,absent_before_and_after,disabled_saved_and_absent_from_fresh_enabled_view
3179,absent_before_and_after,disabled_saved_and_absent_from_fresh_enabled_view
3180,absent_before_and_after,disabled_saved_and_absent_from_fresh_enabled_view
3192,absent_before_and_after,not_present_in_fresh_enabled_view_no_disable_action_recorded
3193,absent_before_and_after,not_present_in_fresh_enabled_view_no_disable_action_recorded
3194,absent_before_and_after,disabled_saved_and_absent_from_fresh_enabled_view
3200,ended_and_absent_on_final_check,disabled_saved_and_absent_from_fresh_enabled_view
3201,ended_and_absent_on_final_check,disabled_saved_and_absent_from_fresh_enabled_view
3204,absent_before_and_after,disabled_saved_and_absent_from_fresh_enabled_view
3206,absent_before_and_after,disabled_saved_and_absent_from_fresh_enabled_view
3208,ended_and_absent_on_final_check,disabled_saved_and_absent_from_fresh_enabled_view
3211,ended_and_absent_on_final_check,disabled_saved_and_absent_from_fresh_enabled_view
3212,absent_before_and_after,not_present_in_fresh_enabled_view_no_disable_action_recorded
3213,absent_before_and_after,disabled_saved_and_absent_from_fresh_enabled_view
3215,absent_before_and_after,disabled_saved_and_absent_from_fresh_enabled_view
3216,absent_before_and_after,disabled_saved_and_absent_from_fresh_enabled_view
3219,absent_before_and_after,disabled_saved_and_absent_from_fresh_enabled_view
3221,absent_before_and_after,disabled_saved_and_absent_from_fresh_enabled_view
3224,absent_before_and_after,disabled_saved_and_absent_from_fresh_enabled_view
3228,absent_before_and_after,disabled_saved_and_absent_from_fresh_enabled_view
3229,absent_before_and_after,disabled_saved_and_absent_from_fresh_enabled_view
3232,absent_before_and_after,disabled_saved_and_absent_from_fresh_enabled_view
3234,absent_before_and_after,not_present_in_fresh_enabled_view_no_disable_action_recorded
3241,absent_before_and_after,disabled_saved_and_absent_from_fresh_enabled_view
3243,absent_before_and_after,disabled_saved_and_absent_from_fresh_enabled_view
3245,absent_before_and_after,disabled_saved_and_absent_from_fresh_enabled_view
3252,absent_before_and_after,disabled_saved_and_absent_from_fresh_enabled_view
3261,absent_before_and_after,disabled_saved_and_absent_from_fresh_enabled_view
3263,absent_before_and_after,disabled_saved_and_absent_from_fresh_enabled_view
3286,absent_before_and_after,disabled_saved_and_absent_from_fresh_enabled_view
3291,absent_before_and_after,disabled_saved_and_absent_from_fresh_enabled_view
3314,absent_before_and_after,disabled_saved_and_absent_from_fresh_enabled_view
3317,absent_before_and_after,not_present_in_fresh_enabled_view_no_disable_action_recorded
3322,absent_before_and_after,disabled_saved_and_absent_from_fresh_enabled_view
3323,absent_before_and_after,disabled_saved_and_absent_from_fresh_enabled_view
3325,absent_before_and_after,disabled_saved_and_absent_from_fresh_enabled_view
3326,absent_before_and_after,disabled_saved_and_absent_from_fresh_enabled_view
3328,absent_before_and_after,disabled_saved_and_absent_from_fresh_enabled_view
3331,absent_before_and_after,disabled_saved_and_absent_from_fresh_enabled_view
3345,absent_before_and_after,disabled_saved_and_absent_from_fresh_enabled_view
3347,absent_before_and_after,disabled_saved_and_absent_from_fresh_enabled_view
3348,absent_before_and_after,disabled_saved_and_absent_from_fresh_enabled_view
3351,absent_before_and_after,disabled_saved_and_absent_from_fresh_enabled_view
3354,absent_before_and_after,disabled_saved_and_absent_from_fresh_enabled_view
3355,absent_before_and_after,disabled_saved_and_absent_from_fresh_enabled_view
3357,absent_before_and_after,disabled_saved_and_absent_from_fresh_enabled_view
3365,absent_before_and_after,disabled_saved_and_absent_from_fresh_enabled_view
3366,absent_before_and_after,disabled_saved_and_absent_from_fresh_enabled_view
3379,absent_before_and_after,disabled_saved_and_absent_from_fresh_enabled_view
3382,absent_before_and_after,disabled_saved_and_absent_from_fresh_enabled_view
3398,absent_before_and_after,disabled_saved_and_absent_from_fresh_enabled_view
3408,absent_before_and_after,disabled_saved_and_absent_from_fresh_enabled_view
3409,absent_before_and_after,disabled_saved_and_absent_from_fresh_enabled_view
3413,absent_before_and_after,disabled_saved_and_absent_from_fresh_enabled_view
3423,absent_before_and_after,disabled_saved_and_absent_from_fresh_enabled_view
3424,absent_before_and_after,disabled_saved_and_absent_from_fresh_enabled_view
3427,absent_before_and_after,disabled_saved_and_absent_from_fresh_enabled_view
3437,absent_before_and_after,disabled_saved_and_absent_from_fresh_enabled_view
3445,absent_before_and_after,disabled_saved_and_absent_from_fresh_enabled_view
3447,absent_before_and_after,disabled_saved_and_absent_from_fresh_enabled_view
3448,absent_before_and_after,disabled_saved_and_absent_from_fresh_enabled_view
3451,absent_before_and_after,disabled_saved_and_absent_from_fresh_enabled_view
3453,absent_before_and_after,disabled_saved_and_absent_from_fresh_enabled_view
3460,absent_before_and_after,disabled_saved_and_absent_from_fresh_enabled_view
3461,absent_before_and_after,disabled_saved_and_absent_from_fresh_enabled_view
3466,absent_before_and_after,disabled_saved_and_absent_from_fresh_enabled_view
3469,absent_before_and_after,disabled_saved_and_absent_from_fresh_enabled_view
3476,absent_before_and_after,disabled_saved_and_absent_from_fresh_enabled_view
3480,absent_before_and_after,disabled_saved_and_absent_from_fresh_enabled_view
3481,absent_before_and_after,disabled_saved_and_absent_from_fresh_enabled_view
3483,absent_before_and_after,disabled_saved_and_absent_from_fresh_enabled_view
3484,absent_before_and_after,not_present_in_fresh_enabled_view_no_disable_action_recorded
3485,absent_before_and_after,disabled_saved_and_absent_from_fresh_enabled_view
3488,absent_before_and_after,disabled_saved_and_absent_from_fresh_enabled_view
3489,absent_before_and_after,disabled_saved_and_absent_from_fresh_enabled_view
3492,ended_and_absent_on_final_check,disabled_saved_and_absent_from_fresh_enabled_view
3493,absent_before_and_after,disabled_saved_and_absent_from_fresh_enabled_view
3508,absent_before_and_after,disabled_saved_and_absent_from_fresh_enabled_view
3510,absent_before_and_after,disabled_saved_and_absent_from_fresh_enabled_view
3514,absent_before_and_after,disabled_saved_and_absent_from_fresh_enabled_view
3519,absent_before_and_after,disabled_saved_and_absent_from_fresh_enabled_view
3520,absent_before_and_after,disabled_saved_and_absent_from_fresh_enabled_view
3522,absent_before_and_after,disabled_saved_and_absent_from_fresh_enabled_view
3523,absent_before_and_after,disabled_saved_and_absent_from_fresh_enabled_view
3526,absent_before_and_after,disabled_saved_and_absent_from_fresh_enabled_view
3528,ended_and_absent_on_final_check,disabled_saved_and_absent_from_fresh_enabled_view
3529,absent_before_and_after,disabled_saved_and_absent_from_fresh_enabled_view
3530,absent_before_and_after,disabled_saved_and_absent_from_fresh_enabled_view
3533,absent_before_and_after,disabled_saved_and_absent_from_fresh_enabled_view
3534,absent_before_and_after,disabled_saved_and_absent_from_fresh_enabled_view
3536,absent_before_and_after,disabled_saved_and_absent_from_fresh_enabled_view
3537,absent_before_and_after,disabled_saved_and_absent_from_fresh_enabled_view
3541,absent_before_and_after,disabled_saved_and_absent_from_fresh_enabled_view
3559,absent_before_and_after,disabled_saved_and_absent_from_fresh_enabled_view
3566,absent_before_and_after,disabled_saved_and_absent_from_fresh_enabled_view
3573,absent_before_and_after,disabled_saved_and_absent_from_fresh_enabled_view
3575,absent_before_and_after,disabled_saved_and_absent_from_fresh_enabled_view
3576,absent_before_and_after,disabled_saved_and_absent_from_fresh_enabled_view
3585,absent_before_and_after,disabled_saved_and_absent_from_fresh_enabled_view
3586,absent_before_and_after,disabled_saved_and_absent_from_fresh_enabled_view
3587,absent_before_and_after,disabled_saved_and_absent_from_fresh_enabled_view
3599,absent_before_and_after,disabled_saved_and_absent_from_fresh_enabled_view
3603,absent_before_and_after,disabled_saved_and_absent_from_fresh_enabled_view
3610,absent_before_and_after,disabled_saved_and_absent_from_fresh_enabled_view
3611,absent_before_and_after,disabled_saved_and_absent_from_fresh_enabled_view
3613,absent_before_and_after,disabled_saved_and_absent_from_fresh_enabled_view
3622,absent_before_and_after,disabled_saved_and_absent_from_fresh_enabled_view
3623,absent_before_and_after,disabled_saved_and_absent_from_fresh_enabled_view
3624,absent_before_and_after,disabled_saved_and_absent_from_fresh_enabled_view
3625,absent_before_and_after,disabled_saved_and_absent_from_fresh_enabled_view
3626,absent_before_and_after,disabled_saved_and_absent_from_fresh_enabled_view
3628,absent_before_and_after,disabled_saved_and_absent_from_fresh_enabled_view
3629,absent_before_and_after,disabled_saved_and_absent_from_fresh_enabled_view
3640,absent_before_and_after,disabled_saved_and_absent_from_fresh_enabled_view
3649,absent_before_and_after,disabled_saved_and_absent_from_fresh_enabled_view
3655,ended_and_absent_on_final_check,disabled_saved_and_absent_from_fresh_enabled_view
3663,absent_before_and_after,disabled_saved_and_absent_from_fresh_enabled_view
3668,absent_before_and_after,disabled_saved_and_absent_from_fresh_enabled_view
3674,absent_before_and_after,disabled_saved_and_absent_from_fresh_enabled_view
3676,absent_before_and_after,disabled_saved_and_absent_from_fresh_enabled_view
3677,ended_and_absent_on_final_check,disabled_saved_and_absent_from_fresh_enabled_view
3680,absent_before_and_after,disabled_saved_and_absent_from_fresh_enabled_view
3682,absent_before_and_after,disabled_saved_and_absent_from_fresh_enabled_view
3683,absent_before_and_after,disabled_saved_and_absent_from_fresh_enabled_view
3684,absent_before_and_after,disabled_saved_and_absent_from_fresh_enabled_view
3685,absent_before_and_after,disabled_saved_and_absent_from_fresh_enabled_view
3686,absent_before_and_after,disabled_saved_and_absent_from_fresh_enabled_view
3687,ended_and_absent_on_final_check,disabled_saved_and_absent_from_fresh_enabled_view
3689,absent_before_and_after,disabled_saved_and_absent_from_fresh_enabled_view
3690,absent_before_and_after,disabled_saved_and_absent_from_fresh_enabled_view
3695,absent_before_and_after,disabled_saved_and_absent_from_fresh_enabled_view
3696,absent_before_and_after,disabled_saved_and_absent_from_fresh_enabled_view
3701,absent_before_and_after,disabled_saved_and_absent_from_fresh_enabled_view
3702,absent_before_and_after,disabled_saved_and_absent_from_fresh_enabled_view
3704,ended_and_absent_on_final_check,disabled_saved_and_absent_from_fresh_enabled_view
3705,ended_and_absent_on_final_check,disabled_saved_and_absent_from_fresh_enabled_view
3706,absent_before_and_after,disabled_saved_and_absent_from_fresh_enabled_view
3708,absent_before_and_after,disabled_saved_and_absent_from_fresh_enabled_view
3709,ended_and_absent_on_final_check,disabled_saved_and_absent_from_fresh_enabled_view
3711,absent_before_and_after,disabled_saved_and_absent_from_fresh_enabled_view
3712,absent_before_and_after,disabled_saved_and_absent_from_fresh_enabled_view
3713,ended_and_absent_on_final_check,disabled_saved_and_absent_from_fresh_enabled_view
3715,ended_and_absent_on_final_check,disabled_saved_and_absent_from_fresh_enabled_view
3727,absent_before_and_after,disabled_saved_and_absent_from_fresh_enabled_view
3728,absent_before_and_after,disabled_saved_and_absent_from_fresh_enabled_view
3729,absent_before_and_after,disabled_saved_and_absent_from_fresh_enabled_view
3730,absent_before_and_after,disabled_saved_and_absent_from_fresh_enabled_view
3731,absent_before_and_after,disabled_saved_and_absent_from_fresh_enabled_view
3732,absent_before_and_after,disabled_saved_and_absent_from_fresh_enabled_view
3733,absent_before_and_after,disabled_saved_and_absent_from_fresh_enabled_view
3734,absent_before_and_after,disabled_saved_and_absent_from_fresh_enabled_view
3739,absent_before_and_after,not_present_in_fresh_enabled_view_no_disable_action_recorded
3793,absent_before_and_after,disabled_saved_and_absent_from_fresh_enabled_view
3800,absent_before_and_after,disabled_saved_and_absent_from_fresh_enabled_view
3803,absent_before_and_after,disabled_saved_and_absent_from_fresh_enabled_view
3808,absent_before_and_after,disabled_saved_and_absent_from_fresh_enabled_view
3809,absent_before_and_after,disabled_saved_and_absent_from_fresh_enabled_view
3811,absent_before_and_after,disabled_saved_and_absent_from_fresh_enabled_view
3813,absent_before_and_after,disabled_saved_and_absent_from_fresh_enabled_view
3814,absent_before_and_after,disabled_saved_and_absent_from_fresh_enabled_view
3825,absent_before_and_after,disabled_saved_and_absent_from_fresh_enabled_view
3826,absent_before_and_after,disabled_saved_and_absent_from_fresh_enabled_view
3829,absent_before_and_after,disabled_saved_and_absent_from_fresh_enabled_view
3830,absent_before_and_after,disabled_saved_and_absent_from_fresh_enabled_view
3832,absent_before_and_after,disabled_saved_and_absent_from_fresh_enabled_view
3833,absent_before_and_after,disabled_saved_and_absent_from_fresh_enabled_view
3834,absent_before_and_after,disabled_saved_and_absent_from_fresh_enabled_view
3838,absent_before_and_after,disabled_saved_and_absent_from_fresh_enabled_view
3839,absent_before_and_after,not_present_in_fresh_enabled_view_no_disable_action_recorded
3843,absent_before_and_after,disabled_saved_and_absent_from_fresh_enabled_view
3846,absent_before_and_after,disabled_saved_and_absent_from_fresh_enabled_view
3850,ended_and_absent_on_final_check,disabled_saved_and_absent_from_fresh_enabled_view
3869,absent_before_and_after,disabled_saved_and_absent_from_fresh_enabled_view
3872,absent_before_and_after,disabled_saved_and_absent_from_fresh_enabled_view
3873,absent_before_and_after,disabled_saved_and_absent_from_fresh_enabled_view
3876,absent_before_and_after,disabled_saved_and_absent_from_fresh_enabled_view
3877,absent_before_and_after,disabled_saved_and_absent_from_fresh_enabled_view
3882,absent_before_and_after,disabled_saved_and_absent_from_fresh_enabled_view
3883,absent_before_and_after,disabled_saved_and_absent_from_fresh_enabled_view
3884,absent_before_and_after,disabled_saved_and_absent_from_fresh_enabled_view
3885,absent_before_and_after,disabled_saved_and_absent_from_fresh_enabled_view
3889,absent_before_and_after,disabled_saved_and_absent_from_fresh_enabled_view
3890,absent_before_and_after,not_present_in_fresh_enabled_view_no_disable_action_recorded
3892,absent_before_and_after,disabled_saved_and_absent_from_fresh_enabled_view
3897,absent_before_and_after,disabled_saved_and_absent_from_fresh_enabled_view
3900,absent_before_and_after,disabled_saved_and_absent_from_fresh_enabled_view
3901,absent_before_and_after,not_present_in_fresh_enabled_view_no_disable_action_recorded
3904,absent_before_and_after,disabled_saved_and_absent_from_fresh_enabled_view
3905,absent_before_and_after,disabled_saved_and_absent_from_fresh_enabled_view
3906,absent_before_and_after,disabled_saved_and_absent_from_fresh_enabled_view
3907,absent_before_and_after,disabled_saved_and_absent_from_fresh_enabled_view
3908,absent_before_and_after,disabled_saved_and_absent_from_fresh_enabled_view
3909,absent_before_and_after,disabled_saved_and_absent_from_fresh_enabled_view
3910,absent_before_and_after,disabled_saved_and_absent_from_fresh_enabled_view
3912,absent_before_and_after,disabled_saved_and_absent_from_fresh_enabled_view
3913,absent_before_and_after,disabled_saved_and_absent_from_fresh_enabled_view
3914,absent_before_and_after,disabled_saved_and_absent_from_fresh_enabled_view
3915,absent_before_and_after,disabled_saved_and_absent_from_fresh_enabled_view
3918,absent_before_and_after,disabled_saved_and_absent_from_fresh_enabled_view
3920,absent_before_and_after,disabled_saved_and_absent_from_fresh_enabled_view
3921,absent_before_and_after,not_present_in_fresh_enabled_view_no_disable_action_recorded
3922,absent_before_and_after,disabled_saved_and_absent_from_fresh_enabled_view
3926,absent_before_and_after,disabled_saved_and_absent_from_fresh_enabled_view
3927,absent_before_and_after,disabled_saved_and_absent_from_fresh_enabled_view
3931,absent_before_and_after,disabled_saved_and_absent_from_fresh_enabled_view
3932,absent_before_and_after,disabled_saved_and_absent_from_fresh_enabled_view
3933,absent_before_and_after,disabled_saved_and_absent_from_fresh_enabled_view
3934,absent_before_and_after,disabled_saved_and_absent_from_fresh_enabled_view
3942,absent_before_and_after,disabled_saved_and_absent_from_fresh_enabled_view
3946,absent_before_and_after,disabled_saved_and_absent_from_fresh_enabled_view
3949,absent_before_and_after,disabled_saved_and_absent_from_fresh_enabled_view
3953,absent_before_and_after,not_present_in_fresh_enabled_view_no_disable_action_recorded
3955,absent_before_and_after,disabled_saved_and_absent_from_fresh_enabled_view
3956,absent_before_and_after,disabled_saved_and_absent_from_fresh_enabled_view
3957,absent_before_and_after,not_present_in_fresh_enabled_view_no_disable_action_recorded
3958,absent_before_and_after,disabled_saved_and_absent_from_fresh_enabled_view
3960,absent_before_and_after,disabled_saved_and_absent_from_fresh_enabled_view
3961,absent_before_and_after,not_present_in_fresh_enabled_view_no_disable_action_recorded
3962,absent_before_and_after,disabled_saved_and_absent_from_fresh_enabled_view
3964,absent_before_and_after,disabled_saved_and_absent_from_fresh_enabled_view
3965,absent_before_and_after,not_present_in_fresh_enabled_view_no_disable_action_recorded
3966,absent_before_and_after,disabled_saved_and_absent_from_fresh_enabled_view
3967,absent_before_and_after,not_present_in_fresh_enabled_view_no_disable_action_recorded
3968,absent_before_and_after,not_present_in_fresh_enabled_view_no_disable_action_recorded
3969,absent_before_and_after,not_present_in_fresh_enabled_view_no_disable_action_recorded
3970,absent_before_and_after,disabled_saved_and_absent_from_fresh_enabled_view
3971,absent_before_and_after,disabled_saved_and_absent_from_fresh_enabled_view
3977,absent_before_and_after,disabled_saved_and_absent_from_fresh_enabled_view
3979,absent_before_and_after,disabled_saved_and_absent_from_fresh_enabled_view
3986,absent_before_and_after,disabled_saved_and_absent_from_fresh_enabled_view
3994,absent_before_and_after,disabled_saved_and_absent_from_fresh_enabled_view
4081,absent_before_and_after,disabled_saved_and_absent_from_fresh_enabled_view
4082,ended_and_absent_on_final_check,disabled_saved_and_absent_from_fresh_enabled_view
4084,absent_before_and_after,disabled_saved_and_absent_from_fresh_enabled_view
4085,absent_before_and_after,disabled_saved_and_absent_from_fresh_enabled_view
4089,absent_before_and_after,disabled_saved_and_absent_from_fresh_enabled_view
4097,absent_before_and_after,disabled_saved_and_absent_from_fresh_enabled_view
4098,absent_before_and_after,disabled_saved_and_absent_from_fresh_enabled_view
4100,absent_before_and_after,disabled_saved_and_absent_from_fresh_enabled_view
4114,absent_before_and_after,disabled_saved_and_absent_from_fresh_enabled_view
4116,absent_before_and_after,disabled_saved_and_absent_from_fresh_enabled_view
4117,absent_before_and_after,disabled_saved_and_absent_from_fresh_enabled_view
4120,absent_before_and_after,disabled_saved_and_absent_from_fresh_enabled_view
4121,absent_before_and_after,disabled_saved_and_absent_from_fresh_enabled_view
4122,absent_before_and_after,disabled_saved_and_absent_from_fresh_enabled_view
4123,absent_before_and_after,disabled_saved_and_absent_from_fresh_enabled_view
4125,absent_before_and_after,disabled_saved_and_absent_from_fresh_enabled_view
4133,absent_before_and_after,disabled_saved_and_absent_from_fresh_enabled_view
4134,ended_and_absent_on_final_check,disabled_saved_and_absent_from_fresh_enabled_view
4152,ended_and_absent_on_final_check,disabled_saved_and_absent_from_fresh_enabled_view
4153,absent_before_and_after,not_present_in_fresh_enabled_view_no_disable_action_recorded
4154,absent_before_and_after,disabled_saved_and_absent_from_fresh_enabled_view
4155,absent_before_and_after,disabled_saved_and_absent_from_fresh_enabled_view
4156,absent_before_and_after,not_present_in_fresh_enabled_view_no_disable_action_recorded
4157,absent_before_and_after,not_present_in_fresh_enabled_view_no_disable_action_recorded
4158,absent_before_and_after,disabled_saved_and_absent_from_fresh_enabled_view
4159,ended_and_absent_on_final_check,disabled_saved_and_absent_from_fresh_enabled_view
4160,absent_before_and_after,disabled_saved_and_absent_from_fresh_enabled_view
4161,absent_before_and_after,disabled_saved_and_absent_from_fresh_enabled_view
4162,absent_before_and_after,disabled_saved_and_absent_from_fresh_enabled_view
4163,absent_before_and_after,disabled_saved_and_absent_from_fresh_enabled_view
4164,absent_before_and_after,disabled_saved_and_absent_from_fresh_enabled_view
4165,absent_before_and_after,disabled_saved_and_absent_from_fresh_enabled_view
4166,ended_and_absent_on_final_check,disabled_saved_and_absent_from_fresh_enabled_view
4167,absent_before_and_after,disabled_saved_and_absent_from_fresh_enabled_view
4168,absent_before_and_after,disabled_saved_and_absent_from_fresh_enabled_view
4169,absent_before_and_after,disabled_saved_and_absent_from_fresh_enabled_view
4170,absent_before_and_after,disabled_saved_and_absent_from_fresh_enabled_view
4171,absent_before_and_after,disabled_saved_and_absent_from_fresh_enabled_view
4172,absent_before_and_after,disabled_saved_and_absent_from_fresh_enabled_view
4178,ended_and_absent_on_final_check,disabled_saved_and_absent_from_fresh_enabled_view
4183,absent_before_and_after,disabled_saved_and_absent_from_fresh_enabled_view
4266,absent_before_and_after,disabled_saved_and_absent_from_fresh_enabled_view
4282,absent_before_and_after,disabled_saved_and_absent_from_fresh_enabled_view
4283,absent_before_and_after,disabled_saved_and_absent_from_fresh_enabled_view
4285,absent_before_and_after,disabled_saved_and_absent_from_fresh_enabled_view
4286,absent_before_and_after,disabled_saved_and_absent_from_fresh_enabled_view
4321,absent_before_and_after,not_present_in_fresh_enabled_view_no_disable_action_recorded
6162,ended_and_absent_on_final_check,disabled_saved_and_absent_from_fresh_enabled_view
6184,absent_before_and_after,not_present_in_fresh_enabled_view_no_disable_action_recorded
6188,absent_before_and_after,not_present_in_fresh_enabled_view_no_disable_action_recorded
8117,absent_before_and_after,disabled_saved_and_absent_from_fresh_enabled_view
8463,absent_before_and_after,disabled_saved_and_absent_from_fresh_enabled_view
8572,absent_before_and_after,disabled_saved_and_absent_from_fresh_enabled_view
8701,ended_and_absent_on_final_check,disabled_saved_and_absent_from_fresh_enabled_view
8704,absent_before_and_after,disabled_saved_and_absent_from_fresh_enabled_view
8705,absent_before_and_after,disabled_saved_and_absent_from_fresh_enabled_view
8706,absent_before_and_after,not_present_in_fresh_enabled_view_no_disable_action_recorded
8708,absent_before_and_after,not_present_in_fresh_enabled_view_no_disable_action_recorded
8709,absent_before_and_after,not_present_in_fresh_enabled_view_no_disable_action_recorded
8714,absent_before_and_after,disabled_saved_and_absent_from_fresh_enabled_view
8718,absent_before_and_after,not_present_in_fresh_enabled_view_no_disable_action_recorded
8719,absent_before_and_after,not_present_in_fresh_enabled_view_no_disable_action_recorded
8720,absent_before_and_after,disabled_saved_and_absent_from_fresh_enabled_view
8724,absent_before_and_after,disabled_saved_and_absent_from_fresh_enabled_view
8728,absent_before_and_after,not_present_in_fresh_enabled_view_no_disable_action_recorded
8730,absent_before_and_after,disabled_saved_and_absent_from_fresh_enabled_view
8731,absent_before_and_after,disabled_saved_and_absent_from_fresh_enabled_view
8732,absent_before_and_after,disabled_saved_and_absent_from_fresh_enabled_view
8743,absent_before_and_after,disabled_saved_and_absent_from_fresh_enabled_view
8749,absent_before_and_after,not_present_in_fresh_enabled_view_no_disable_action_recorded
8750,absent_before_and_after,disabled_saved_and_absent_from_fresh_enabled_view
8758,absent_before_and_after,disabled_saved_and_absent_from_fresh_enabled_view
8759,absent_before_and_after,not_present_in_fresh_enabled_view_no_disable_action_recorded
8760,absent_before_and_after,disabled_saved_and_absent_from_fresh_enabled_view
8762,absent_before_and_after,disabled_saved_and_absent_from_fresh_enabled_view
8768,absent_before_and_after,disabled_saved_and_absent_from_fresh_enabled_view
8780,absent_before_and_after,disabled_saved_and_absent_from_fresh_enabled_view
8783,absent_before_and_after,disabled_saved_and_absent_from_fresh_enabled_view
8784,absent_before_and_after,not_present_in_fresh_enabled_view_no_disable_action_recorded
8800,absent_before_and_after,disabled_saved_and_absent_from_fresh_enabled_view
8805,absent_before_and_after,disabled_saved_and_absent_from_fresh_enabled_view
8808,absent_before_and_after,disabled_saved_and_absent_from_fresh_enabled_view
8821,absent_before_and_after,disabled_saved_and_absent_from_fresh_enabled_view
8822,absent_before_and_after,disabled_saved_and_absent_from_fresh_enabled_view
8827,absent_before_and_after,disabled_saved_and_absent_from_fresh_enabled_view
8831,ended_and_absent_on_final_check,disabled_saved_and_absent_from_fresh_enabled_view
8839,absent_before_and_after,disabled_saved_and_absent_from_fresh_enabled_view
8841,ended_and_absent_on_final_check,disabled_saved_and_absent_from_fresh_enabled_view
8847,absent_before_and_after,disabled_saved_and_absent_from_fresh_enabled_view
8852,ended_and_absent_on_final_check,disabled_saved_and_absent_from_fresh_enabled_view
8859,ended_and_absent_on_final_check,disabled_saved_and_absent_from_fresh_enabled_view
8862,absent_before_and_after,disabled_saved_and_absent_from_fresh_enabled_view
8863,absent_before_and_after,disabled_saved_and_absent_from_fresh_enabled_view
8867,absent_before_and_after,disabled_saved_and_absent_from_fresh_enabled_view
8872,absent_before_and_after,disabled_saved_and_absent_from_fresh_enabled_view
8874,absent_before_and_after,disabled_saved_and_absent_from_fresh_enabled_view
8875,absent_before_and_after,disabled_saved_and_absent_from_fresh_enabled_view
8876,ended_and_absent_on_final_check,disabled_saved_and_absent_from_fresh_enabled_view
8877,absent_before_and_after,disabled_saved_and_absent_from_fresh_enabled_view
8878,absent_before_and_after,disabled_saved_and_absent_from_fresh_enabled_view
8880,absent_before_and_after,disabled_saved_and_absent_from_fresh_enabled_view
8883,ended_and_absent_on_final_check,disabled_saved_and_absent_from_fresh_enabled_view
8884,ended_and_absent_on_final_check,disabled_saved_and_absent_from_fresh_enabled_view
8885,absent_before_and_after,disabled_saved_and_absent_from_fresh_enabled_view
8886,absent_before_and_after,disabled_saved_and_absent_from_fresh_enabled_view
8890,absent_before_and_after,disabled_saved_and_absent_from_fresh_enabled_view
8893,ended_and_absent_on_final_check,disabled_saved_and_absent_from_fresh_enabled_view
8904,absent_before_and_after,disabled_saved_and_absent_from_fresh_enabled_view
8910,absent_before_and_after,disabled_saved_and_absent_from_fresh_enabled_view
8911,ended_and_absent_on_final_check,disabled_saved_and_absent_from_fresh_enabled_view
8913,ended_and_absent_on_final_check,disabled_saved_and_absent_from_fresh_enabled_view
8914,absent_before_and_after,disabled_saved_and_absent_from_fresh_enabled_view
8920,absent_before_and_after,disabled_saved_and_absent_from_fresh_enabled_view
8921,absent_before_and_after,disabled_saved_and_absent_from_fresh_enabled_view
8932,absent_before_and_after,disabled_saved_and_absent_from_fresh_enabled_view
8933,absent_before_and_after,disabled_saved_and_absent_from_fresh_enabled_view
8937,absent_before_and_after,not_present_in_fresh_enabled_view_no_disable_action_recorded
8938,absent_before_and_after,disabled_saved_and_absent_from_fresh_enabled_view
8940,absent_before_and_after,not_present_in_fresh_enabled_view_no_disable_action_recorded
8942,absent_before_and_after,disabled_saved_and_absent_from_fresh_enabled_view
8943,absent_before_and_after,disabled_saved_and_absent_from_fresh_enabled_view
8944,absent_before_and_after,not_present_in_fresh_enabled_view_no_disable_action_recorded
8945,absent_before_and_after,disabled_saved_and_absent_from_fresh_enabled_view
8955,absent_before_and_after,disabled_saved_and_absent_from_fresh_enabled_view
8956,absent_before_and_after,disabled_saved_and_absent_from_fresh_enabled_view
8958,absent_before_and_after,not_present_in_fresh_enabled_view_no_disable_action_recorded
8963,absent_before_and_after,disabled_saved_and_absent_from_fresh_enabled_view
8964,absent_before_and_after,disabled_saved_and_absent_from_fresh_enabled_view
8970,absent_before_and_after,not_present_in_fresh_enabled_view_no_disable_action_recorded
8973,absent_before_and_after,not_present_in_fresh_enabled_view_no_disable_action_recorded
8978,absent_before_and_after,disabled_saved_and_absent_from_fresh_enabled_view
8992,absent_before_and_after,disabled_saved_and_absent_from_fresh_enabled_view
8994,absent_before_and_after,disabled_saved_and_absent_from_fresh_enabled_view
9004,absent_before_and_after,disabled_saved_and_absent_from_fresh_enabled_view
9008,absent_before_and_after,disabled_saved_and_absent_from_fresh_enabled_view
9077,absent_before_and_after,disabled_saved_and_absent_from_fresh_enabled_view
9081,absent_before_and_after,disabled_saved_and_absent_from_fresh_enabled_view
9084,ended_and_absent_on_final_check,disabled_saved_and_absent_from_fresh_enabled_view
9087,absent_before_and_after,disabled_saved_and_absent_from_fresh_enabled_view
9094,absent_before_and_after,disabled_saved_and_absent_from_fresh_enabled_view
9095,absent_before_and_after,disabled_saved_and_absent_from_fresh_enabled_view
9097,absent_before_and_after,disabled_saved_and_absent_from_fresh_enabled_view
9098,absent_before_and_after,disabled_saved_and_absent_from_fresh_enabled_view
9100,absent_before_and_after,not_present_in_fresh_enabled_view_no_disable_action_recorded
9101,absent_before_and_after,disabled_saved_and_absent_from_fresh_enabled_view
9102,ended_and_absent_on_final_check,disabled_saved_and_absent_from_fresh_enabled_view
9103,absent_before_and_after,disabled_saved_and_absent_from_fresh_enabled_view
9104,absent_before_and_after,disabled_saved_and_absent_from_fresh_enabled_view
9143,absent_before_and_after,disabled_saved_and_absent_from_fresh_enabled_view
9186,ended_and_absent_on_final_check,disabled_saved_and_absent_from_fresh_enabled_view
9187,absent_before_and_after,disabled_saved_and_absent_from_fresh_enabled_view
9188,absent_before_and_after,not_present_in_fresh_enabled_view_no_disable_action_recorded
9189,ended_and_absent_on_final_check,disabled_saved_and_absent_from_fresh_enabled_view
9190,absent_before_and_after,disabled_saved_and_absent_from_fresh_enabled_view
9191,absent_before_and_after,not_present_in_fresh_enabled_view_no_disable_action_recorded
9192,absent_before_and_after,disabled_saved_and_absent_from_fresh_enabled_view
9193,absent_before_and_after,not_present_in_fresh_enabled_view_no_disable_action_recorded
9194,absent_before_and_after,disabled_saved_and_absent_from_fresh_enabled_view
9195,absent_before_and_after,not_present_in_fresh_enabled_view_no_disable_action_recorded
9196,ended_and_absent_on_final_check,disabled_saved_and_absent_from_fresh_enabled_view
9197,ended_and_absent_on_final_check,disabled_saved_and_absent_from_fresh_enabled_view
9198,absent_before_and_after,disabled_saved_and_absent_from_fresh_enabled_view
9201,absent_before_and_after,disabled_saved_and_absent_from_fresh_enabled_view
9207,absent_before_and_after,disabled_saved_and_absent_from_fresh_enabled_view
9209,ended_and_absent_on_final_check,disabled_saved_and_absent_from_fresh_enabled_view
9213,absent_before_and_after,disabled_saved_and_absent_from_fresh_enabled_view
9220,absent_before_and_after,disabled_saved_and_absent_from_fresh_enabled_view
9248,absent_before_and_after,disabled_saved_and_absent_from_fresh_enabled_view
9250,absent_before_and_after,disabled_saved_and_absent_from_fresh_enabled_view
9251,absent_before_and_after,disabled_saved_and_absent_from_fresh_enabled_view
9252,absent_before_and_after,disabled_saved_and_absent_from_fresh_enabled_view
9253,absent_before_and_after,disabled_saved_and_absent_from_fresh_enabled_view
9254,absent_before_and_after,disabled_saved_and_absent_from_fresh_enabled_view
9285,absent_before_and_after,disabled_saved_and_absent_from_fresh_enabled_view
9329,absent_before_and_after,not_present_in_fresh_enabled_view_no_disable_action_recorded
9375,absent_before_and_after,not_present_in_fresh_enabled_view_no_disable_action_recorded
9377,absent_before_and_after,not_present_in_fresh_enabled_view_no_disable_action_recorded
9378,absent_before_and_after,not_present_in_fresh_enabled_view_no_disable_action_recorded
9379,absent_before_and_after,not_present_in_fresh_enabled_view_no_disable_action_recorded
9383,absent_before_and_after,not_present_in_fresh_enabled_view_no_disable_action_recorded
9384,absent_before_and_after,not_present_in_fresh_enabled_view_no_disable_action_recorded
9385,absent_before_and_after,not_present_in_fresh_enabled_view_no_disable_action_recorded
9396,absent_before_and_after,not_present_in_fresh_enabled_view_no_disable_action_recorded
9424,absent_before_and_after,not_present_in_fresh_enabled_view_no_disable_action_recorded
9460,absent_before_and_after,not_present_in_fresh_enabled_view_no_disable_action_recorded
9461,absent_before_and_after,not_present_in_fresh_enabled_view_no_disable_action_recorded
9465,absent_before_and_after,not_present_in_fresh_enabled_view_no_disable_action_recorded
9469,absent_before_and_after,not_present_in_fresh_enabled_view_no_disable_action_recorded
9470,absent_before_and_after,not_present_in_fresh_enabled_view_no_disable_action_recorded
9471,absent_before_and_after,not_present_in_fresh_enabled_view_no_disable_action_recorded
9473,absent_before_and_after,not_present_in_fresh_enabled_view_no_disable_action_recorded
9501,absent_before_and_after,not_present_in_fresh_enabled_view_no_disable_action_recorded
9525,absent_before_and_after,not_present_in_fresh_enabled_view_no_disable_action_recorded
9553,absent_before_and_after,not_present_in_fresh_enabled_view_no_disable_action_recorded
9556,absent_before_and_after,not_present_in_fresh_enabled_view_no_disable_action_recorded
9573,absent_before_and_after,not_present_in_fresh_enabled_view_no_disable_action_recorded
9574,absent_before_and_after,not_present_in_fresh_enabled_view_no_disable_action_recorded
9577,absent_before_and_after,not_present_in_fresh_enabled_view_no_disable_action_recorded
9584,absent_before_and_after,not_present_in_fresh_enabled_view_no_disable_action_recorded
9585,absent_before_and_after,not_present_in_fresh_enabled_view_no_disable_action_recorded
9586,absent_before_and_after,not_present_in_fresh_enabled_view_no_disable_action_recorded
9587,absent_before_and_after,not_present_in_fresh_enabled_view_no_disable_action_recorded
9590,absent_before_and_after,not_present_in_fresh_enabled_view_no_disable_action_recorded
9591,absent_before_and_after,not_present_in_fresh_enabled_view_no_disable_action_recorded
9594,absent_before_and_after,not_present_in_fresh_enabled_view_no_disable_action_recorded
9595,absent_before_and_after,not_present_in_fresh_enabled_view_no_disable_action_recorded
9597,absent_before_and_after,not_present_in_fresh_enabled_view_no_disable_action_recorded
9598,absent_before_and_after,not_present_in_fresh_enabled_view_no_disable_action_recorded
9692,absent_before_and_after,not_present_in_fresh_enabled_view_no_disable_action_recorded
9696,absent_before_and_after,not_present_in_fresh_enabled_view_no_disable_action_recorded
9699,absent_before_and_after,not_present_in_fresh_enabled_view_no_disable_action_recorded
9701,absent_before_and_after,not_present_in_fresh_enabled_view_no_disable_action_recorded
9705,absent_before_and_after,not_present_in_fresh_enabled_view_no_disable_action_recorded
9767,absent_before_and_after,not_present_in_fresh_enabled_view_no_disable_action_recorded
9771,absent_before_and_after,not_present_in_fresh_enabled_view_no_disable_action_recorded
9786,absent_before_and_after,not_present_in_fresh_enabled_view_no_disable_action_recorded
9817,absent_before_and_after,not_present_in_fresh_enabled_view_no_disable_action_recorded
9846,absent_before_and_after,not_present_in_fresh_enabled_view_no_disable_action_recorded
9852,absent_before_and_after,not_present_in_fresh_enabled_view_no_disable_action_recorded
9855,absent_before_and_after,not_present_in_fresh_enabled_view_no_disable_action_recorded
9859,absent_before_and_after,not_present_in_fresh_enabled_view_no_disable_action_recorded
9868,absent_before_and_after,disabled_saved_and_absent_from_fresh_enabled_view
9912,absent_before_and_after,not_present_in_fresh_enabled_view_no_disable_action_recorded
9915,absent_before_and_after,not_present_in_fresh_enabled_view_no_disable_action_recorded
9946,absent_before_and_after,disabled_saved_and_absent_from_fresh_enabled_view
9968,absent_before_and_after,not_present_in_fresh_enabled_view_no_disable_action_recorded
9970,absent_before_and_after,not_present_in_fresh_enabled_view_no_disable_action_recorded
9971,absent_before_and_after,not_present_in_fresh_enabled_view_no_disable_action_recorded
9972,absent_before_and_after,not_present_in_fresh_enabled_view_no_disable_action_recorded
9986,absent_before_and_after,not_present_in_fresh_enabled_view_no_disable_action_recorded
9987,absent_before_and_after,not_present_in_fresh_enabled_view_no_disable_action_recorded
9989,absent_before_and_after,not_present_in_fresh_enabled_view_no_disable_action_recorded
M3982,absent_before_and_after,disabled_saved_and_absent_from_fresh_enabled_view
P3546,absent_before_and_after,not_present_in_fresh_enabled_view_no_disable_action_recorded
P3548,absent_before_and_after,not_present_in_fresh_enabled_view_no_disable_action_recorded
P3549,absent_before_and_after,not_present_in_fresh_enabled_view_no_disable_action_recorded
P3554,absent_before_and_after,not_present_in_fresh_enabled_view_no_disable_action_recorded
P5203,absent_before_and_after,not_present_in_fresh_enabled_view_no_disable_action_recorded
P5267,absent_before_and_after,not_present_in_fresh_enabled_view_no_disable_action_recorded
P5276,absent_before_and_after,not_present_in_fresh_enabled_view_no_disable_action_recorded
P5283,absent_before_and_after,not_present_in_fresh_enabled_view_no_disable_action_recorded
P5316,absent_before_and_after,not_present_in_fresh_enabled_view_no_disable_action_recorded
P5321,absent_before_and_after,not_present_in_fresh_enabled_view_no_disable_action_recorded
P5333,absent_before_and_after,not_present_in_fresh_enabled_view_no_disable_action_recorded
P5334,absent_before_and_after,not_present_in_fresh_enabled_view_no_disable_action_recorded
P5343,absent_before_and_after,not_present_in_fresh_enabled_view_no_disable_action_recorded
P5344,absent_before_and_after,not_present_in_fresh_enabled_view_no_disable_action_recorded
P5345,absent_before_and_after,not_present_in_fresh_enabled_view_no_disable_action_recorded
P5347,absent_before_and_after,not_present_in_fresh_enabled_view_no_disable_action_recorded
P5360,absent_before_and_after,not_present_in_fresh_enabled_view_no_disable_action_recorded
P5362,absent_before_and_after,not_present_in_fresh_enabled_view_no_disable_action_recorded
P5363,absent_before_and_after,not_present_in_fresh_enabled_view_no_disable_action_recorded
P5364,absent_before_and_after,not_present_in_fresh_enabled_view_no_disable_action_recorded
P5365,absent_before_and_after,not_present_in_fresh_enabled_view_no_disable_action_recorded
P5366,absent_before_and_after,not_present_in_fresh_enabled_view_no_disable_action_recorded
P5378,absent_before_and_after,not_present_in_fresh_enabled_view_no_disable_action_recorded
R3002,absent_before_and_after,disabled_saved_and_absent_from_fresh_enabled_view
R3006,held_preserve_exception,held_enabled_preserve_exception
R3015,ended_and_absent_on_final_check,disabled_saved_and_absent_from_fresh_enabled_view
RR2613,ended_and_absent_on_final_check,disabled_saved_and_absent_from_fresh_enabled_view
RR2954,ended_and_absent_on_final_check,disabled_saved_and_absent_from_fresh_enabled_view
RW3045,absent_before_and_after,not_present_in_fresh_enabled_view_no_disable_action_recorded
RW3055,absent_before_and_after,not_present_in_fresh_enabled_view_no_disable_action_recorded
RW3057,absent_before_and_after,not_present_in_fresh_enabled_view_no_disable_action_recorded
RW3063,ended_and_absent_on_final_check,disabled_saved_and_absent_from_fresh_enabled_view
RW3068,absent_before_and_after,not_present_in_fresh_enabled_view_no_disable_action_recorded
RW3069,ended_and_absent_on_final_check,disabled_saved_and_absent_from_fresh_enabled_view
RW3071,ended_and_absent_on_final_check,disabled_saved_and_absent_from_fresh_enabled_view
RW3072,absent_before_and_after,disabled_saved_and_absent_from_fresh_enabled_view
RW3093,absent_before_and_after,not_present_in_fresh_enabled_view_no_disable_action_recorded
T3420,absent_before_and_after,not_present_in_fresh_enabled_view_no_disable_action_recorded
T3428,absent_before_and_after,not_present_in_fresh_enabled_view_no_disable_action_recorded
T3505,absent_before_and_after,not_present_in_fresh_enabled_view_no_disable_action_recorded
T3514,absent_before_and_after,not_present_in_fresh_enabled_view_no_disable_action_recorded
T3536,absent_before_and_after,not_present_in_fresh_enabled_view_no_disable_action_recorded
T3579,absent_before_and_after,not_present_in_fresh_enabled_view_no_disable_action_recorded
T3581,absent_before_and_after,not_present_in_fresh_enabled_view_no_disable_action_recorded
T3599,absent_before_and_after,not_present_in_fresh_enabled_view_no_disable_action_recorded
T3603,absent_before_and_after,not_present_in_fresh_enabled_view_no_disable_action_recorded
T3627,absent_before_and_after,not_present_in_fresh_enabled_view_no_disable_action_recorded
T3638,absent_before_and_after,not_present_in_fresh_enabled_view_no_disable_action_recorded
T3644,absent_before_and_after,not_present_in_fresh_enabled_view_no_disable_action_recorded
T3654,absent_before_and_after,not_present_in_fresh_enabled_view_no_disable_action_recorded
T3655,absent_before_and_after,not_present_in_fresh_enabled_view_no_disable_action_recorded
T3656,absent_before_and_after,not_present_in_fresh_enabled_view_no_disable_action_recorded
T3658,absent_before_and_after,not_present_in_fresh_enabled_view_no_disable_action_recorded
T3668,absent_before_and_after,not_present_in_fresh_enabled_view_no_disable_action_recorded
T3674,absent_before_and_after,not_present_in_fresh_enabled_view_no_disable_action_recorded
T3681,absent_before_and_after,not_present_in_fresh_enabled_view_no_disable_action_recorded
T3685,absent_before_and_after,not_present_in_fresh_enabled_view_no_disable_action_recorded
T3692,absent_before_and_after,not_present_in_fresh_enabled_view_no_disable_action_recorded
T3696,absent_before_and_after,not_present_in_fresh_enabled_view_no_disable_action_recorded
T3697,absent_before_and_after,not_present_in_fresh_enabled_view_no_disable_action_recorded
T3704,absent_before_and_after,not_present_in_fresh_enabled_view_no_disable_action_recorded
T3707,absent_before_and_after,not_present_in_fresh_enabled_view_no_disable_action_recorded
T3714,absent_before_and_after,not_present_in_fresh_enabled_view_no_disable_action_recorded
T3725,absent_before_and_after,not_present_in_fresh_enabled_view_no_disable_action_recorded
T3726,absent_before_and_after,not_present_in_fresh_enabled_view_no_disable_action_recorded
T3727,absent_before_and_after,not_present_in_fresh_enabled_view_no_disable_action_recorded
T3731,absent_before_and_after,not_present_in_fresh_enabled_view_no_disable_action_recorded
T3736,absent_before_and_after,not_present_in_fresh_enabled_view_no_disable_action_recorded
T3739,absent_before_and_after,not_present_in_fresh_enabled_view_no_disable_action_recorded
T3742,absent_before_and_after,not_present_in_fresh_enabled_view_no_disable_action_recorded
T3743,absent_before_and_after,not_present_in_fresh_enabled_view_no_disable_action_recorded
T3749,absent_before_and_after,not_present_in_fresh_enabled_view_no_disable_action_recorded
U1036,absent_before_and_after,not_present_in_fresh_enabled_view_no_disable_action_recorded
U1037,absent_before_and_after,not_present_in_fresh_enabled_view_no_disable_action_recorded
U1039,absent_before_and_after,not_present_in_fresh_enabled_view_no_disable_action_recorded
U1064,absent_before_and_after,not_present_in_fresh_enabled_view_no_disable_action_recorded
U1071,absent_before_and_after,not_present_in_fresh_enabled_view_no_disable_action_recorded
U1074,absent_before_and_after,not_present_in_fresh_enabled_view_no_disable_action_recorded
U1089,absent_before_and_after,not_present_in_fresh_enabled_view_no_disable_action_recorded
U1098,absent_before_and_after,not_present_in_fresh_enabled_view_no_disable_action_recorded
U1099,absent_before_and_after,not_present_in_fresh_enabled_view_no_disable_action_recorded
U1122,absent_before_and_after,not_present_in_fresh_enabled_view_no_disable_action_recorded
U1143,absent_before_and_after,not_present_in_fresh_enabled_view_no_disable_action_recorded
U1155,absent_before_and_after,not_present_in_fresh_enabled_view_no_disable_action_recorded
U1156,absent_before_and_after,not_present_in_fresh_enabled_view_no_disable_action_recorded
U1158,ended_and_absent_on_final_check,disabled_saved_and_absent_from_fresh_enabled_view
U1159,absent_before_and_after,disabled_saved_and_absent_from_fresh_enabled_view
U1160,absent_before_and_after,not_present_in_fresh_enabled_view_no_disable_action_recorded
U1161,absent_before_and_after,not_present_in_fresh_enabled_view_no_disable_action_recorded
U1162,absent_before_and_after,not_present_in_fresh_enabled_view_no_disable_action_recorded
U1168,absent_before_and_after,not_present_in_fresh_enabled_view_no_disable_action_recorded
U1169,absent_before_and_after,disabled_saved_and_absent_from_fresh_enabled_view
U1175,absent_before_and_after,not_present_in_fresh_enabled_view_no_disable_action_recorded
U1176,absent_before_and_after,not_present_in_fresh_enabled_view_no_disable_action_recorded
U1187,ended_and_absent_on_final_check,disabled_saved_and_absent_from_fresh_enabled_view
U1217,absent_before_and_after,not_present_in_fresh_enabled_view_no_disable_action_recorded
U1218,absent_before_and_after,not_present_in_fresh_enabled_view_no_disable_action_recorded
U1227,absent_before_and_after,not_present_in_fresh_enabled_view_no_disable_action_recorded
U3209,absent_before_and_after,not_present_in_fresh_enabled_view_no_disable_action_recorded
U3223,absent_before_and_after,not_present_in_fresh_enabled_view_no_disable_action_recorded
U3226,absent_before_and_after,not_present_in_fresh_enabled_view_no_disable_action_recorded
U3227,absent_before_and_after,not_present_in_fresh_enabled_view_no_disable_action_recorded
U3231,absent_before_and_after,not_present_in_fresh_enabled_view_no_disable_action_recorded
U3687,absent_before_and_after,not_present_in_fresh_enabled_view_no_disable_action_recorded
U3921,absent_before_and_after,not_present_in_fresh_enabled_view_no_disable_action_recorded
U3953,absent_before_and_after,not_present_in_fresh_enabled_view_no_disable_action_recorded
U3985,absent_before_and_after,not_present_in_fresh_enabled_view_no_disable_action_recorded
U4094,absent_before_and_after,not_present_in_fresh_enabled_view_no_disable_action_recorded
U4156,absent_before_and_after,not_present_in_fresh_enabled_view_no_disable_action_recorded
U4166,absent_before_and_after,not_present_in_fresh_enabled_view_no_disable_action_recorded
U7075,absent_before_and_after,not_present_in_fresh_enabled_view_no_disable_action_recorded
U87577,absent_before_and_after,not_present_in_fresh_enabled_view_no_disable_action_recorded
U8759,absent_before_and_after,not_present_in_fresh_enabled_view_no_disable_action_recorded
U8935,absent_before_and_after,not_present_in_fresh_enabled_view_no_disable_action_recorded
U9084,absent_before_and_after,not_present_in_fresh_enabled_view_no_disable_action_recorded
U9185,absent_before_and_after,not_present_in_fresh_enabled_view_no_disable_action_recorded
U9329,absent_before_and_after,not_present_in_fresh_enabled_view_no_disable_action_recorded
U9376,absent_before_and_after,not_present_in_fresh_enabled_view_no_disable_action_recorded
U9700,absent_before_and_after,not_present_in_fresh_enabled_view_no_disable_action_recorded
U9709,absent_before_and_after,not_present_in_fresh_enabled_view_no_disable_action_recorded
